inventory,segment,kind,start_scan,end_scan,n_scans,boundary,start_logit,end_logit,toc_csv_ids,toc_title,parent_csv_id,align_score,placed_by,evidence
1111,0,non-document,NL-HaNA_1.04.02_1111_0001,NL-HaNA_1.04.02_1111_0010,10,gap,-11.426,-5.366,,,,,,
1111,1,unindexed,NL-HaNA_1.04.02_1111_0011,NL-HaNA_1.04.02_1111_0095,85,first,-1.031,-0.186,,,,,,"{""kind"": ""unindexed"", ""boundary"": ""first"", ""start"": {""filename"": ""NL-HaNA_1.04.02_1111_0011"", ""p_start"": 0.263, ""p_same_scan"": 0.0, ""header"": ""15 Augustus"", ""header_date"": """", ""header_date_across"": """", ""number"": null, ""text_start"": ""jonghste aduijsen 21 februarij ten 41 martij 1674. 5B LaRERNNN: \n15 Augustus \nE: Erntfeste, wijse, voorsienige ende seer discrete heeren. Onsen Jongsten aen vEd"", ""formulas"": ""salutation"", ""best_toc_match"": """", ""why_start"": [[""very little text (previous scan)"", 0.92], [""date in header"", 0.85], [""text length differs from previous page"", 0.81], [""opening (genre word or salutation) below the top"", 0.67]]}, ""end"": {""filename"": ""NL-HaNA_1.04.02_1111_0095"", ""p_end"": 0.454, ""signature"": """", ""signature_kind"": """", ""text_end"": "" sullen desen afsnijden belovende uE: geene advijsen schuldich te blijven als der volgende vloote tusschen primo ende vijfden December toecomende van hier vertr"", ""formulas"": ""closing formula"", ""why_end"": [[""quire mark on this page (next scan)"", 1.05], [""closing formula at the end (Accordeert, onderstond, ...)"", 0.76], [""text length differs from previous page (next scan)"", 0.75], [""opening (genre word or salutation) below the top"", 0.44]]}}"
1111,2,non-document,NL-HaNA_1.04.02_1111_0096,NL-HaNA_1.04.02_1111_0098,3,gap,-5.908,-3.057,,,,,,
1111,3,toc,NL-HaNA_1.04.02_1111_0099,NL-HaNA_1.04.02_1111_0172,74,gap,-0.206,0.074,4409,Originele generale missive in dato 15 Augustus 1634.,,1.275,text,"{""kind"": ""toc"", ""boundary"": ""gap"", ""start"": {""filename"": ""NL-HaNA_1.04.02_1111_0099"", ""p_start"": 0.449, ""p_same_scan"": 0.0, ""header"": ""Wijst"", ""header_date"": """", ""header_date_across"": """", ""number"": null, ""text_start"": ""Wijst \nrie ee e voorsien en ende Leer discrete 1 n er ae dat hare UE. O: e elle den Rouw Generael ende Raden van India op den 15e augustij 1634: uijt „gerust, e"", ""formulas"": """", ""best_toc_match"": ""44%: Originele generale missive in dato 15 Augustus 1634."", ""why_start"": [[""previous page blank"", -2.97], [""text length differs from previous page"", 1.71], [""amount of text (previous scan)"", 1.37], [""how far down the page the text reaches (previous scan)"", 1.08]]}, ""end"": {""filename"": ""NL-HaNA_1.04.02_1111_0172"", ""p_end"": 0.519, ""signature"": ""Pieter ack"", ""signature_kind"": ""signed"", ""text_end"": ""icheijt ijverlijck gedient heeft VW Ed: aldergetrouwt datum in het schip banda dienaer hoochte van 40. graden Noorder breedt ende op de Langte van 4½ Pieter ack"", ""formulas"": ""closing formula"", ""why_end"": [[""text length differs from previous page (next scan)"", 2.95], [""amount of text (next scan)"", 2.78], [""no text (next scan)"", -2.16], [""blank page (next scan)"", -1.56]]}, ""toc"": {""placed_by"": ""text"", ""placement_score"": 1.28, ""toc_start_number"": 1, ""toc_end_number"": 43, ""number_on_start_scan"": null, ""numbers_around_start"": [null, null, null], ""toc_date"": """", ""header_date_near_start"": """"}}"
1111,4,non-document,NL-HaNA_1.04.02_1111_0173,NL-HaNA_1.04.02_1111_0174,2,gap,-5.06,-5.88,,,,,,
1111,5,unindexed,NL-HaNA_1.04.02_1111_0175,NL-HaNA_1.04.02_1111_0217,43,gap,-0.511,-3.628,,,,,,"{""kind"": ""unindexed"", ""boundary"": ""gap"", ""start"": {""filename"": ""NL-HaNA_1.04.02_1111_0175"", ""p_start"": 0.375, ""p_same_scan"": 0.015, ""header"": """", ""header_date"": """", ""header_date_across"": """", ""number"": 63.0, ""text_start"": ""5en. Aug. 1634 SRRES AREELIEE. overleden Aencomptste van vaderlandse schepen Erntfeste wijse voorsienige ende seer discrete Heeren. Onse Jongste aen u E is gewe"", ""formulas"": ""salutation"", ""best_toc_match"": """", ""why_start"": [[""previous page blank"", -2.97], [""text length differs from previous page"", 2.8], [""amount of text (previous scan)"", 2.02], [""date in header"", 0.85]]}, ""end"": {""filename"": ""NL-HaNA_1.04.02_1111_0217"", ""p_end"": 0.026, ""signature"": """", ""signature_kind"": """", ""text_end"": ""n selven daege Joegen noch aende wal inde strate van Bencalis een gelijck portugijsch schip dat den Vijant aen brant stack soo datter niets off gesalveert wiert"", ""formulas"": """", ""why_end"": [[""ToC entry starts on this page number (next scan)"", 1.06], [""amount of text (next scan)"", -0.55], [""marginalia on previous page"", -0.5], [""centred heading below the top"", 0.37]]}}"
1111,6,toc,NL-HaNA_1.04.02_1111_0218,NL-HaNA_1.04.02_1111_0304,87,adjacent,-4.494,-1.993,4410,Originele missive van Pieter Vlack uijt het schip Banda aen bewinthebberen in datis 31 December 1634 en 4 Junij 1635.,,-0.494,exact,"{""kind"": ""toc"", ""boundary"": ""adjacent"", ""start"": {""filename"": ""NL-HaNA_1.04.02_1111_0218"", ""p_start"": 0.011, ""p_same_scan"": 0.256, ""header"": """", ""header_date"": """", ""header_date_across"": """", ""number"": 44.0, ""text_start"": ""den 24=en d. o veroveren omtrent Pera een verlaten Jonckjen geladen met sout tamerinde, swarte suijcker, ajuijn, loock, eijeren, 2000 oude Cocos ende eenige wei"", ""formulas"": ""closing formula"", ""best_toc_match"": """", ""why_start"": [[""ToC entry starts on this page number"", 1.64], [""date in header"", 0.85], [""header date same as previous"", -0.47], [""text matches a ToC description"", -0.41]]}, ""end"": {""filename"": ""NL-HaNA_1.04.02_1111_0304"", ""p_end"": 0.12, ""signature"": """", ""signature_kind"": """", ""text_end"": """", ""formulas"": ""opens with genre word"", ""why_end"": [[""amount of text (next scan)"", 2.78], [""no text (next scan)"", -2.16], [""text length differs from previous page (next scan)"", 1.83], [""how far down the page the text reaches"", 1.64]]}, ""toc"": {""placed_by"": ""exact"", ""placement_score"": -0.49, ""toc_start_number"": 44, ""toc_end_number"": 80, ""number_on_start_scan"": 44.0, ""numbers_around_start"": [null, 44.0, null], ""toc_date"": """", ""header_date_near_start"": """"}}"
1111,7,non-document,NL-HaNA_1.04.02_1111_0305,NL-HaNA_1.04.02_1111_0306,2,gap,-5.687,-3.925,,,,,,
1111,8,toc,NL-HaNA_1.04.02_1111_0307,NL-HaNA_1.04.02_1111_0313,7,gap,3.486,-1.441,4411,Originele generale missive van 27 December 1634 met originele missive van den gouverneur generaal Henrick Brouwer van 8 Januarij 1635.,,3.486,evidence,"{""kind"": ""toc"", ""boundary"": ""gap"", ""start"": {""filename"": ""NL-HaNA_1.04.02_1111_0307"", ""p_start"": 0.97, ""p_same_scan"": 0.008, ""header"": """", ""header_date"": """", ""header_date_across"": """", ""number"": 146.0, ""text_start"": ""folio Register van Inhoud deser Generaele Missive — Cleijnen retour eijsch bestaende in 1' Jongste schrijven op den 15=en aug. o 1634. 13 Tonnen Gouts van Compe"", ""formulas"": ""opens with genre word"", ""best_toc_match"": """", ""why_start"": [[""previous page blank"", -2.97], [""text length differs from previous page"", 2.85], [""amount of text (previous scan)"", 2.02], [""how far down the page the text reaches (previous scan)"", 1.3]]}, ""end"": {""filename"": ""NL-HaNA_1.04.02_1111_0313"", ""p_end"": 0.191, ""signature"": """", ""signature_kind"": """", ""text_end"": ""s gemargineert ende achteraen met een Register versien Jochum Pietersz Deens Schipper Oorginele geteijckende Monsterrollen ende Dacte van verbant gaen mede over"", ""formulas"": """", ""why_end"": [[""text length differs from previous page (next scan)"", 3.23], [""amount of text (next scan)"", 2.78], [""no text (next scan)"", -2.16], [""blank page (next scan)"", -1.56]]}, ""toc"": {""placed_by"": ""evidence"", ""placement_score"": 3.49, ""toc_start_number"": 81, ""toc_end_number"": 149, ""number_on_start_scan"": 146.0, ""numbers_around_start"": [null, 146.0, null], ""toc_date"": """", ""header_date_near_start"": """"}}"
1111,9,non-document,NL-HaNA_1.04.02_1111_0314,NL-HaNA_1.04.02_1111_0318,5,gap,-7.12,-3.871,,,,,,
1111,10,toc,NL-HaNA_1.04.02_1111_0319,NL-HaNA_1.04.02_1111_0338,20,gap,3.388,1.921,4412,Particuliere missive van gouverneur generaal Henrick Brouwer aen de heeren zeventienen en aen de particuliere cameren in dato 15 Augustus 1634.,,4.477,interpolated,"{""kind"": ""toc"", ""boundary"": ""gap"", ""start"": {""filename"": ""NL-HaNA_1.04.02_1111_0319"", ""p_start"": 0.967, ""p_same_scan"": 0.018, ""header"": """", ""header_date"": """", ""header_date_across"": """", ""number"": null, ""text_start"": ""Particuliere missive des Gual 102 Aende Heeren Sevenchiene &ne Aende Particuliere Cameren Erntfeste wijse voorsienige ende seer discrete Heeren De Missive aen m"", ""formulas"": ""opens with genre word, salutation, closing then new opening on the page"", ""best_toc_match"": ""56%: Particuliere missive aen de camer tot Amsterdam in dato 27 December 1634."", ""why_start"": [[""previous page blank"", -2.97], [""text length differs from previous page"", 2.81], [""amount of text (previous scan)"", 2.02], [""how far down the page the text reaches (previous scan)"", 1.07]]}, ""end"": {""filename"": ""NL-HaNA_1.04.02_1111_0338"", ""p_end"": 0.872, ""signature"": """", ""signature_kind"": """", ""text_end"": "" ende vermeerderinghe van alle u E Indische saecken Aldus gedaen Jn VE: Casteel Batavia desen 15=en augo A. o 16349 uE Troule schuldigen Dienaer Henrick Brouwer"", ""formulas"": ""closing formula, place and date at end"", ""why_end"": [[""text length differs from previous page (next scan)"", 3.15], [""amount of text (next scan)"", 2.78], [""no text (next scan)"", -2.16], [""blank page (next scan)"", -1.56]]}, ""toc"": {""placed_by"": ""interpolated"", ""placement_score"": 4.48, ""toc_start_number"": 150, ""toc_end_number"": 159, ""number_on_start_scan"": null, ""numbers_around_start"": [null, null, 132.0], ""toc_date"": """", ""header_date_near_start"": """"}}"
1111,11,non-document,NL-HaNA_1.04.02_1111_0339,NL-HaNA_1.04.02_1111_0342,4,gap,-4.56,-3.211,,,,,,
1111,12,toc,NL-HaNA_1.04.02_1111_0343,NL-HaNA_1.04.02_1111_0371,29,gap,1.933,2.848,4413,Particuliere missive van den gouverneur generaal en de raeden van Indien aen de camer tot Delft in dato 27 December 1634.,,3.925,interpolated,"{""kind"": ""toc"", ""boundary"": ""gap"", ""start"": {""filename"": ""NL-HaNA_1.04.02_1111_0343"", ""p_start"": 0.874, ""p_same_scan"": 0.0, ""header"": ""vand Particuliere missive aende Camere tot Delft"", ""header_date"": """", ""header_date_across"": """", ""number"": null, ""text_start"": ""Dec. 27. October S274D ƒ Ca HE \nvand Particuliere missive aende Camere tot Delft \nErntfeste, Achtbare, wijse, voorsienige, seer Discrete Heeren. De missive van "", ""formulas"": ""opens with genre word, salutation"", ""best_toc_match"": ""56%: Particuliere missive aen de camer tot Amsterdam in dato 27 December 1634."", ""why_start"": [[""previous page blank"", -2.97], [""text length differs from previous page"", 2.78], [""amount of text (previous scan)"", 2.02], [""how far down the page the text reaches (previous scan)"", 1.04]]}, ""end"": {""filename"": ""NL-HaNA_1.04.02_1111_0371"", ""p_end"": 0.945, ""signature"": ""Jan vander Burch"", ""signature_kind"": ""signed"", ""text_end"": ""en bevolen. — Actum int Casteel Bata desen 27e xber. Ao. 1634 n E Troulb schuldige Dienaeren Henrick Brouwer Jan van Broeckan Antonio van demen Jan vander Burch"", ""formulas"": ""closing formula, place and date at end"", ""why_end"": [[""text length differs from previous page (next scan)"", 3.3], [""amount of text (next scan)"", 2.78], [""no text (next scan)"", -2.16], [""blank page (next scan)"", -1.56]]}, ""toc"": {""placed_by"": ""interpolated"", ""placement_score"": 3.92, ""toc_start_number"": 160, ""toc_end_number"": 174, ""number_on_start_scan"": null, ""numbers_around_start"": [null, null, null], ""toc_date"": """", ""header_date_near_start"": """"}}"
1111,13,non-document,NL-HaNA_1.04.02_1111_0372,NL-HaNA_1.04.02_1111_0372,1,gap,-3.812,-5.163,,,,,,
1111,14,toc,NL-HaNA_1.04.02_1111_0373,NL-HaNA_1.04.02_1111_0392,20,gap,0.535,-1.889,4414,Particuliere missive aen de camer tot Amsterdam in dato 27 December 1634.,,3.867,interpolated,"{""kind"": ""toc"", ""boundary"": ""gap"", ""start"": {""filename"": ""NL-HaNA_1.04.02_1111_0373"", ""p_start"": 0.631, ""p_same_scan"": 0.005, ""header"": """", ""header_date"": """", ""header_date_across"": """", ""number"": null, ""text_start"": ""ƒ 90000-„- van d'heeren Bewinthebberen ter camere tot Amsterdam. Erentfeste, acht baere, wijse voorsienige heeren. Met V. E Schepen Wassenaer adn 16en. Junij pr"", ""formulas"": ""salutation"", ""best_toc_match"": ""48%: Particuliere missive aen de camer tot Amsterdam in dato 27 December 1634."", ""why_start"": [[""previous page blank"", -2.97], [""text length differs from previous page"", 2.66], [""amount of text (previous scan)"", 2.02], [""how far down the page the text reaches (previous scan)"", 0.98]]}, ""end"": {""filename"": ""NL-HaNA_1.04.02_1111_0392"", ""p_end"": 0.131, ""signature"": ""d"", ""signature_kind"": ""quire"", ""text_end"": "" beuilen, gess. in Batta. desen 27e. December @o. 1634 V. E: trouschuldige Dienaren Henrick Brouwer Antonio van diemen e Jan vander Burch Jemr. van Broeckem : d"", ""formulas"": ""closing formula"", ""why_end"": [[""closing formula at the end (Accordeert, onderstond, ...)"", 0.76], [""closing formula halfway down the page, text below"", 0.73], [""amount of text (next scan)"", -0.59], [""centred heading below the top"", 0.37]]}, ""toc"": {""placed_by"": ""interpolated"", ""placement_score"": 3.87, ""toc_start_number"": 175, ""toc_end_number"": 185, ""number_on_start_scan"": null, ""numbers_around_start"": [null, null, null], ""toc_date"": """", ""header_date_near_start"": """"}}"
1111,15,toc,NL-HaNA_1.04.02_1111_0393,NL-HaNA_1.04.02_1111_0565,173,adjacent,-0.713,1.044,4415,Copieboeck van uitgaende missiven aen diverse quartieren van 29 December 1633 - 20 December 1634.,,0.787,interpolated,"{""kind"": ""toc"", ""boundary"": ""adjacent"", ""start"": {""filename"": ""NL-HaNA_1.04.02_1111_0393"", ""p_start"": 0.329, ""p_same_scan"": 0.037, ""header"": """", ""header_date"": """", ""header_date_across"": """", ""number"": null, ""text_start"": ""Jnstructie voor den Oppercoopman Willem Jacobsz, den schipper Jacob Jansz van Enchuijsen ende den scheepsraet des schips Revengie om te seijlen naer, Tico ende "", ""formulas"": """", ""best_toc_match"": """", ""why_start"": [[""closing formula at the end (Accordeert, onderstond, ...) (previous scan)"", 0.98], [""date in header"", 0.85], [""quire mark on previous page"", 0.72], [""quire mark on this page (previous scan)"", 0.72]]}, ""end"": {""filename"": ""NL-HaNA_1.04.02_1111_0565"", ""p_end"": 0.74, ""signature"": """", ""signature_kind"": """", ""text_end"": ""en februavij Anno 1634 Onderstont VE Trouschuldige Dienaeren. Ende was onderteeckent, Henrick Brouwer, Antonio van Diemen, Pieter Vlack. Ende Joan vander Burch,"", ""formulas"": ""closing formula, place and date at end"", ""why_end"": [[""place and date at the end"", 1.15], [""header after pages without header (next scan)"", 0.76], [""closing formula at the end (Accordeert, onderstond, ...)"", 0.76], [""closing formula halfway down the page, text below"", 0.73]]}, ""toc"": {""placed_by"": ""interpolated"", ""placement_score"": 0.79, ""toc_start_number"": 185, ""toc_end_number"": 686, ""number_on_start_scan"": null, ""numbers_around_start"": [null, null, null], ""toc_date"": """", ""header_date_near_start"": """"}}"
1111,16,subdoc,NL-HaNA_1.04.02_1111_0566,NL-HaNA_1.04.02_1111_0618,53,adjacent,0.09,-1.561,,,4415.0,,,"{""kind"": ""subdoc"", ""boundary"": ""adjacent"", ""start"": {""filename"": ""NL-HaNA_1.04.02_1111_0566"", ""p_start"": 0.523, ""p_same_scan"": 0.004, ""header"": ""Aenden Commandeur vant Engelse schip den Dolphijn. Achtbare wijse voorsienige ende seer discr"", ""header_date"": """", ""header_date_across"": """", ""number"": null, ""text_start"": ""Aenden Commandeur vant Engelse schip den Dolphijn. Achtbare wijse voorsienige ende seer discr \n88 „te Met d'aencompste van ons schip s'Hertogenbosch, van voor B"", ""formulas"": ""opens with genre word, salutation"", ""best_toc_match"": """", ""why_start"": [[""closing formula at the end (Accordeert, onderstond, ...) (previous scan)"", 0.98], [""date in header"", 0.85], [""place and date at the end (previous scan)"", 0.75], [""opening (genre word or salutation) below the top"", 0.67]]}, ""end"": {""filename"": ""NL-HaNA_1.04.02_1111_0618"", ""p_end"": 0.173, ""signature"": """", ""signature_kind"": """", ""text_end"": ""racht hebben, Actum int Casteel Batavia desen 11=en maert Anno xviC vierendertich, was ondt. Henricq brouwerAntonij van diemen, Pieter Vlack, Jan vander Burch &"", ""formulas"": """", ""why_end"": [[""text length differs from previous page (next scan)"", 3.36], [""amount of text (next scan)"", 2.78], [""no text (next scan)"", -2.16], [""blank page (next scan)"", -1.56]]}}"
1111,17,non-document,NL-HaNA_1.04.02_1111_0619,NL-HaNA_1.04.02_1111_0619,1,gap,-6.643,-3.595,,,,,,
1111,18,subdoc,NL-HaNA_1.04.02_1111_0620,NL-HaNA_1.04.02_1111_0989,370,gap,1.408,0.866,,,4415.0,,,"{""kind"": ""subdoc"", ""boundary"": ""gap"", ""start"": {""filename"": ""NL-HaNA_1.04.02_1111_0620"", ""p_start"": 0.804, ""p_same_scan"": 0.0, ""header"": ""Voor Macassar aenden Commandeur Gijsbert"", ""header_date"": """", ""header_date_across"": """", ""number"": null, ""text_start"": ""van Lodensteijn 15 meert A„o 1634 \nVoor Macassar aenden Commandeur Gijsbert \nErntheste Eersame seer Discrete, Met het schip Texcel naer Moluco ende ons Vl a Jac"", ""formulas"": ""closing formula"", ""best_toc_match"": """", ""why_start"": [[""previous page blank"", -2.97], [""text length differs from previous page"", 2.55], [""amount of text (previous scan)"", 2.02], [""how low on the page the text starts"", 1.51]]}, ""end"": {""filename"": ""NL-HaNA_1.04.02_1111_0989"", ""p_end"": 0.704, ""signature"": """", ""signature_kind"": """", ""text_end"": ""e ons een wel gevallen geschieden sal /. Actum In't Casteel Battavia desen Vijffthienden augusto Anno xvjc: ende Vierendertich, Onderstondt Henrijcq Brouwer/. —"", ""formulas"": ""closing formula"", ""why_end"": [[""text length differs from previous page (next scan)"", 1.63], [""amount of text (next scan)"", 1.34], [""share of digits (next scan)"", -0.98], [""closing formula at the end (Accordeert, onderstond, ...)"", 0.76]]}}"
1111,19,non-document,NL-HaNA_1.04.02_1111_0990,NL-HaNA_1.04.02_1111_0996,7,gap,-2.68,-3.899,,,,,,
1111,20,subdoc,NL-HaNA_1.04.02_1111_0997,NL-HaNA_1.04.02_1111_1401,405,gap,0.866,4.009,,,4415.0,,,"{""kind"": ""subdoc"", ""boundary"": ""gap"", ""start"": {""filename"": ""NL-HaNA_1.04.02_1111_0997"", ""p_start"": 0.704, ""p_same_scan"": 0.004, ""header"": """", ""header_date"": """", ""header_date_across"": """", ""number"": 484.0, ""text_start"": ""Catte aen Jacob vander directeur over de CompIn In Indostan Eersame voorsieninge en seer discrete UL: missive vanden 30=en december lestleden is ons met leijen "", ""formulas"": ""opens with genre word"", ""best_toc_match"": """", ""why_start"": [[""previous page blank"", -2.97], [""text length differs from previous page"", 2.76], [""amount of text (previous scan)"", 2.02], [""how far down the page the text reaches (previous scan)"", 1.3]]}, ""end"": {""filename"": ""NL-HaNA_1.04.02_1111_1401"", ""p_end"": 0.982, ""signature"": """", ""signature_kind"": """", ""text_end"": ""vrundelijk groeten ene Gode beveelen actum Int Casteel Batava desen 20 december 1634 onderstont u E dienstwilligen vrundt ende was onderteeckent Henrick Brouwer"", ""formulas"": ""opens with genre word, closing formula, place and date at end"", ""why_end"": [[""text length differs from previous page (next scan)"", 3.21], [""amount of text (next scan)"", 2.78], [""no text (next scan)"", -2.16], [""blank page (next scan)"", -1.56]]}}"
1111,21,subdoc,NL-HaNA_1.04.02_1111_1401,NL-HaNA_1.04.02_1111_1401,1,shared,-0.231,4.009,,,4415.0,,,"{""kind"": ""subdoc"", ""boundary"": ""shared"", ""start"": {""filename"": ""NL-HaNA_1.04.02_1111_1401"", ""p_start"": 0.443, ""p_same_scan"": 0.783, ""header"": """", ""header_date"": """", ""header_date_across"": """", ""number"": 686.0, ""text_start"": ""Bantam Aen George Willonghbij president van Engelsche Compe. tot Erentheste voorsieninge seer discrete heere De missive vanden 25 Novem is ons met een Chinees J"", ""formulas"": ""opens with genre word, closing formula, place and date at end"", ""best_toc_match"": """", ""why_start"": [[""closing formula halfway down the page, text below"", 0.86], [""date in header"", 0.85], [""place and date at the end (previous scan)"", 0.75], [""opening (genre word or salutation) below the top"", 0.67]]}, ""end"": {""filename"": ""NL-HaNA_1.04.02_1111_1401"", ""p_end"": 0.982, ""signature"": """", ""signature_kind"": """", ""text_end"": ""vrundelijk groeten ene Gode beveelen actum Int Casteel Batava desen 20 december 1634 onderstont u E dienstwilligen vrundt ende was onderteeckent Henrick Brouwer"", ""formulas"": ""opens with genre word, closing formula, place and date at end"", ""why_end"": [[""text length differs from previous page (next scan)"", 3.21], [""amount of text (next scan)"", 2.78], [""no text (next scan)"", -2.16], [""blank page (next scan)"", -1.56]]}}"
1111,22,non-document,NL-HaNA_1.04.02_1111_1402,NL-HaNA_1.04.02_1111_1428,27,gap,-3.725,-6.558,,,,,,
2222,0,non-document,NL-HaNA_1.04.02_2222_0001,NL-HaNA_1.04.02_2222_0005,5,gap,-11.801,-9.353,,,,,,
2222,1,toc,NL-HaNA_1.04.02_2222_0006,NL-HaNA_1.04.02_2222_0185,180,first,-1.251,0.608,221040,"Copie resolutie in rade van Politie tot Colombo genomen seder
21 November 1731 tot 12 December 1732.",,1.082,text,"{""kind"": ""toc"", ""boundary"": ""first"", ""start"": {""filename"": ""NL-HaNA_1.04.02_2222_0006"", ""p_start"": 0.223, ""p_same_scan"": 0.003, ""header"": """", ""header_date"": """", ""header_date_across"": """", ""number"": null, ""text_start"": ""Woensdag voor en nademiddag den 21: =November A:o 1731. present den wel Edelen agtb: heer gouvern:r Stephanus Versluijs „ E: hooft- administrateur Adriaan Maten"", ""formulas"": ""salutation"", ""best_toc_match"": ""54%: Copie resolutie in rade van Politie tot Colombo genomen seder\n21 November 1731 t"", ""why_start"": [[""previous page blank"", -2.97], [""text length differs from previous page"", 2.26], [""near start of inventory (previous scan)"", -2.11], [""amount of text (previous scan)"", 2.02]]}, ""end"": {""filename"": ""NL-HaNA_1.04.02_2222_0185"", ""p_end"": 0.647, ""signature"": """", ""signature_kind"": """", ""text_end"": ""r Present. den wel Edelen heer Gouverneur Stephanus versluijs, „ E: p:o hooft administrateur Adriaan van Bek, Gerrit Kalden, „ „ Capitain. Johan Wilhelm Schnee,"", ""formulas"": ""place and date at end, closing then new opening on the page"", ""why_end"": [[""place and date at the end"", 1.15], [""closing formula followed by a new opening on the page"", 1.07], [""closing formula halfway down the page, text below"", 0.73], [""opening (genre word or salutation) below the top"", 0.44]]}, ""toc"": {""placed_by"": ""text"", ""placement_score"": 1.08, ""toc_start_number"": 425, ""toc_end_number"": 913, ""number_on_start_scan"": null, ""numbers_around_start"": [null, null, null], ""toc_date"": ""1731-11-21 – 1732-12-12"", ""header_date_near_start"": """"}}"
2222,2,subdoc,NL-HaNA_1.04.02_2222_0185,NL-HaNA_1.04.02_2222_0190,6,shared,0.536,0.508,,,221040.0,,,"{""kind"": ""subdoc"", ""boundary"": ""shared"", ""start"": {""filename"": ""NL-HaNA_1.04.02_2222_0185"", ""p_start"": 0.631, ""p_same_scan"": 0.946, ""header"": """", ""header_date"": """", ""header_date_across"": """", ""number"": null, ""text_start"": ""moeten verblijven, dewijl men alhier niet gewoon is imand van die Caliber Binnen dit Casteel met so een gevolg t'admitteeren ofte eenige gewapende manschap binn"", ""formulas"": ""place and date at end, closing then new opening on the page"", ""best_toc_match"": """", ""why_start"": [[""closing formula halfway down the page, text below"", 0.86], [""date in header"", 0.85], [""closing formula followed by a new opening on the page"", 0.82], [""opening (genre word or salutation) below the top"", 0.67]]}, ""end"": {""filename"": ""NL-HaNA_1.04.02_2222_0190"", ""p_end"": 0.624, ""signature"": """", ""signature_kind"": """", ""text_end"": ""rneur en Raad Bekend te maken. hoe sijn Ed: de gepasseerde nagt door ontfangst van een brief van Caliture kennisse heeft gekregen dat den gaal 's Commandeur van"", ""formulas"": ""place and date at end, closing then new opening on the page"", ""why_end"": [[""place and date at the end"", 1.15], [""closing formula followed by a new opening on the page"", 1.07], [""closing formula halfway down the page, text below"", 0.73], [""opening (genre word or salutation) below the top"", 0.44]]}}"
2222,3,subdoc,NL-HaNA_1.04.02_2222_0190,NL-HaNA_1.04.02_2222_0490,301,shared,-0.39,0.892,,,221040.0,,,"{""kind"": ""subdoc"", ""boundary"": ""shared"", ""start"": {""filename"": ""NL-HaNA_1.04.02_2222_0190"", ""p_start"": 0.404, ""p_same_scan"": 0.958, ""header"": """", ""header_date"": """", ""header_date_across"": """", ""number"": null, ""text_start"": ""militairen insgelijx kennisse sullen moeten geven door sodanigen geschrift als hier onder agter het voormelte Caliturese briefken g'insereert is. Colombo. Aan d"", ""formulas"": ""place and date at end, closing then new opening on the page"", ""best_toc_match"": """", ""why_start"": [[""closing formula halfway down the page, text below"", 0.86], [""date in header"", 0.85], [""closing formula followed by a new opening on the page"", 0.82], [""opening (genre word or salutation) below the top"", 0.67]]}, ""end"": {""filename"": ""NL-HaNA_1.04.02_2222_0490"", ""p_end"": 0.709, ""signature"": """", ""signature_kind"": """", ""text_end"": ""an den wel Edelen groot Agtb: Heer Jacob Christiaanz Pielat, Raad „ ordinaris van India Extragouverneur en Commissaris over het Commissie van 't Eiland Ceijlon,"", ""formulas"": ""opens with genre word, salutation, closing formula, place and date at end"", ""why_end"": [[""place and date at the end"", 1.15], [""largest gap between lines"", 0.93], [""header after pages without header (next scan)"", 0.76], [""closing formula at the end (Accordeert, onderstond, ...)"", 0.76]]}}"
2222,4,subdoc,NL-HaNA_1.04.02_2222_0491,NL-HaNA_1.04.02_2222_0498,8,adjacent,0.366,1.051,,,221040.0,,,"{""kind"": ""subdoc"", ""boundary"": ""adjacent"", ""start"": {""filename"": ""NL-HaNA_1.04.02_2222_0491"", ""p_start"": 0.59, ""p_same_scan"": 0.002, ""header"": ""Wel Edele groot"", ""header_date"": """", ""header_date_across"": """", ""number"": null, ""text_start"": ""Wel Edele groot \nAgtb: en hoog Beroemden heer Den supp:t in desen uwel Ed: groot agtb: onderdanigde en gehoorsaamsten dienaar den geweesen baas knegt van demess"", ""formulas"": ""salutation"", ""best_toc_match"": """", ""why_start"": [[""closing formula at the end (Accordeert, onderstond, ...) (previous scan)"", 0.98], [""closing formula halfway down the page, text below"", 0.86], [""date in header"", 0.85], [""place and date at the end (previous scan)"", 0.75]]}, ""end"": {""filename"": ""NL-HaNA_1.04.02_2222_0498"", ""p_end"": 0.741, ""signature"": """", ""signature_kind"": """", ""text_end"": ""n en geresolveerd In 't Casteel Colombo ten Dage Maand en Iaare voorsch: /:was getek:t/ J:s Sielat, G„s Woutersz, A: D: Clerq, Daniel Agreen, C:s van Der hoeven"", ""formulas"": """", ""why_end"": [[""text length differs from previous page (next scan)"", 1.45], [""amount of text (next scan)"", 1.24], [""signature on this page (next scan)"", 1.06], [""near end of inventory (next scan)"", 1.06]]}}"
2222,5,non-document,NL-HaNA_1.04.02_2222_0499,NL-HaNA_1.04.02_2222_0501,3,gap,-8.874,-6.499,,,,,,
3333,0,non-document,NL-HaNA_1.04.02_3333_0001,NL-HaNA_1.04.02_3333_0006,6,gap,-14.599,-6.998,,,,,,
3333,1,toc,NL-HaNA_1.04.02_3333_0007,NL-HaNA_1.04.02_3333_0022,16,first,0.262,2.667,89704,Missive van de residenten tot Banjermassing aan de hoge regering tot Batavia in dato 25 Maij 1771.,,0.462,interpolated,"{""kind"": ""toc"", ""boundary"": ""first"", ""start"": {""filename"": ""NL-HaNA_1.04.02_3333_0007"", ""p_start"": 0.565, ""p_same_scan"": 0.007, ""header"": """", ""header_date"": """", ""header_date_across"": """", ""number"": null, ""text_start"": ""Batavia Aan zijn Hoog Edelheid Den Hoog Edelen Hoog Agtbaare en Wijdgebieden den Heer Petrus Albertus van der Parra! Van wegens denstaad der vereenigde Nederlan"", ""formulas"": ""opens with genre word, salutation"", ""best_toc_match"": """", ""why_start"": [[""previous page blank"", -2.97], [""text length differs from previous page"", 2.25], [""amount of text (previous scan)"", 2.02], [""near start of inventory (previous scan)"", -1.5]]}, ""end"": {""filename"": ""NL-HaNA_1.04.02_3333_0022"", ""p_end"": 0.935, ""signature"": """", ""signature_kind"": """", ""text_end"": "" Hoog Edelheedens Nedrige en ootmoedige dienaeren :/ geteekent:/ W: A: Palm en D: Ruhde :/ in marginne:/ Jn't N„s Comptoir Banjermassing den 25:' Maij A:o 1771."", ""formulas"": ""salutation, closing formula, place and date at end"", ""why_end"": [[""amount of text (next scan)"", 2.78], [""text length differs from previous page (next scan)"", 2.46], [""no text (next scan)"", -2.16], [""blank page (next scan)"", -1.56]]}, ""toc"": {""placed_by"": ""interpolated"", ""placement_score"": 0.46, ""toc_start_number"": 1, ""toc_end_number"": 14, ""number_on_start_scan"": null, ""numbers_around_start"": [null, null, null], ""toc_date"": ""1771-05-25 – 1771-05-25"", ""header_date_near_start"": ""1771-05-25""}}"
3333,2,subdoc,NL-HaNA_1.04.02_3333_0022,NL-HaNA_1.04.02_3333_0022,1,shared,-0.958,2.667,,,89704.0,,,"{""kind"": ""subdoc"", ""boundary"": ""shared"", ""start"": {""filename"": ""NL-HaNA_1.04.02_3333_0022"", ""p_start"": 0.277, ""p_same_scan"": 0.847, ""header"": """", ""header_date"": """", ""header_date_across"": """", ""number"": null, ""text_start"": ""Van Banjermassing den 25. Maij A:o 1771 Inmiddens hebben W' dEer met diepe submissie te zijn. /:onderstond:/ Hoog Edelen Hoog Agtbaeren wijdgebiedenden Heer en "", ""formulas"": ""salutation, closing formula, place and date at end"", ""best_toc_match"": """", ""why_start"": [[""closing formula halfway down the page, text below"", 0.86], [""date in header"", 0.85], [""ToC entry ends on this page number (previous scan)"", 0.77], [""opening (genre word or salutation) below the top"", 0.67]]}, ""end"": {""filename"": ""NL-HaNA_1.04.02_3333_0022"", ""p_end"": 0.935, ""signature"": """", ""signature_kind"": """", ""text_end"": "" Hoog Edelheedens Nedrige en ootmoedige dienaeren :/ geteekent:/ W: A: Palm en D: Ruhde :/ in marginne:/ Jn't N„s Comptoir Banjermassing den 25:' Maij A:o 1771."", ""formulas"": ""salutation, closing formula, place and date at end"", ""why_end"": [[""amount of text (next scan)"", 2.78], [""text length differs from previous page (next scan)"", 2.46], [""no text (next scan)"", -2.16], [""blank page (next scan)"", -1.56]]}}"
3333,3,non-document,NL-HaNA_1.04.02_3333_0023,NL-HaNA_1.04.02_3333_0024,2,gap,-3.773,-3.519,,,,,,
3333,4,toc,NL-HaNA_1.04.02_3333_0025,NL-HaNA_1.04.02_3333_0026,2,gap,1.288,-0.647,89705,"Lijst der vaartuijgen, dewelke tot Banjermassing 't zeedert ultimo Meij 1770 tot medio April 1771 zijn aangekoomen.",,5.348,interpolated,"{""kind"": ""toc"", ""boundary"": ""gap"", ""start"": {""filename"": ""NL-HaNA_1.04.02_3333_0025"", ""p_start"": 0.784, ""p_same_scan"": 0.001, ""header"": """", ""header_date"": """", ""header_date_across"": """", ""number"": null, ""text_start"": ""Leijst der Vaartuijgen, dewelke alhier't zeedert ultimo Meij A„o Pass„o tot dato deezer zijn aangekoomen; Als. Chialoup van Batavia Na Banjamasja Gedateneert _„"", ""formulas"": """", ""best_toc_match"": ""76%: Lijst der vaartuijgen, dewelke 't zeedert ultimo Meij 1770 tot den 11 Meij 1771 "", ""why_start"": [[""text matches a ToC description"", 1.32], [""very little text (previous scan)"", 0.92], [""amount of text (previous scan)"", 0.9], [""date in header"", 0.85]]}, ""end"": {""filename"": ""NL-HaNA_1.04.02_3333_0026"", ""p_end"": 0.344, ""signature"": """", ""signature_kind"": """", ""text_end"": ""ng Trouw Mayang „ Paduakkang „ Trouw Paduackang Paduackang Tezamen 48. Vvaartuijgen Maccasser _„o „ In t N„r Comptoir tot Banjermassing sto Mto April A:o 171. ."", ""formulas"": """", ""why_end"": [[""amount of text (next scan)"", 2.78], [""text length differs from previous page (next scan)"", 2.6], [""no text (next scan)"", -2.16], [""blank page (next scan)"", -1.56]]}, ""toc"": {""placed_by"": ""interpolated"", ""placement_score"": 5.35, ""toc_start_number"": 15, ""toc_end_number"": 16, ""number_on_start_scan"": null, ""numbers_around_start"": [null, null, null], ""toc_date"": ""1770-05-31 – 1771-04-15"", ""header_date_near_start"": """"}}"
3333,5,non-document,NL-HaNA_1.04.02_3333_0027,NL-HaNA_1.04.02_3333_0028,2,gap,-7.063,-4.757,,,,,,
3333,6,toc,NL-HaNA_1.04.02_3333_0029,NL-HaNA_1.04.02_3333_0036,8,gap,2.332,0.243,89706,"Lijst der vaartuijgen, dewelke 't zeedert ultimo Meij 1770 tot den 11 Meij 1771 van Banjermassing zijn vertrocken.",,4.06,interpolated,"{""kind"": ""toc"", ""boundary"": ""gap"", ""start"": {""filename"": ""NL-HaNA_1.04.02_3333_0029"", ""p_start"": 0.911, ""p_same_scan"": 0.003, ""header"": """", ""header_date"": """", ""header_date_across"": """", ""number"": null, ""text_start"": ""Leijst der Vaartuijgen de welke 't zeedert ult„o Meij N„o Pass„o tot dato dezer van hier zijn vertrocken; als Batavia Groot 10 Lastenbem: met 19 baurpreesen Een"", ""formulas"": """", ""best_toc_match"": ""45%: Lijst der vaartuijgen, dewelke 't zeedert ultimo Meij 1770 tot den 11 Meij 1771 "", ""why_start"": [[""previous page blank"", -2.97], [""text length differs from previous page"", 2.36], [""amount of text (previous scan)"", 2.02], [""how far down the page the text reaches (previous scan)"", 1.3]]}, ""end"": {""filename"": ""NL-HaNA_1.04.02_3333_0036"", ""p_end"": 0.56, ""signature"": """", ""signature_kind"": """", ""text_end"": ""7 „ 8 – – — 19 Javanen 8 Sumanapors 17 javaanen 1 7 - - en 6 „ „ „ 12 maleijers „ „ 4 5 _„o „ 30 In 't N=s Comptoer lot Banjermassing Coclas den 1 Meij A„o 1738"", ""formulas"": ""place and date at end"", ""why_end"": [[""text length differs from previous page (next scan)"", 2.82], [""amount of text (next scan)"", 2.78], [""no text (next scan)"", -2.16], [""blank page (next scan)"", -1.56]]}, ""toc"": {""placed_by"": ""interpolated"", ""placement_score"": 4.06, ""toc_start_number"": 17, ""toc_end_number"": 22, ""number_on_start_scan"": null, ""numbers_around_start"": [null, null, null], ""toc_date"": ""1770-05-31 – 1771-05-11"", ""header_date_near_start"": """"}}"
3333,7,non-document,NL-HaNA_1.04.02_3333_0037,NL-HaNA_1.04.02_3333_0042,6,gap,-6.823,-7.315,,,,,,
3333,8,unindexed,NL-HaNA_1.04.02_3333_0043,NL-HaNA_1.04.02_3333_0050,8,gap,4.863,1.968,,,,,,"{""kind"": ""unindexed"", ""boundary"": ""gap"", ""start"": {""filename"": ""NL-HaNA_1.04.02_3333_0043"", ""p_start"": 0.992, ""p_same_scan"": 0.0, ""header"": ""van Banjermassing"", ""header_date"": """", ""header_date_across"": """", ""number"": null, ""text_start"": ""van Banjermassing \nAan zijn Hoog Edelheit Den Hoog Edelen hoog Agtbaren, wijdgebiedenden Heer Petrus Albertus vander Parra van wegens den staat der vereenigde N"", ""formulas"": ""opens with genre word, salutation"", ""best_toc_match"": """", ""why_start"": [[""page numbering restarts just after (previous scan)"", 3.19], [""previous page blank"", -2.97], [""text length differs from previous page"", 2.34], [""amount of text (previous scan)"", 2.02]]}, ""end"": {""filename"": ""NL-HaNA_1.04.02_3333_0050"", ""p_end"": 0.877, ""signature"": """", ""signature_kind"": """", ""text_end"": ""melde boekjaar de Lasten ƒ 2871:2: 8 minder als in het voorgaande Jaar hebben bedragen In de maand September I: L: een van sComp=s lijf eigenen alhier overleden"", ""formulas"": ""closing then new opening on the page"", ""why_end"": [[""closing formula followed by a new opening on the page"", 1.07], [""closing formula halfway down the page, text below"", 0.73], [""header date differs from previous (next scan)"", 0.65], [""opening (genre word or salutation) below the top"", 0.44]]}}"
3333,9,unindexed,NL-HaNA_1.04.02_3333_0050,NL-HaNA_1.04.02_3333_0051,2,shared,0.153,2.594,,,,,,"{""kind"": ""unindexed"", ""boundary"": ""shared"", ""start"": {""filename"": ""NL-HaNA_1.04.02_3333_0050"", ""p_start"": 0.538, ""p_same_scan"": 0.916, ""header"": ""Van Banjermassing den 16 November 1771"", ""header_date"": ""1771-11-16"", ""header_date_across"": ""same"", ""number"": null, ""text_start"": ""Van Banjermassing den 16 November 1771 \nwij moeten voorts mede berusten in de verzee De nedrig Tekenars Sullen in eengebreke blijven om Jn so verre sig daer toe"", ""formulas"": ""closing then new opening on the page"", ""best_toc_match"": ""44%: Rapport van het opperhoofd en supercarga F.le Heureux en de verdere cargas aan h"", ""why_start"": [[""date in header"", -0.87], [""closing formula halfway down the page, text below"", 0.86], [""closing formula followed by a new opening on the page"", 0.82], [""header date same as previous"", 0.69]]}, ""end"": {""filename"": ""NL-HaNA_1.04.02_3333_0051"", ""p_end"": 0.93, ""signature"": """", ""signature_kind"": """", ""text_end"": ""delhedens Nedrige en Ootmoedige Dienaren /:was getekend:/ W: A: Palm, D: Rhude /:in margine:/ In't N:' Comptoir tot Banjermassing Talas den 16 November A„o 1771"", ""formulas"": ""opens with genre word, salutation, closing formula, place and date at end"", ""why_end"": [[""text length differs from previous page (next scan)"", 3.0], [""amount of text (next scan)"", 2.78], [""no text (next scan)"", -2.16], [""blank page (next scan)"", -1.56]]}}"
3333,10,unindexed,NL-HaNA_1.04.02_3333_0051,NL-HaNA_1.04.02_3333_0051,1,shared,-1.208,2.594,,,,,,"{""kind"": ""unindexed"", ""boundary"": ""shared"", ""start"": {""filename"": ""NL-HaNA_1.04.02_3333_0051"", ""p_start"": 0.23, ""p_same_scan"": 0.622, ""header"": ""Van Banjermassing den 16 Nov:r 1711"", ""header_date"": ""1711-11-16"", ""header_date_across"": ""changed"", ""number"": null, ""text_start"": ""Van Banjermassing den 16 Nov:r 1711 \n„zijnde versoeken ws uwe Hoog Edeleedens te gedaane afschrijving ten emporte van ƒ 16: 17:- gelieven te Passeeren. Gisteren"", ""formulas"": ""opens with genre word, salutation, closing formula, place and date at end"", ""best_toc_match"": """", ""why_start"": [[""header date differs from previous"", 1.32], [""date in header"", -0.87], [""closing formula halfway down the page, text below"", 0.86], [""opening (genre word or salutation) below the top"", 0.67]]}, ""end"": {""filename"": ""NL-HaNA_1.04.02_3333_0051"", ""p_end"": 0.93, ""signature"": """", ""signature_kind"": """", ""text_end"": ""delhedens Nedrige en Ootmoedige Dienaren /:was getekend:/ W: A: Palm, D: Rhude /:in margine:/ In't N:' Comptoir tot Banjermassing Talas den 16 November A„o 1771"", ""formulas"": ""opens with genre word, salutation, closing formula, place and date at end"", ""why_end"": [[""text length differs from previous page (next scan)"", 3.0], [""amount of text (next scan)"", 2.78], [""no text (next scan)"", -2.16], [""blank page (next scan)"", -1.56]]}}"
3333,11,non-document,NL-HaNA_1.04.02_3333_0052,NL-HaNA_1.04.02_3333_0082,31,gap,-3.958,-1.915,,,,,,
3333,12,toc,NL-HaNA_1.04.02_3333_0083,NL-HaNA_1.04.02_3333_0083,1,gap,3.998,-0.475,89707;89708,Missive van de residenten tot Banjermassing aan de hoge regering tot Batavia in dato 16 November 1771.,,15.996,exact;exact,"{""kind"": ""toc"", ""boundary"": ""gap"", ""start"": {""filename"": ""NL-HaNA_1.04.02_3333_0083"", ""p_start"": 0.982, ""p_same_scan"": 0.0, ""header"": ""Aan zijn Hoog Edelheid"", ""header_date"": """", ""header_date_across"": """", ""number"": 1.0, ""text_start"": ""Scheepje de Ionge rus Albertus Inleeding bodem wil uijtgeleevert \nAan zijn Hoog Edelheid \nDen Hoog Edele Groot Agtbaeren Wijdgebiedende Heer Petrus Albertus van"", ""formulas"": ""opens with genre word, salutation, closing formula"", ""best_toc_match"": """", ""why_start"": [[""previous page blank"", -2.97], [""text length differs from previous page"", 2.32], [""amount of text (previous scan)"", 2.02], [""ToC entry starts on this page number"", 1.64]]}, ""end"": {""filename"": ""NL-HaNA_1.04.02_3333_0083"", ""p_end"": 0.383, ""signature"": """", ""signature_kind"": """", ""text_end"": ""r scheepen en vaartuigen, ading van in margine item der selver Ladingen &:a ter geEerde kennisse dat de op onse voorjarige petitie, toegesondene koopmanschappen"", ""formulas"": ""opens with genre word, salutation, closing formula"", ""why_end"": [[""amount of text (next scan)"", 2.78], [""text length differs from previous page (next scan)"", 2.75], [""no text (next scan)"", -2.16], [""blank page (next scan)"", -1.56]]}, ""toc"": {""placed_by"": ""exact"", ""placement_score"": 8.0, ""toc_start_number"": 1, ""toc_end_number"": 9, ""number_on_start_scan"": 1.0, ""numbers_around_start"": [null, 1.0, null], ""toc_date"": ""1771-11-16 – 1771-11-16"", ""header_date_near_start"": """"}}"
3333,13,non-document,NL-HaNA_1.04.02_3333_0084,NL-HaNA_1.04.02_3333_0084,1,gap,-6.161,-4.014,,,,,,
3333,14,subdoc,NL-HaNA_1.04.02_3333_0085,NL-HaNA_1.04.02_3333_0126,42,gap,1.55,1.654,,,89708.0,,,"{""kind"": ""subdoc"", ""boundary"": ""gap"", ""start"": {""filename"": ""NL-HaNA_1.04.02_3333_0085"", ""p_start"": 0.825, ""p_same_scan"": 0.002, ""header"": ""Aan zijn Hoog Edelheid"", ""header_date"": """", ""header_date_across"": """", ""number"": null, ""text_start"": ""Y De Jonge Petrus Albertus Inleeding gen: bodem wel uijtgeleevert \nAan zijn Hoog Edelheid \nDen Hoog Edele Groot Agtbaeren Wijdgebiedende Heer Petrus Albertus va"", ""formulas"": ""opens with genre word, salutation, closing formula"", ""best_toc_match"": """", ""why_start"": [[""previous page blank"", -2.97], [""text length differs from previous page"", 2.33], [""amount of text (previous scan)"", 2.02], [""how far down the page the text reaches (previous scan)"", 1.3]]}, ""end"": {""filename"": ""NL-HaNA_1.04.02_3333_0126"", ""p_end"": 0.839, ""signature"": """", ""signature_kind"": """", ""text_end"": ""é B=d W=m Foekens, W=m A=n van Este; I=n A=s Bauer en P=l A=k schlicht /:in margine :/ Coupang op Timor den 20:' Sept:r A„o 1741. Accordeert Pr Elders 9: scriba"", ""formulas"": ""closing formula, place and date at end"", ""why_end"": [[""place and date at the end"", 1.15], [""ToC entry starts on this page number (next scan)"", 1.06], [""closing formula at the end (Accordeert, onderstond, ...)"", 0.76], [""closing formula halfway down the page, text below"", 0.73]]}}"
3333,15,subdoc,NL-HaNA_1.04.02_3333_0126,NL-HaNA_1.04.02_3333_0126,1,shared,-1.413,1.654,,,89708.0,,,"{""kind"": ""subdoc"", ""boundary"": ""shared"", ""start"": {""filename"": ""NL-HaNA_1.04.02_3333_0126"", ""p_start"": 0.196, ""p_same_scan"": 0.943, ""header"": """", ""header_date"": """", ""header_date_across"": """", ""number"": null, ""text_start"": ""nog eenige versoeken van mindere dienaren eer biedigst voorgedraagen. 'T slot. „plaatse August Schlicht, om van hier ontslagen en ter hoofd„ de dan Elders ander"", ""formulas"": ""closing formula, place and date at end"", ""best_toc_match"": """", ""why_start"": [[""closing formula halfway down the page, text below"", 0.86], [""date in header"", 0.85], [""opening (genre word or salutation) below the top"", 0.67], [""place and date at the end"", 0.64]]}, ""end"": {""filename"": ""NL-HaNA_1.04.02_3333_0126"", ""p_end"": 0.839, ""signature"": """", ""signature_kind"": """", ""text_end"": ""é B=d W=m Foekens, W=m A=n van Este; I=n A=s Bauer en P=l A=k schlicht /:in margine :/ Coupang op Timor den 20:' Sept:r A„o 1741. Accordeert Pr Elders 9: scriba"", ""formulas"": ""closing formula, place and date at end"", ""why_end"": [[""place and date at the end"", 1.15], [""ToC entry starts on this page number (next scan)"", 1.06], [""closing formula at the end (Accordeert, onderstond, ...)"", 0.76], [""closing formula halfway down the page, text below"", 0.73]]}}"
3333,16,subdoc,NL-HaNA_1.04.02_3333_0127,NL-HaNA_1.04.02_3333_0130,4,adjacent,1.476,2.06,,,89708.0,,,"{""kind"": ""subdoc"", ""boundary"": ""adjacent"", ""start"": {""filename"": ""NL-HaNA_1.04.02_3333_0127"", ""p_start"": 0.814, ""p_same_scan"": 0.778, ""header"": """", ""header_date"": """", ""header_date_across"": """", ""number"": 43.0, ""text_start"": ""P: S: hebben onder de dienaren versuijmt, ter g'eerde kennisse van uW Hoog Edelh: te brengen, dat, op het Negotie Comptoir alhier geplaatst hebben, den met stil"", ""formulas"": ""salutation, closing then new opening on the page"", ""best_toc_match"": """", ""why_start"": [[""ToC entry starts on this page number"", 1.64], [""closing formula at the end (Accordeert, onderstond, ...) (previous scan)"", 0.98], [""closing formula halfway down the page, text below"", 0.86], [""date in header"", 0.85]]}, ""end"": {""filename"": ""NL-HaNA_1.04.02_3333_0130"", ""p_end"": 0.887, ""signature"": ""Pr Elders 9: Scriba"", ""signature_kind"": ""signed"", ""text_end"": ""Willem Adriaan van Este, Iohan Andreas Bauer, en Philip August, Schlicht /: in margine :/ Coupang op Timor den 8. Junij A„o 1771. Accordeert Pr Elders 9: Scriba"", ""formulas"": ""closing formula, place and date at end"", ""why_end"": [[""text length differs from previous page (next scan)"", 3.03], [""amount of text (next scan)"", 2.78], [""no text (next scan)"", -2.16], [""blank page (next scan)"", -1.56]]}}"
3333,17,non-document,NL-HaNA_1.04.02_3333_0131,NL-HaNA_1.04.02_3333_0134,4,gap,-4.037,-4.247,,,,,,
3333,18,toc,NL-HaNA_1.04.02_3333_0135,NL-HaNA_1.04.02_3333_0137,3,gap,2.729,3.129,89709,Copia resolutien van den 18 Maart tot den 15 Augustus anno 1771.,,6.307,text,"{""kind"": ""toc"", ""boundary"": ""gap"", ""start"": {""filename"": ""NL-HaNA_1.04.02_3333_0135"", ""p_start"": 0.939, ""p_same_scan"": 0.0, ""header"": ""Vergadering Gehouden"", ""header_date"": """", ""header_date_across"": """", ""number"": null, ""text_start"": ""Vergadering Gehouden \nOp Maandag Den 18. Maart A„o 1775. 'S avonds Ten Vyff uuren Alle present De argisve ter deese Rheede van het scheepjen den Jonge Petrus Al"", ""formulas"": ""salutation"", ""best_toc_match"": ""70%: Copia resolutien van den 18 Maart tot den 15 Augustus anno 1771."", ""why_start"": [[""previous page blank"", -2.97], [""text length differs from previous page"", 2.44], [""amount of text (previous scan)"", 2.02], [""how far down the page the text reaches (previous scan)"", 1.3]]}, ""end"": {""filename"": ""NL-HaNA_1.04.02_3333_0137"", ""p_end"": 0.958, ""signature"": ""Accordeerd J„ Elders Jg:seuiba"", ""signature_kind"": ""collation"", ""text_end"": ""/:wal geteekend:/ Alex:s Cornabé, P„r W„m Fockens, W„m M„ Van Este, I„n N„s Bauer, Jn L„l H„t Schlicht en I„n Elders gesw: Ccriba Accordeerd J„ Elders Jg:seuiba"", ""formulas"": ""closing formula"", ""why_end"": [[""amount of text (next scan)"", 2.78], [""text length differs from previous page (next scan)"", 2.44], [""no text (next scan)"", -2.16], [""blank page (next scan)"", -1.56]]}, ""toc"": {""placed_by"": ""text"", ""placement_score"": 6.31, ""toc_start_number"": 47, ""toc_end_number"": 70, ""number_on_start_scan"": null, ""numbers_around_start"": [null, null, null], ""toc_date"": ""1771-03-18 – 1771-08-15"", ""header_date_near_start"": """"}}"
3333,19,non-document,NL-HaNA_1.04.02_3333_0138,NL-HaNA_1.04.02_3333_0138,1,gap,-5.586,-5.933,,,,,,
3333,20,subdoc,NL-HaNA_1.04.02_3333_0139,NL-HaNA_1.04.02_3333_0144,6,gap,1.272,2.309,,,89709.0,,,"{""kind"": ""subdoc"", ""boundary"": ""gap"", ""start"": {""filename"": ""NL-HaNA_1.04.02_3333_0139"", ""p_start"": 0.781, ""p_same_scan"": 0.002, ""header"": """", ""header_date"": """", ""header_date_across"": """", ""number"": null, ""text_start"": ""Maandag Land Vergadering Gehouden Den 25.:' Maart A„o 1771—. Des morgens de klokke Neegen uuren Alle present. Exceptis den kooning van soupang, den Keijser van "", ""formulas"": """", ""best_toc_match"": """", ""why_start"": [[""previous page blank"", -2.97], [""text length differs from previous page"", 2.49], [""amount of text (previous scan)"", 2.02], [""how far down the page the text reaches (previous scan)"", 1.3]]}, ""end"": {""filename"": ""NL-HaNA_1.04.02_3333_0144"", ""p_end"": 0.91, ""signature"": ""Accordeerd | Pr: Elders G: Scriba."", ""signature_kind"": ""collation"", ""text_end"": ""o voorsz: /:was geteekend:/ Mer Cornabé, Pr Wm Fochens, W„m An Van Este Jn„ N„s Bauer, A„t Schlicht, en J„m Elders Gesw: scriba Accordeerd Pr: Elders G: Scriba."", ""formulas"": ""closing formula"", ""why_end"": [[""collation mark on this page"", 1.06], [""collation mark on previous page (next scan)"", 1.05], [""how far down the page the text reaches"", 0.93], [""header after pages without header (next scan)"", 0.76]]}}"
3333,21,subdoc,NL-HaNA_1.04.02_3333_0145,NL-HaNA_1.04.02_3333_0153,9,adjacent,-2.083,2.699,,,89709.0,,,"{""kind"": ""subdoc"", ""boundary"": ""adjacent"", ""start"": {""filename"": ""NL-HaNA_1.04.02_3333_0145"", ""p_start"": 0.111, ""p_same_scan"": 0.001, ""header"": ""Vergadering Gehouden"", ""header_date"": """", ""header_date_across"": """", ""number"": 55.0, ""text_start"": ""Op \nVergadering Gehouden \nDonderdag Den 25. ' April A„o 1771. Des morgens de klotte Negen uuren Alle Present Door de alhier remoreerende Chineesen Kan. Sjoeko, "", ""formulas"": """", ""best_toc_match"": """", ""why_start"": [[""closing formula at the end (Accordeert, onderstond, ...) (previous scan)"", 0.98], [""date in header"", 0.85], [""collation mark on this page (previous scan)"", -0.66], [""collation mark on previous page"", -0.66]]}, ""end"": {""filename"": ""NL-HaNA_1.04.02_3333_0153"", ""p_end"": 0.937, ""signature"": ""Accordeert Pr: Elders 88 g: Ccriber"", ""signature_kind"": ""collation"", ""text_end"": ""teekend:/ Mlex=r t Wm Fockens, W„m Cornabé, P: V„m An„ van Este, P„r H„k Schlicht, en J: e Bauer, Aan Eeders gesw: scriba —. Accordeert Pr: Elders 88 g: Ccriber"", ""formulas"": ""closing formula"", ""why_end"": [[""amount of text (next scan)"", 2.78], [""text length differs from previous page (next scan)"", 2.4], [""no text (next scan)"", -2.16], [""blank page (next scan)"", -1.56]]}}"
3333,22,non-document,NL-HaNA_1.04.02_3333_0154,NL-HaNA_1.04.02_3333_0156,3,gap,-4.571,-2.18,,,,,,
3333,23,subdoc,NL-HaNA_1.04.02_3333_0157,NL-HaNA_1.04.02_3333_0162,6,gap,2.614,0.308,,,89709.0,,,"{""kind"": ""subdoc"", ""boundary"": ""gap"", ""start"": {""filename"": ""NL-HaNA_1.04.02_3333_0157"", ""p_start"": 0.932, ""p_same_scan"": 0.0, ""header"": ""Vergadering Gehouden | Op"", ""header_date"": """", ""header_date_across"": """", ""number"": 65.0, ""text_start"": ""Vergadering Gehouden \nDonderdag Den 15. August 1771. Des morgens de klotke Agt uuren Alle present Wierd bij den aanvang deser zittings geleesen request van den "", ""formulas"": ""opens with genre word"", ""best_toc_match"": """", ""why_start"": [[""previous page blank"", -2.97], [""text length differs from previous page"", 2.47], [""amount of text (previous scan)"", 2.02], [""ToC entry starts on this page number"", 1.64]]}, ""end"": {""filename"": ""NL-HaNA_1.04.02_3333_0162"", ""p_end"": 0.576, ""signature"": ""P: Elders P: Coubr."", ""signature_kind"": ""signed"", ""text_end"": "" Geteekend:/ Alex=r Cornabé, B=s W=m Wm Fockens, W=m A„n van Este, I=n A=s Bauer P=l A=t schlicht, en P=r Elders Gesw: Scriba. — Accordeert. P: Elders P: Coubr."", ""formulas"": ""closing formula"", ""why_end"": [[""amount of text (next scan)"", 2.78], [""text length differs from previous page (next scan)"", 2.49], [""no text (next scan)"", -2.16], [""blank page (next scan)"", -1.56]]}}"
3333,24,non-document,NL-HaNA_1.04.02_3333_0163,NL-HaNA_1.04.02_3333_0164,2,gap,-4.039,-3.914,,,,,,
3333,25,unindexed,NL-HaNA_1.04.02_3333_0165,NL-HaNA_1.04.02_3333_0165,1,gap,1.643,-1.897,,,,,,"{""kind"": ""unindexed"", ""boundary"": ""gap"", ""start"": {""filename"": ""NL-HaNA_1.04.02_3333_0165"", ""p_start"": 0.838, ""p_same_scan"": 0.023, ""header"": """", ""header_date"": """", ""header_date_across"": """", ""number"": null, ""text_start"": ""Aan Den E: E: Heer Alexander Cornabé Koopman en opperhoofd deeses Comptoirs, met den resorte van Dien &=a E: E: Heer Door UWel Edele gelast zijnde, om alle de n"", ""formulas"": ""salutation"", ""best_toc_match"": """", ""why_start"": [[""previous page blank"", -2.97], [""text length differs from previous page"", 2.32], [""amount of text (previous scan)"", 2.02], [""how far down the page the text reaches (previous scan)"", 1.3]]}, ""end"": {""filename"": ""NL-HaNA_1.04.02_3333_0165"", ""p_end"": 0.13, ""signature"": """", ""signature_kind"": """", ""text_end"": ""o ebben wij d' Eer Uwel Ed„s bij deesen. Eerstelijk te melden, dat onder Eerst gen: rekeningen ontwaard hebben, dat 'er nog Een aansienelijks som ten Lasten van"", ""formulas"": ""salutation"", ""why_end"": [[""amount of text (next scan)"", 2.78], [""text length differs from previous page (next scan)"", 2.75], [""no text (next scan)"", -2.16], [""blank page (next scan)"", -1.56]]}}"
3333,26,non-document,NL-HaNA_1.04.02_3333_0166,NL-HaNA_1.04.02_3333_0166,1,gap,-7.348,-3.478,,,,,,
3333,27,toc,NL-HaNA_1.04.02_3333_0167,NL-HaNA_1.04.02_3333_0170,4,gap,2.068,1.146,89710,Copia berigt van de weesmeesteren weegens de gesteldheid der boedels van [ de overleden opperhoofden] Ter Herbruggen en Van Voorst.,,2.815,evidence,"{""kind"": ""toc"", ""boundary"": ""gap"", ""start"": {""filename"": ""NL-HaNA_1.04.02_3333_0167"", ""p_start"": 0.888, ""p_same_scan"": 0.008, ""header"": """", ""header_date"": """", ""header_date_across"": """", ""number"": null, ""text_start"": ""Aan Den E: E: Heer Alexander Cornabé Koopman en opperhoofd deeses Comptoirs, ƒ met den resorte van Dien &=a E: E: Heer Door U Wel Edele gelast zijnde, om alle d"", ""formulas"": ""salutation"", ""best_toc_match"": """", ""why_start"": [[""previous page blank"", -2.97], [""text length differs from previous page"", 2.33], [""amount of text (previous scan)"", 2.02], [""how far down the page the text reaches (previous scan)"", 1.3]]}, ""end"": {""filename"": ""NL-HaNA_1.04.02_3333_0170"", ""p_end"": 0.759, ""signature"": """", ""signature_kind"": """", ""text_end"": ""d:/ E: E: Heer UWelEd: onderdaenige en Trouwschuldige Dienaeren /:was geteekend:/ Iohan Andreas Bauer en Francois Marcut Pelt. — Accordeert Pr: Elders 9: scuba:"", ""formulas"": ""opens with genre word, closing formula"", ""why_end"": [[""text length differs from previous page (next scan)"", 3.07], [""amount of text (next scan)"", 2.78], [""no text (next scan)"", -2.16], [""blank page (next scan)"", -1.56]]}, ""toc"": {""placed_by"": ""evidence"", ""placement_score"": 2.81, ""toc_start_number"": 71, ""toc_end_number"": 74, ""number_on_start_scan"": null, ""numbers_around_start"": [null, null, null], ""toc_date"": """", ""header_date_near_start"": """"}}"
3333,28,non-document,NL-HaNA_1.04.02_3333_0171,NL-HaNA_1.04.02_3333_0172,2,gap,-5.279,-1.987,,,,,,
3333,29,toc,NL-HaNA_1.04.02_3333_0173,NL-HaNA_1.04.02_3333_0174,2,gap,1.137,-0.048,89711,Copia berigt van bedurven buskruijd.,,5.137,exact,"{""kind"": ""toc"", ""boundary"": ""gap"", ""start"": {""filename"": ""NL-HaNA_1.04.02_3333_0173"", ""p_start"": 0.757, ""p_same_scan"": 0.0, ""header"": ""Aan Den E: E: Heer"", ""header_date"": """", ""header_date_across"": """", ""number"": 75.0, ""text_start"": ""Aan Den E: E: Heer \nAlexander Cornabe Coopman en opperhoofd Van Timor met de Resorte van dien &: &: &:a E: E: Heer Volgens uwel Ed: Gerespeceerde orders, nk op "", ""formulas"": """", ""best_toc_match"": """", ""why_start"": [[""ToC entry starts on this page number"", 1.64], [""very little text (previous scan)"", 0.92], [""date in header"", 0.85], [""how far down the page the text reaches (previous scan)"", 0.7]]}, ""end"": {""filename"": ""NL-HaNA_1.04.02_3333_0174"", ""p_end"": 0.488, ""signature"": ""G: Elders"", ""signature_kind"": ""signed"", ""text_end"": ""onderdanigsten dienaaren, /:was geteekend:/ J„n N:s Bauer en J„n B:t Pilon /: in margine:/ Timor In 's Casteel Concordia den 21. Maij 171. Accordeerd. G: Elders"", ""formulas"": ""salutation, closing formula"", ""why_end"": [[""amount of text (next scan)"", 2.78], [""text length differs from previous page (next scan)"", 2.54], [""no text (next scan)"", -2.16], [""blank page (next scan)"", -1.56]]}, ""toc"": {""placed_by"": ""exact"", ""placement_score"": 5.14, ""toc_start_number"": 75, ""toc_end_number"": 76, ""number_on_start_scan"": 75.0, ""numbers_around_start"": [null, 75.0, null], ""toc_date"": """", ""header_date_near_start"": """"}}"
3333,30,non-document,NL-HaNA_1.04.02_3333_0175,NL-HaNA_1.04.02_3333_0178,4,gap,-4.536,-2.651,,,,,,
3333,31,toc,NL-HaNA_1.04.02_3333_0179,NL-HaNA_1.04.02_3333_0193,15,gap,5.205,0.762,89712,"Copia memorie door 't afgeganen opperhoofd Cornabé, aan zijn vervanger Fockens naargelaten.",,7.652,text,"{""kind"": ""toc"", ""boundary"": ""gap"", ""start"": {""filename"": ""NL-HaNA_1.04.02_3333_0179"", ""p_start"": 0.995, ""p_same_scan"": 0.001, ""header"": """", ""header_date"": """", ""header_date_across"": """", ""number"": 47.0, ""text_start"": ""Memorie Nagelaten door het afgaande opperhoofd den Koopman Alexander Cornabe aan sijnen vervanger Den E: E: Heer, Barend Willem Fockens ondercoopman en aankomen"", ""formulas"": ""opens with genre word, salutation"", ""best_toc_match"": ""56%: Copia memorie door 't afgeganen opperhoofd Cornabé, aan zijn vervanger Fockens n"", ""why_start"": [[""previous page blank"", -2.97], [""text length differs from previous page"", 2.27], [""amount of text (previous scan)"", 2.02], [""ToC entry starts on this page number"", 1.64]]}, ""end"": {""filename"": ""NL-HaNA_1.04.02_3333_0193"", ""p_end"": 0.682, ""signature"": """", ""signature_kind"": """", ""text_end"": ""or alle bewesen vriendelijkheeden, onderschrijve ik mij met zuijvere agting, E: E: Heer UWel Edele seer ootmoedige En seer Gehoorsaeme Dienaer, Coupang op Timor"", ""formulas"": ""closing formula"", ""why_end"": [[""text length differs from previous page (next scan)"", 2.95], [""amount of text (next scan)"", 2.78], [""no text (next scan)"", -2.16], [""blank page (next scan)"", -1.56]]}, ""toc"": {""placed_by"": ""text"", ""placement_score"": 7.65, ""toc_start_number"": 77, ""toc_end_number"": 89, ""number_on_start_scan"": 47.0, ""numbers_around_start"": [null, 47.0, null], ""toc_date"": """", ""header_date_near_start"": """"}}"
3333,32,non-document,NL-HaNA_1.04.02_3333_0194,NL-HaNA_1.04.02_3333_0196,3,gap,-5.806,-3.496,,,,,,
3333,33,subdoc,NL-HaNA_1.04.02_3333_0197,NL-HaNA_1.04.02_3333_0197,1,gap,5.522,1.349,,,89712.0,,,"{""kind"": ""subdoc"", ""boundary"": ""gap"", ""start"": {""filename"": ""NL-HaNA_1.04.02_3333_0197"", ""p_start"": 0.996, ""p_same_scan"": 0.001, ""header"": ""Memorie van het alhier in"", ""header_date"": """", ""header_date_across"": """", ""number"": 8.0, ""text_start"": ""int dpunt Celijn ggepunt \nMemorie van het alhier in \nVoorraad zijnde Canon. omtrek van metal ijser Caliber schiet geteekend broek Tromp mondlengten Caliber Cali"", ""formulas"": ""opens with genre word"", ""best_toc_match"": ""78%: Memorie van het tot Timor in voorraad zijnde canon."", ""why_start"": [[""previous page blank"", -2.97], [""text length differs from previous page"", 2.3], [""amount of text (previous scan)"", 2.02], [""text matches a ToC description"", 1.39]]}, ""end"": {""filename"": ""NL-HaNA_1.04.02_3333_0197"", ""p_end"": 0.794, ""signature"": """", ""signature_kind"": """", ""text_end"": "" 2 3 3 20 1/3 6¼ 11½ 7X 2 1 2 ƒ51 7 2 26 — „ bequaam 1 7 — 12 — 2 C 11½ 6½ 25— D 3 3 P 25— 1 12½ 7 3 3 210 6 — 3 11— 3 16 — bequaam 5 1/3 4 11 — 3 7 6½ 21 12– 1"", ""formulas"": ""opens with genre word"", ""why_end"": [[""amount of text (next scan)"", 2.78], [""text length differs from previous page (next scan)"", 2.73], [""no text (next scan)"", -2.16], [""blank page (next scan)"", -1.56]]}}"
3333,34,non-document,NL-HaNA_1.04.02_3333_0198,NL-HaNA_1.04.02_3333_0198,1,gap,-8.147,-3.454,,,,,,
3333,35,toc,NL-HaNA_1.04.02_3333_0199,NL-HaNA_1.04.02_3333_0200,2,gap,6.241,1.272,89713,Memorie van het tot Timor in voorraad zijnde canon.,,14.516,exact,"{""kind"": ""toc"", ""boundary"": ""gap"", ""start"": {""filename"": ""NL-HaNA_1.04.02_3333_0199"", ""p_start"": 0.998, ""p_same_scan"": 0.0, ""header"": ""Memorie van het alhier in"", ""header_date"": """", ""header_date_across"": """", ""number"": 91.0, ""text_start"": ""Zeepunt Landpunt Havelijn 21 2/3 bequaam \nMemorie van het alhier in \nVoorraad zijnde Canon. omtrek van metal ijser Calibe schiet geteekend broek Tromp mondlengt"", ""formulas"": ""opens with genre word"", ""best_toc_match"": ""78%: Memorie van het tot Timor in voorraad zijnde canon."", ""why_start"": [[""previous page blank"", -2.97], [""text length differs from previous page"", 2.32], [""amount of text (previous scan)"", 2.02], [""ToC entry starts on this page number"", 1.64]]}, ""end"": {""filename"": ""NL-HaNA_1.04.02_3333_0200"", ""p_end"": 0.781, ""signature"": """", ""signature_kind"": """", ""text_end"": "" 3 1 E 7— 10¼ 197 2 ¾ —¾ D 18 1/8 —¾ —¾ RX 11 1/6 8 — 72 G 23— 73 11– 1:— 6 1/5 ¾ 10½ 26½ ¼ 26½ bequaam Voor De Thuijn 10½ 6 1/5 2 ¾ 3¾ op Color 1 4 bequaam 4 3"", ""formulas"": """", ""why_end"": [[""amount of text (next scan)"", 2.78], [""text length differs from previous page (next scan)"", 2.66], [""no text (next scan)"", -2.16], [""blank page (next scan)"", -1.56]]}, ""toc"": {""placed_by"": ""exact"", ""placement_score"": 14.52, ""toc_start_number"": 91, ""toc_end_number"": 92, ""number_on_start_scan"": 91.0, ""numbers_around_start"": [null, 91.0, null], ""toc_date"": """", ""header_date_near_start"": """"}}"
3333,36,non-document,NL-HaNA_1.04.02_3333_0201,NL-HaNA_1.04.02_3333_0208,8,gap,-7.233,-3.932,,,,,,
3333,37,subdoc,NL-HaNA_1.04.02_3333_0209,NL-HaNA_1.04.02_3333_0209,1,gap,2.402,-1.146,,,89713.0,,,"{""kind"": ""subdoc"", ""boundary"": ""gap"", ""start"": {""filename"": ""NL-HaNA_1.04.02_3333_0209"", ""p_start"": 0.917, ""p_same_scan"": 0.004, ""header"": """", ""header_date"": """", ""header_date_across"": """", ""number"": null, ""text_start"": ""Palembang Misser van de Rasdenten van Compen en Carpenten an zijn en oelen gede : e eles Pgt Notitie den op Palembang aangeweest zinde vartuijgen zedert gen 176"", ""formulas"": ""opens with genre word, salutation"", ""best_toc_match"": """", ""why_start"": [[""previous page blank"", -2.97], [""text length differs from previous page"", 2.18], [""amount of text (previous scan)"", 2.02], [""how far down the page the text reaches (previous scan)"", 1.3]]}, ""end"": {""filename"": ""NL-HaNA_1.04.02_3333_0209"", ""p_end"": 0.241, ""signature"": """", ""signature_kind"": """", ""text_end"": "" 8 d 25: Februarij 1777 _vanen aars als dven 88 18 Maart 1771 „ „ _o „ „ 11: _„o _o „ _o „ „ 4 April _o „ „ „ _ „. 8 _o _o „ _o „ „ 4 _o _o 35: „ _o „ „ 8 _o _o"", ""formulas"": ""opens with genre word, salutation"", ""why_end"": [[""amount of text (next scan)"", 2.78], [""text length differs from previous page (next scan)"", 2.59], [""no text (next scan)"", -2.16], [""blank page (next scan)"", -1.56]]}}"
3333,38,non-document,NL-HaNA_1.04.02_3333_0210,NL-HaNA_1.04.02_3333_0212,3,gap,-7.906,-3.626,,,,,,
3333,39,subdoc,NL-HaNA_1.04.02_3333_0213,NL-HaNA_1.04.02_3333_0218,6,gap,1.842,1.536,,,89713.0,,,"{""kind"": ""subdoc"", ""boundary"": ""gap"", ""start"": {""filename"": ""NL-HaNA_1.04.02_3333_0213"", ""p_start"": 0.863, ""p_same_scan"": 0.012, ""header"": """", ""header_date"": """", ""header_date_across"": """", ""number"": null, ""text_start"": ""Copia Brieven ontvangen van Palembang Nedert Medio December 1770. tot ult:o April 1771. Batavia Aan zijn Hoog Edelheid Den Hoog Edelen Groot Agtb: Gestr: Wijd g"", ""formulas"": ""opens with genre word, salutation"", ""best_toc_match"": """", ""why_start"": [[""previous page blank"", -2.97], [""text length differs from previous page"", 2.25], [""amount of text (previous scan)"", 2.02], [""how far down the page the text reaches (previous scan)"", 1.3]]}, ""end"": {""filename"": ""NL-HaNA_1.04.02_3333_0218"", ""p_end"": 0.823, ""signature"": """", ""signature_kind"": """", ""text_end"": ""g Edelheedens onderdanige du gehoorsamen dienaaren /:was getekent:/ J: van Campen, w: Carpenter van Westerbeek /:in margine:/ Palembang den 25 December A„o 1770"", ""formulas"": ""closing formula, place and date at end"", ""why_end"": [[""place and date at the end"", 1.15], [""closing formula at the end (Accordeert, onderstond, ...)"", 0.76], [""closing formula halfway down the page, text below"", 0.73], [""header date differs from previous (next scan)"", 0.65]]}}"
3333,40,toc,NL-HaNA_1.04.02_3333_0218,NL-HaNA_1.04.02_3333_0218,1,shared,0.092,1.536,89714,Missive van de residenten Van Campen en Carpenter aan hunne hoog edelheeden [tot Batavia] gedateert 25 December 1770.,,3.822,text,"{""kind"": ""toc"", ""boundary"": ""shared"", ""start"": {""filename"": ""NL-HaNA_1.04.02_3333_0218"", ""p_start"": 0.523, ""p_same_scan"": 0.855, ""header"": ""Van Palembang den 25 december 1770"", ""header_date"": ""1770-12-25"", ""header_date_across"": ""same"", ""number"": null, ""text_start"": ""Van Palembang den 25 december 1770 \nom de droogte in de boven rivier nog niet is afgekoomen, denkt zijn Hoogheijd egter dat hetzelven ten genoegen voor 't uit e"", ""formulas"": ""closing formula, place and date at end"", ""best_toc_match"": ""53%: Missive van de residenten Van Campen en Carpenter aan hunne hoog edelheeden [tot"", ""why_start"": [[""date in header"", -0.87], [""closing formula halfway down the page, text below"", 0.86], [""text matches a ToC description"", 0.8], [""header date same as previous"", 0.69]]}, ""end"": {""filename"": ""NL-HaNA_1.04.02_3333_0218"", ""p_end"": 0.823, ""signature"": """", ""signature_kind"": """", ""text_end"": ""g Edelheedens onderdanige du gehoorsamen dienaaren /:was getekent:/ J: van Campen, w: Carpenter van Westerbeek /:in margine:/ Palembang den 25 December A„o 1770"", ""formulas"": ""closing formula, place and date at end"", ""why_end"": [[""place and date at the end"", 1.15], [""closing formula at the end (Accordeert, onderstond, ...)"", 0.76], [""closing formula halfway down the page, text below"", 0.73], [""header date differs from previous (next scan)"", 0.65]]}, ""toc"": {""placed_by"": ""text"", ""placement_score"": 3.82, ""toc_start_number"": 1, ""toc_end_number"": 6, ""number_on_start_scan"": null, ""numbers_around_start"": [null, null, null], ""toc_date"": ""1770-12-25 – 1770-12-25"", ""header_date_near_start"": ""1770-12-25""}}"
3333,41,unindexed,NL-HaNA_1.04.02_3333_0219,NL-HaNA_1.04.02_3333_0220,2,adjacent,-0.168,1.486,,,,,,"{""kind"": ""unindexed"", ""boundary"": ""adjacent"", ""start"": {""filename"": ""NL-HaNA_1.04.02_3333_0219"", ""p_start"": 0.458, ""p_same_scan"": 0.064, ""header"": ""Van Palembang den 25 febr: 1711"", ""header_date"": ""1711-02-25"", ""header_date_across"": ""changed"", ""number"": null, ""text_start"": ""Van Palembang den 25 febr: 1711 \nBatavia Aan zijn Hoog Edelheijd Den Hoog Edelen Groot Agtb: gestr wijd ged„e Heere Petrus Albertus van der Parra Gouverneur Gen"", ""formulas"": ""opens with genre word, salutation"", ""best_toc_match"": """", ""why_start"": [[""header date differs from previous"", 1.32], [""closing formula at the end (Accordeert, onderstond, ...) (previous scan)"", 0.98], [""date in header"", -0.87], [""place and date at the end (previous scan)"", 0.75]]}, ""end"": {""filename"": ""NL-HaNA_1.04.02_3333_0220"", ""p_end"": 0.815, ""signature"": """", ""signature_kind"": """", ""text_end"": ""dens, zeer ootmoedige „ste en onderdanigste Dienaaren /:was getekend:/ J: van Campen, en w: Carpenter van westerbeek /:in margine Palembang den 25 februari 1771"", ""formulas"": ""closing formula, place and date at end"", ""why_end"": [[""place and date at the end"", 1.15], [""closing formula at the end (Accordeert, onderstond, ...)"", 0.76], [""closing formula halfway down the page, text below"", 0.73], [""opening (genre word or salutation) below the top"", 0.44]]}}"
3333,42,toc,NL-HaNA_1.04.02_3333_0220,NL-HaNA_1.04.02_3333_0220,1,shared,0.521,1.486,89715;89716;89717,"Notitie der op Palembang aangeweest zijnde vaartuijgen zedert November 1769 tot October 1770 en in dien tijd vertrokkene vaartuijgen [ontbreekt, zie sectie pla3, ff. 43 - 89].",,8.845,forced;text;text,"{""kind"": ""toc"", ""boundary"": ""shared"", ""start"": {""filename"": ""NL-HaNA_1.04.02_3333_0220"", ""p_start"": 0.627, ""p_same_scan"": 0.774, ""header"": ""Van Palembang den 25 febr: A„o 1771"", ""header_date"": ""1771-02-25"", ""header_date_across"": ""changed"", ""number"": null, ""text_start"": ""Van Palembang den 25 febr: A„o 1771 \nBeloovende den koning de resteerende vaartuigen met den meesten spoed te sullen laaten rijsvaardigmaalen, om deeze te volge"", ""formulas"": ""closing formula, place and date at end"", ""best_toc_match"": ""62%: Missive van de residenten Van Campen en Carpenter aan hun hoog edelheeden [tot B"", ""why_start"": [[""header date differs from previous"", 1.32], [""text matches a ToC description"", 1.0], [""date in header"", -0.87], [""closing formula halfway down the page, text below"", 0.86]]}, ""end"": {""filename"": ""NL-HaNA_1.04.02_3333_0220"", ""p_end"": 0.815, ""signature"": """", ""signature_kind"": """", ""text_end"": ""dens, zeer ootmoedige „ste en onderdanigste Dienaaren /:was getekend:/ J: van Campen, en w: Carpenter van westerbeek /:in margine Palembang den 25 februari 1771"", ""formulas"": ""closing formula, place and date at end"", ""why_end"": [[""place and date at the end"", 1.15], [""closing formula at the end (Accordeert, onderstond, ...)"", 0.76], [""closing formula halfway down the page, text below"", 0.73], [""opening (genre word or salutation) below the top"", 0.44]]}, ""toc"": {""placed_by"": ""forced"", ""placement_score"": 0.02, ""toc_start_number"": 0, ""toc_end_number"": 0, ""number_on_start_scan"": null, ""numbers_around_start"": [null, null, null], ""toc_date"": ""1769-11-01 – 1770-10-31"", ""header_date_near_start"": ""1771-02-25""}}"
3333,43,unindexed,NL-HaNA_1.04.02_3333_0221,NL-HaNA_1.04.02_3333_0230,10,adjacent,0.575,4.18,,,,,,"{""kind"": ""unindexed"", ""boundary"": ""adjacent"", ""start"": {""filename"": ""NL-HaNA_1.04.02_3333_0221"", ""p_start"": 0.64, ""p_same_scan"": 0.294, ""header"": """", ""header_date"": """", ""header_date_across"": ""changed"", ""number"": null, ""text_start"": ""Van Palembang den 25 Febr 1771 Batavia Aan zijn Hoog Edelheijd Den Hoog Edelen Groot Agtb: Gestrenge Wijdgebiedende Heere Petrus Albertus van der Parra Gouverne"", ""formulas"": ""opens with genre word, salutation"", ""best_toc_match"": """", ""why_start"": [[""closing formula at the end (Accordeert, onderstond, ...) (previous scan)"", 0.98], [""date in header"", 0.85], [""place and date at the end (previous scan)"", 0.75], [""opening (genre word or salutation) below the top"", 0.67]]}, ""end"": {""filename"": ""NL-HaNA_1.04.02_3333_0230"", ""p_end"": 0.985, ""signature"": """", ""signature_kind"": """", ""text_end"": "" Edelheedens ootmoodigsten en onderdanigsten dienaaren /:s getekend:/ J„b van Campen, en w„m Carpenter van westerbeek /:in margine:/ palembang den 13 Maart 1771"", ""formulas"": ""opens with genre word, salutation, closing formula, place and date at end"", ""why_end"": [[""place and date at the end"", 1.15], [""ToC entry starts on this page number (next scan)"", 1.06], [""closing formula at the end (Accordeert, onderstond, ...)"", 0.76], [""closing formula halfway down the page, text below"", 0.73]]}}"
3333,44,toc,NL-HaNA_1.04.02_3333_0230,NL-HaNA_1.04.02_3333_0230,1,shared,2.392,4.18,89718,Missive van de residenten Van Campen en Carpenter aan hun hoog edelheeden [tot Batavia] gedateert 13 Maart 1771.,,6.683,text,"{""kind"": ""toc"", ""boundary"": ""shared"", ""start"": {""filename"": ""NL-HaNA_1.04.02_3333_0230"", ""p_start"": 0.916, ""p_same_scan"": 0.547, ""header"": """", ""header_date"": """", ""header_date_across"": ""changed"", ""number"": null, ""text_start"": ""Van Palembang den 13 Maart 1771 Batavia Aan zijn Hoog Edelheijd Den Hoog Edelen Groot Agtbaaren Gestr: wijd geb„de Heere Petrus Albertus van der Parra Gouverneu"", ""formulas"": ""opens with genre word, salutation, closing formula, place and date at end"", ""best_toc_match"": ""60%: Missive van de residenten Van Campen en Carpenter aan hun hoog edelheeden [tot B"", ""why_start"": [[""closing formula at the end (Accordeert, onderstond, ...) (previous scan)"", 0.98], [""text matches a ToC description"", 0.96], [""closing formula halfway down the page, text below"", 0.86], [""date in header"", 0.85]]}, ""end"": {""filename"": ""NL-HaNA_1.04.02_3333_0230"", ""p_end"": 0.985, ""signature"": """", ""signature_kind"": """", ""text_end"": "" Edelheedens ootmoodigsten en onderdanigsten dienaaren /:s getekend:/ J„b van Campen, en w„m Carpenter van westerbeek /:in margine:/ palembang den 13 Maart 1771"", ""formulas"": ""opens with genre word, salutation, closing formula, place and date at end"", ""why_end"": [[""place and date at the end"", 1.15], [""ToC entry starts on this page number (next scan)"", 1.06], [""closing formula at the end (Accordeert, onderstond, ...)"", 0.76], [""closing formula halfway down the page, text below"", 0.73]]}, ""toc"": {""placed_by"": ""text"", ""placement_score"": 6.68, ""toc_start_number"": 20, ""toc_end_number"": 20, ""number_on_start_scan"": null, ""numbers_around_start"": [null, null, 21.0], ""toc_date"": ""1771-03-13 – 1771-03-13"", ""header_date_near_start"": ""1771-03-11""}}"
3333,45,toc,NL-HaNA_1.04.02_3333_0231,NL-HaNA_1.04.02_3333_0231,1,adjacent,3.046,2.188,89719,Missive van de residenten Van Campen en Carpenter aan hun hoog edelheeden [tot Batavia] gedateert 11 Maart 1771.,,11.336,exact,"{""kind"": ""toc"", ""boundary"": ""adjacent"", ""start"": {""filename"": ""NL-HaNA_1.04.02_3333_0231"", ""p_start"": 0.955, ""p_same_scan"": 0.066, ""header"": ""Van Palembang Den 11 Maart 1771"", ""header_date"": ""1771-03-11"", ""header_date_across"": ""changed"", ""number"": 21.0, ""text_start"": ""Van Palembang Den 11 Maart 1771 \nBatavia Aan zijn Hoog Edelheijd Den Hoog Edelen Groot Agtb: Gost: wijd ge d: heere Petrus Albertus van der Parra Gouverneur Gen"", ""formulas"": ""opens with genre word, salutation, closing formula, place and date at end"", ""best_toc_match"": ""60%: Missive van de residenten Van Campen en Carpenter aan hun hoog edelheeden [tot B"", ""why_start"": [[""ToC entry starts on this page number"", 1.64], [""header date differs from previous"", 1.32], [""closing formula at the end (Accordeert, onderstond, ...) (previous scan)"", 0.98], [""text matches a ToC description"", 0.96]]}, ""end"": {""filename"": ""NL-HaNA_1.04.02_3333_0231"", ""p_end"": 0.899, ""signature"": """", ""signature_kind"": """", ""text_end"": ""eedens onderdanigsten en gehoorzaamste dienaaren /:was getekend:/ J: van Campen, en w: Carpenter van westerbeek: /: in margine:/ palembarg den 11 Maart A„o 1771"", ""formulas"": ""opens with genre word, salutation, closing formula, place and date at end"", ""why_end"": [[""place and date at the end"", 1.15], [""ToC entry ends on this page number"", 0.83], [""closing formula at the end (Accordeert, onderstond, ...)"", 0.76], [""closing formula halfway down the page, text below"", 0.73]]}, ""toc"": {""placed_by"": ""exact"", ""placement_score"": 11.34, ""toc_start_number"": 21, ""toc_end_number"": 21, ""number_on_start_scan"": 21.0, ""numbers_around_start"": [null, 21.0, null], ""toc_date"": ""1771-03-11 – 1771-03-11"", ""header_date_near_start"": ""1771-03-11""}}"
3333,46,unindexed,NL-HaNA_1.04.02_3333_0232,NL-HaNA_1.04.02_3333_0233,2,adjacent,1.606,2.923,,,,,,"{""kind"": ""unindexed"", ""boundary"": ""adjacent"", ""start"": {""filename"": ""NL-HaNA_1.04.02_3333_0232"", ""p_start"": 0.833, ""p_same_scan"": 0.088, ""header"": """", ""header_date"": """", ""header_date_across"": ""changed"", ""number"": null, ""text_start"": ""van Palembang den 4 April 1771: Aan zijn Hoog Edelheijt Den Hoog Edelen Groot Agtbaren Gestr:s wid gebied=s Heere Albertus van der Parra Petrus Gouverneur Gener"", ""formulas"": ""opens with genre word, salutation"", ""best_toc_match"": """", ""why_start"": [[""closing formula at the end (Accordeert, onderstond, ...) (previous scan)"", 0.98], [""date in header"", 0.85], [""ToC entry ends on this page number (previous scan)"", 0.77], [""place and date at the end (previous scan)"", 0.75]]}, ""end"": {""filename"": ""NL-HaNA_1.04.02_3333_0233"", ""p_end"": 0.949, ""signature"": """", ""signature_kind"": """", ""text_end"": ""eek /in margine/ Palembang den 4: april Ao 1771: 400: - prcs 850: — _o Tamin _o „ _o 375 — „ 1100 — „ glb _o „ _o Safiedien _o „ _o 375 — „ 750: — 700 — gb _ogl"", ""formulas"": ""salutation, closing formula, place and date at end"", ""why_end"": [[""place and date at the end"", 1.15], [""ToC entry ends on this page number"", 0.83], [""closing formula at the end (Accordeert, onderstond, ...)"", 0.76], [""closing formula halfway down the page, text below"", 0.73]]}}"
3333,47,unindexed,NL-HaNA_1.04.02_3333_0233,NL-HaNA_1.04.02_3333_0233,1,shared,0.912,2.923,,,,,,"{""kind"": ""unindexed"", ""boundary"": ""shared"", ""start"": {""filename"": ""NL-HaNA_1.04.02_3333_0233"", ""p_start"": 0.713, ""p_same_scan"": 0.544, ""header"": ""van Palembang den 4: April 1771:"", ""header_date"": ""1771-04-04"", ""header_date_across"": ""changed"", ""number"": 23.0, ""text_start"": ""Peper Thin \nvan Palembang den 4: April 1771: \nna uw hoog Edelheedens Namentlijk Een Chialoup gevoert bij Indragen Mas gelaaden met picols d:o _o „ _o Maston _„o"", ""formulas"": ""salutation, closing formula, place and date at end"", ""best_toc_match"": """", ""why_start"": [[""header date differs from previous"", 1.32], [""date in header"", -0.87], [""closing formula halfway down the page, text below"", 0.86], [""opening (genre word or salutation) below the top"", 0.67]]}, ""end"": {""filename"": ""NL-HaNA_1.04.02_3333_0233"", ""p_end"": 0.949, ""signature"": """", ""signature_kind"": """", ""text_end"": ""eek /in margine/ Palembang den 4: april Ao 1771: 400: - prcs 850: — _o Tamin _o „ _o 375 — „ 1100 — „ glb _o „ _o Safiedien _o „ _o 375 — „ 750: — 700 — gb _ogl"", ""formulas"": ""salutation, closing formula, place and date at end"", ""why_end"": [[""place and date at the end"", 1.15], [""ToC entry ends on this page number"", 0.83], [""closing formula at the end (Accordeert, onderstond, ...)"", 0.76], [""closing formula halfway down the page, text below"", 0.73]]}}"
3333,48,unindexed,NL-HaNA_1.04.02_3333_0234,NL-HaNA_1.04.02_3333_0234,1,adjacent,0.936,0.843,,,,,,"{""kind"": ""unindexed"", ""boundary"": ""adjacent"", ""start"": {""filename"": ""NL-HaNA_1.04.02_3333_0234"", ""p_start"": 0.718, ""p_same_scan"": 0.059, ""header"": ""Den 8 April A„o 1771: Salembang van"", ""header_date"": ""1771-04-08"", ""header_date_across"": """", ""number"": null, ""text_start"": ""Den 8 April A„o 1771: van Salembang \nAan Zijn Hoog Edelheijt Den Hoog Edelen Groot Agtb: Gestr: weijdgebied: Heere Petrus Albertus van der Parra Gouverneur gene"", ""formulas"": ""opens with genre word, salutation, closing formula, place and date at end"", ""best_toc_match"": """", ""why_start"": [[""header date differs by one misread character"", 1.01], [""closing formula at the end (Accordeert, onderstond, ...) (previous scan)"", 0.98], [""date in header"", -0.87], [""closing formula halfway down the page, text below"", 0.86]]}, ""end"": {""filename"": ""NL-HaNA_1.04.02_3333_0234"", ""p_end"": 0.699, ""signature"": """", ""signature_kind"": """", ""text_end"": "" Edelheedens needrigste en gehoorsamste dienaren /was geteekend /: P: van Campen w: Carpenter van westerbeek /:an margine:/ Palembang den 8: April A:o 1771: _o„"", ""formulas"": ""opens with genre word, salutation, closing formula, place and date at end"", ""why_end"": [[""place and date at the end"", 1.15], [""closing formula at the end (Accordeert, onderstond, ...)"", 0.76], [""closing formula halfway down the page, text below"", 0.73], [""marginalia on previous page"", -0.5]]}}"
3333,49,unindexed,NL-HaNA_1.04.02_3333_0235,NL-HaNA_1.04.02_3333_0243,9,adjacent,0.079,0.389,,,,,,"{""kind"": ""unindexed"", ""boundary"": ""adjacent"", ""start"": {""filename"": ""NL-HaNA_1.04.02_3333_0235"", ""p_start"": 0.52, ""p_same_scan"": 0.101, ""header"": ""Van Palembang den 4 April Ao 177"", ""header_date"": """", ""header_date_across"": """", ""number"": null, ""text_start"": ""Van Palembang den 4 April Ao 177 \nAan fijn Hoog Edelheijt Den Hoog Edelen Groot Agtbaren Gestr: wijd gebied=s Heere Petrus Albertus van der Parra Gouverneur Gen"", ""formulas"": ""opens with genre word, salutation"", ""best_toc_match"": """", ""why_start"": [[""closing formula at the end (Accordeert, onderstond, ...) (previous scan)"", 0.98], [""header date differs by one misread character (previous scan)"", 0.94], [""date in header"", 0.85], [""place and date at the end (previous scan)"", 0.75]]}, ""end"": {""filename"": ""NL-HaNA_1.04.02_3333_0243"", ""p_end"": 0.596, ""signature"": """", ""signature_kind"": """", ""text_end"": ""it so van sE Comp: belangens als van dit hoff niets weetende dat uw hoog Edelheedens attentie meriteert nadien ter weeder zijde alles in diepe rust is honoreere"", ""formulas"": ""salutation, closing then new opening on the page"", ""why_end"": [[""closing formula followed by a new opening on the page"", 1.07], [""closing formula halfway down the page, text below"", 0.73], [""opening (genre word or salutation) below the top"", 0.44], [""how far down the page the text reaches (next scan)"", -0.42]]}}"
3333,50,unindexed,NL-HaNA_1.04.02_3333_0243,NL-HaNA_1.04.02_3333_0244,2,shared,0.99,2.029,,,,,,"{""kind"": ""unindexed"", ""boundary"": ""shared"", ""start"": {""filename"": ""NL-HaNA_1.04.02_3333_0243"", ""p_start"": 0.729, ""p_same_scan"": 0.623, ""header"": ""van Palembang den 4 April 1771"", ""header_date"": ""1771-04-04"", ""header_date_across"": ""same"", ""number"": 33.0, ""text_start"": ""van Palembang den 4 April 1771 \nDe betaling van 50 sp:s realen voor 't laxa Metzeesteenen door uw Hoog Edelheedens gunstig gepasseert werdende, om dat se voor g"", ""formulas"": ""salutation, closing then new opening on the page"", ""best_toc_match"": """", ""why_start"": [[""ToC entry starts on this page number"", 1.64], [""date in header"", -0.87], [""closing formula halfway down the page, text below"", 0.86], [""closing formula followed by a new opening on the page"", 0.82]]}, ""end"": {""filename"": ""NL-HaNA_1.04.02_3333_0244"", ""p_end"": 0.884, ""signature"": """", ""signature_kind"": """", ""text_end"": "" Edelheedens ootmoodigste en getrouwste dienaaren /:was geteekent:/ I: van Lampen en W=m Carpenter van westerbeek /in margine/ Palembag den 4: April A:o 1771: —"", ""formulas"": ""salutation, closing formula, place and date at end"", ""why_end"": [[""place and date at the end"", 1.15], [""how far down the page the text reaches"", 1.08], [""title page before it matches a ToC description (next scan)"", -0.81], [""closing formula at the end (Accordeert, onderstond, ...)"", 0.76]]}}"
3333,51,unindexed,NL-HaNA_1.04.02_3333_0245,NL-HaNA_1.04.02_3333_0246,2,adjacent,2.424,2.396,,,,,,"{""kind"": ""unindexed"", ""boundary"": ""adjacent"", ""start"": {""filename"": ""NL-HaNA_1.04.02_3333_0245"", ""p_start"": 0.919, ""p_same_scan"": 0.003, ""header"": ""Van Salembarg Den 8 April 1771."", ""header_date"": ""1771-04-08"", ""header_date_across"": """", ""number"": null, ""text_start"": ""Van Salembarg Den 8 April 1771. \nAan zijn Hoog Edelheijd Den Hoog Edelen groot Agtbaaren Gestrengen wijdgebieden den Heere Petrus Alpertus van der Parra Gouvern"", ""formulas"": ""opens with genre word, salutation"", ""best_toc_match"": ""44%: Missive van de residenten Van Campen en Carpenter aan hun hoog edelheeden [tot B"", ""why_start"": [[""header date differs by one misread character"", 1.01], [""closing formula at the end (Accordeert, onderstond, ...) (previous scan)"", 0.98], [""date in header"", -0.87], [""place and date at the end (previous scan)"", 0.75]]}, ""end"": {""filename"": ""NL-HaNA_1.04.02_3333_0246"", ""p_end"": 0.917, ""signature"": """", ""signature_kind"": """", ""text_end"": ""g Edelheedens onderdanigste en gehoorsaamste dienaaren /was geteekent/ I: van Campen, w: Carpeorter van westerbeek /in margine:/ Palembang den 8 April A„o 1771:"", ""formulas"": ""salutation, closing formula, place and date at end"", ""why_end"": [[""text length differs from previous page (next scan)"", 3.08], [""amount of text (next scan)"", 2.78], [""no text (next scan)"", -2.16], [""blank page (next scan)"", -1.56]]}}"
3333,52,unindexed,NL-HaNA_1.04.02_3333_0246,NL-HaNA_1.04.02_3333_0246,1,shared,0.222,2.396,,,,,,"{""kind"": ""unindexed"", ""boundary"": ""shared"", ""start"": {""filename"": ""NL-HaNA_1.04.02_3333_0246"", ""p_start"": 0.555, ""p_same_scan"": 0.36, ""header"": """", ""header_date"": """", ""header_date_across"": """", ""number"": null, ""text_start"": ""Nagezien W: Tegers van Palembang den 8 April 1773 en den secretaris kingebij ter soula uijt hunnes vorsten name uijtdrukkkelijk verklaart hadden dat zijn heoogh"", ""formulas"": ""salutation, closing formula, place and date at end"", ""best_toc_match"": """", ""why_start"": [[""header date differs by one misread character (previous scan)"", 0.94], [""title page before it matches a ToC description (previous scan)"", 0.89], [""closing formula halfway down the page, text below"", 0.86], [""date in header"", 0.85]]}, ""end"": {""filename"": ""NL-HaNA_1.04.02_3333_0246"", ""p_end"": 0.917, ""signature"": """", ""signature_kind"": """", ""text_end"": ""g Edelheedens onderdanigste en gehoorsaamste dienaaren /was geteekent/ I: van Campen, w: Carpeorter van westerbeek /in margine:/ Palembang den 8 April A„o 1771:"", ""formulas"": ""salutation, closing formula, place and date at end"", ""why_end"": [[""text length differs from previous page (next scan)"", 3.08], [""amount of text (next scan)"", 2.78], [""no text (next scan)"", -2.16], [""blank page (next scan)"", -1.56]]}}"
3333,53,non-document,NL-HaNA_1.04.02_3333_0247,NL-HaNA_1.04.02_3333_0262,16,gap,-5.14,-3.979,,,,,,
3333,54,unindexed,NL-HaNA_1.04.02_3333_0263,NL-HaNA_1.04.02_3333_0268,6,gap,2.085,1.071,,,,,,"{""kind"": ""unindexed"", ""boundary"": ""gap"", ""start"": {""filename"": ""NL-HaNA_1.04.02_3333_0263"", ""p_start"": 0.889, ""p_same_scan"": 0.008, ""header"": """", ""header_date"": """", ""header_date_across"": """", ""number"": null, ""text_start"": ""Per de Barcq Geertruyda Susanna Batavia Aan zyn Hoog Edelheid Den Hoog Edelen Groot Agtbaren Gestrengen Wydgebiedende Heere Petrus Albertus van der Parra Gouver"", ""formulas"": ""opens with genre word, salutation"", ""best_toc_match"": """", ""why_start"": [[""previous page blank"", -2.97], [""text length differs from previous page"", 2.19], [""amount of text (previous scan)"", 2.02], [""how far down the page the text reaches (previous scan)"", 1.3]]}, ""end"": {""filename"": ""NL-HaNA_1.04.02_3333_0268"", ""p_end"": 0.745, ""signature"": """", ""signature_kind"": """", ""text_end"": ""oog Edelheedens onderdanigste en gehoorsaamste Dienaaren /:getekent:/ I: V: Campen, en W=m Carpenter van Westerbeek /:in margine:/ Palembang den 21 May A„o 1771"", ""formulas"": ""closing formula, place and date at end"", ""why_end"": [[""place and date at the end"", 1.15], [""closing formula at the end (Accordeert, onderstond, ...)"", 0.76], [""header wording differs from previous header (next scan)"", 0.75], [""closing formula halfway down the page, text below"", 0.73]]}}"
3333,55,toc,NL-HaNA_1.04.02_3333_0268,NL-HaNA_1.04.02_3333_0270,3,shared,-1.324,0.601,89720;89721;89722;89723,Missive van de residenten Van Campen en Carpenter aan hun hoog edelheeden [tot Batavia] gedateert 4 April 1771.,,2.088,text;text;text;text,"{""kind"": ""toc"", ""boundary"": ""shared"", ""start"": {""filename"": ""NL-HaNA_1.04.02_3333_0268"", ""p_start"": 0.21, ""p_same_scan"": 0.83, ""header"": ""Van Palembang den 21 Mey A„o 1771"", ""header_date"": ""1771-01-01"", ""header_date_across"": ""same"", ""number"": null, ""text_start"": ""Van Palembang den 21 Mey A„o 1771 \nHebbende men de aan handen synde swarte Peeper bestaande maar in Circa 300 picols tot nadere Occagie aangehouden, op hoope di"", ""formulas"": ""closing formula, place and date at end"", ""best_toc_match"": ""48%: Missive van de residenten Van Campen en Carpenter aan hun hoog edelheeden [tot B"", ""why_start"": [[""date in header"", -0.87], [""closing formula halfway down the page, text below"", 0.86], [""text matches a ToC description"", 0.69], [""header date same as previous"", 0.69]]}, ""end"": {""filename"": ""NL-HaNA_1.04.02_3333_0270"", ""p_end"": 0.646, ""signature"": """", ""signature_kind"": """", ""text_end"": ""geschreeven tot Djamby op dingsdag den 30 van d zoel Hidjat 1184 zijnde geweest den April 1771. /:nog lager:/ vertaald door /: en was getekent :/ L„k Goossen. —"", ""formulas"": ""opens with genre word, closing formula, place and date at end"", ""why_end"": [[""place and date at the end"", 1.15], [""text matches a ToC description (next scan)"", 0.77], [""closing formula at the end (Accordeert, onderstond, ...)"", 0.76], [""closing formula halfway down the page, text below"", 0.73]]}, ""toc"": {""placed_by"": ""text"", ""placement_score"": 0.52, ""toc_start_number"": 22, ""toc_end_number"": 23, ""number_on_start_scan"": null, ""numbers_around_start"": [null, null, null], ""toc_date"": ""1771-04-04 – 1771-04-04"", ""header_date_near_start"": ""1771-01-01""}}"
3333,56,toc,NL-HaNA_1.04.02_3333_0271,NL-HaNA_1.04.02_3333_0272,2,adjacent,2.64,1.008,89724;89725;89726,Missive van de residenten Van Campen en Carpenter aan de hoge regering tot Batavia in dato 21 Meij 1771.,,14.699,evidence;text;text,"{""kind"": ""toc"", ""boundary"": ""adjacent"", ""start"": {""filename"": ""NL-HaNA_1.04.02_3333_0271"", ""p_start"": 0.933, ""p_same_scan"": 0.024, ""header"": ""Translaat malayse Brieff"", ""header_date"": """", ""header_date_across"": """", ""number"": null, ""text_start"": ""Translaat malayse Brieff \ngesz door Padoeka Siri Zulthan Anum Sirie J=ngalaga, Coning van Djamby aan den sulthan van Palembang Ontfangen Batavia 29 July a„o 177"", ""formulas"": ""opens with genre word"", ""best_toc_match"": ""91%: Translaat Malaijse brieff geschreeven door de coning van Djambij aan den Sulthan"", ""why_start"": [[""text matches a ToC description"", 1.68], [""closing formula at the end (Accordeert, onderstond, ...) (previous scan)"", 0.98], [""date in header"", 0.85], [""place and date at the end (previous scan)"", 0.75]]}, ""end"": {""filename"": ""NL-HaNA_1.04.02_3333_0272"", ""p_end"": 0.733, ""signature"": """", ""signature_kind"": """", ""text_end"": ""ner Penne /:lager:/ gesj tot Djamby op Dingsdlag den 30 van dzoel Hid jat 184 zijnde geweest den April 1771 /:nog lager:/ vertaald door /:getekend:/ L„t Goossen"", ""formulas"": ""opens with genre word, closing formula, place and date at end"", ""why_end"": [[""text length differs from previous page (next scan)"", 2.95], [""amount of text (next scan)"", 2.78], [""no text (next scan)"", -2.16], [""blank page (next scan)"", -1.56]]}, ""toc"": {""placed_by"": ""evidence"", ""placement_score"": 0.64, ""toc_start_number"": 1, ""toc_end_number"": 6, ""number_on_start_scan"": null, ""numbers_around_start"": [null, null, null], ""toc_date"": ""1771-05-21 – 1771-05-21"", ""header_date_near_start"": """"}}"
3333,57,non-document,NL-HaNA_1.04.02_3333_0273,NL-HaNA_1.04.02_3333_0278,6,gap,-4.61,-4.212,,,,,,
3333,58,toc,NL-HaNA_1.04.02_3333_0279,NL-HaNA_1.04.02_3333_0301,23,gap,2.516,0.398,89727,Missive de residenten Van Campen en Carpenter aan de hoge regering tot Batavia in dato 16 November 1771.,,4.016,evidence,"{""kind"": ""toc"", ""boundary"": ""gap"", ""start"": {""filename"": ""NL-HaNA_1.04.02_3333_0279"", ""p_start"": 0.925, ""p_same_scan"": 0.006, ""header"": """", ""header_date"": """", ""header_date_across"": """", ""number"": null, ""text_start"": ""ontfangst van haar Hoog Eedelens Missive Aan zijn Hoog Edelheijt Den Hoog Edelen Groot Achtbaren Gestrengen Weijd gebiedenden Heere Redas Moritus van der Parra "", ""formulas"": ""opens with genre word, salutation"", ""best_toc_match"": """", ""why_start"": [[""previous page blank"", -2.97], [""text length differs from previous page"", 2.24], [""amount of text (previous scan)"", 2.02], [""how far down the page the text reaches (previous scan)"", 1.3]]}, ""end"": {""filename"": ""NL-HaNA_1.04.02_3333_0301"", ""p_end"": 0.598, ""signature"": """", ""signature_kind"": """", ""text_end"": "": Klerk Verhoopende hier meede 't Patrias Extract ten genoege beantwoord te hebben honoreere ons uw Hoog Edelheedens de Negatie boekjes en daar toe specteerende"", ""formulas"": ""closing formula"", ""why_end"": [[""ToC entry ends on this page number"", 0.83], [""closing formula at the end (Accordeert, onderstond, ...)"", 0.76], [""closing formula halfway down the page, text below"", 0.73], [""opening (genre word or salutation) below the top"", 0.44]]}, ""toc"": {""placed_by"": ""evidence"", ""placement_score"": 4.02, ""toc_start_number"": 1, ""toc_end_number"": 42, ""number_on_start_scan"": null, ""numbers_around_start"": [null, null, null], ""toc_date"": ""1771-11-16 – 1771-11-16"", ""header_date_near_start"": ""1771-11-16""}}"
3333,59,subdoc,NL-HaNA_1.04.02_3333_0301,NL-HaNA_1.04.02_3333_0301,1,shared,0.746,0.398,,,89727.0,,,"{""kind"": ""subdoc"", ""boundary"": ""shared"", ""start"": {""filename"": ""NL-HaNA_1.04.02_3333_0301"", ""p_start"": 0.678, ""p_same_scan"": 0.799, ""header"": ""van Palembang den 16: Novemb 173;"", ""header_date"": """", ""header_date_across"": """", ""number"": 21.0, ""text_start"": ""van Palembang den 16: Novemb 173; \nom die in 't vervolg met meerder overlegd in te rigten wij twijffelen miet of uE zullen hebben ordre gesteld om de logie alhi"", ""formulas"": ""closing formula"", ""best_toc_match"": """", ""why_start"": [[""ToC entry starts on this page number"", 1.64], [""closing formula halfway down the page, text below"", 0.86], [""date in header"", 0.85], [""opening (genre word or salutation) below the top"", 0.67]]}, ""end"": {""filename"": ""NL-HaNA_1.04.02_3333_0301"", ""p_end"": 0.598, ""signature"": """", ""signature_kind"": """", ""text_end"": "": Klerk Verhoopende hier meede 't Patrias Extract ten genoege beantwoord te hebben honoreere ons uw Hoog Edelheedens de Negatie boekjes en daar toe specteerende"", ""formulas"": ""closing formula"", ""why_end"": [[""ToC entry ends on this page number"", 0.83], [""closing formula at the end (Accordeert, onderstond, ...)"", 0.76], [""closing formula halfway down the page, text below"", 0.73], [""opening (genre word or salutation) below the top"", 0.44]]}}"
3333,60,subdoc,NL-HaNA_1.04.02_3333_0302,NL-HaNA_1.04.02_3333_0303,2,adjacent,1.731,1.976,,,89727.0,,,"{""kind"": ""subdoc"", ""boundary"": ""adjacent"", ""start"": {""filename"": ""NL-HaNA_1.04.02_3333_0302"", ""p_start"": 0.85, ""p_same_scan"": 0.38, ""header"": ""Van Palembang den 16:e Novemb: 170;"", ""header_date"": """", ""header_date_across"": """", ""number"": null, ""text_start"": ""Van Palembang den 16:e Novemb: 170; \nbylagen mitsgaders dieder soldijen needrig aan te bieden, wijsende eerstgen„te bladeren uijt dat dit Comp= „toir deeser Iar"", ""formulas"": ""opens with genre word"", ""best_toc_match"": """", ""why_start"": [[""closing formula at the end (Accordeert, onderstond, ...) (previous scan)"", 0.98], [""closing formula halfway down the page, text below"", 0.86], [""date in header"", 0.85], [""ToC entry ends on this page number (previous scan)"", 0.77]]}, ""end"": {""filename"": ""NL-HaNA_1.04.02_3333_0303"", ""p_end"": 0.878, ""signature"": """", ""signature_kind"": """", ""text_end"": ""og gedagte 29. 13 8. Memorie ten agteren vertoont De vermonderde Lasten in A„o stantij boven die van A„o passato sijn ten voorname herkomstig van onkosten Extra"", ""formulas"": ""opens with genre word, salutation, closing then new opening on the page"", ""why_end"": [[""largest gap between lines"", 1.14], [""closing formula followed by a new opening on the page"", 1.07], [""ToC entry ends on this page number"", 0.83], [""closing formula halfway down the page, text below"", 0.73]]}}"
3333,61,subdoc,NL-HaNA_1.04.02_3333_0303,NL-HaNA_1.04.02_3333_0326,24,shared,-0.26,-0.033,,,89727.0,,,"{""kind"": ""subdoc"", ""boundary"": ""shared"", ""start"": {""filename"": ""NL-HaNA_1.04.02_3333_0303"", ""p_start"": 0.435, ""p_same_scan"": 0.646, ""header"": ""Van Palembang den 16: November 1773;"", ""header_date"": ""1773-11-16"", ""header_date_across"": """", ""number"": 23.0, ""text_start"": ""Van Palembang den 16: November 1773; \nWaar van de hoofd oorsaaken kortelijk sullen werden aangeroert wanneer uw Hoog Edelheedens derselver vergelijking met de M"", ""formulas"": ""opens with genre word, salutation, closing then new opening on the page"", ""best_toc_match"": """", ""why_start"": [[""date in header"", -0.87], [""closing formula halfway down the page, text below"", 0.86], [""closing formula followed by a new opening on the page"", 0.82], [""opening (genre word or salutation) below the top"", 0.67]]}, ""end"": {""filename"": ""NL-HaNA_1.04.02_3333_0326"", ""p_end"": 0.492, ""signature"": """", ""signature_kind"": """", ""text_end"": ""ing /:onderstond Hoog Edelen groot Agtb: gestrengen wijd gebieden den Heere en wel Edele Heeren /:Lager uw Hoog Edelheedens needrigste en gehoorsaamste Dienaren"", ""formulas"": ""opens with genre word, salutation, closing formula"", ""why_end"": [[""text length differs from previous page (next scan)"", 2.94], [""amount of text (next scan)"", 2.78], [""no text (next scan)"", -2.16], [""blank page (next scan)"", -1.56]]}}"
3333,62,non-document,NL-HaNA_1.04.02_3333_0327,NL-HaNA_1.04.02_3333_0334,8,gap,-6.454,-2.402,,,,,,
3333,63,toc,NL-HaNA_1.04.02_3333_0335,NL-HaNA_1.04.02_3333_0385,51,gap,1.353,3.22,89728,Notitie der op Palembang aangeweest zijnde vaartuijgen zedert November 1769 tot October 1770 en in dien tijd vertrokkene vaartuijgen met aanwijzing van derselver lading.,,7.913,exact,"{""kind"": ""toc"", ""boundary"": ""gap"", ""start"": {""filename"": ""NL-HaNA_1.04.02_3333_0335"", ""p_start"": 0.795, ""p_same_scan"": 0.001, ""header"": """", ""header_date"": """", ""header_date_across"": """", ""number"": 43.0, ""text_start"": ""Notitie van Sodanige vaartuijgen als alhier op de onderstaande Datums van diverse plaatsen zijn aangekomen met aanwijsing van derselver Lading geschuten Eijgena"", ""formulas"": ""opens with genre word"", ""best_toc_match"": ""57%: Notitie der op Palembang aangeweest zijnde vaartuijgen zedert November 1769 tot "", ""why_start"": [[""previous page blank"", -2.97], [""text length differs from previous page"", 2.89], [""amount of text (previous scan)"", 2.02], [""ToC entry starts on this page number"", 1.64]]}, ""end"": {""filename"": ""NL-HaNA_1.04.02_3333_0385"", ""p_end"": 0.962, ""signature"": """", ""signature_kind"": """", ""text_end"": ""g den 18=en October 1770. le Gecollationeert sijnde Accordeerende bevonden, voor 't opleesen. Sr. Peter Liederse Voor't Hasjen „ 620 _o pok Chs „ 621 siequaalhs"", ""formulas"": ""closing formula, place and date at end"", ""why_end"": [[""text length differs from previous page (next scan)"", 1.85], [""amount of text (next scan)"", 1.48], [""place and date at the end"", 1.15], [""header after pages without header (next scan)"", 0.76]]}, ""toc"": {""placed_by"": ""exact"", ""placement_score"": 7.91, ""toc_start_number"": 43, ""toc_end_number"": 89, ""number_on_start_scan"": 43.0, ""numbers_around_start"": [null, 43.0, null], ""toc_date"": ""1769-11-01 – 1770-10-31"", ""header_date_near_start"": """"}}"
3333,64,non-document,NL-HaNA_1.04.02_3333_0386,NL-HaNA_1.04.02_3333_0390,5,gap,-3.748,-4.607,,,,,,
3333,65,toc,NL-HaNA_1.04.02_3333_0391,NL-HaNA_1.04.02_3333_0421,31,gap,2.639,1.112,89729,Notitie der van Palembang vertrokkene vaartuijgen zedert October 1770 tot October 1771 en in dien tijd aangeweest zijnde vaartuijgen met aanwijzing van derselver lading.,,5.639,text,"{""kind"": ""toc"", ""boundary"": ""gap"", ""start"": {""filename"": ""NL-HaNA_1.04.02_3333_0391"", ""p_start"": 0.933, ""p_same_scan"": 0.001, ""header"": """", ""header_date"": """", ""header_date_across"": """", ""number"": null, ""text_start"": ""7. Su Baba. 8. „ Tek Notitie van Sodanige vaartuijgen als er van hier op de Na te noemene Datums naar diverse Plaatsen zijn vertrokken met aanwijsing van dersel"", ""formulas"": ""opens with genre word"", ""best_toc_match"": ""62%: Notitie der van Palembang vertrokkene vaartuijgen zedert October 1770 tot Octobe"", ""why_start"": [[""previous page blank"", -2.97], [""text length differs from previous page"", 2.75], [""amount of text (previous scan)"", 2.02], [""how far down the page the text reaches (previous scan)"", 1.3]]}, ""end"": {""filename"": ""NL-HaNA_1.04.02_3333_0421"", ""p_end"": 0.753, ""signature"": ""ieders Saven"", ""signature_kind"": ""signed"", ""text_end"": ""=s 7 „ „ Sampang en 7 koppen na Banca plabat om thin. „ 18. Palembang den 18 October Anno 1774. Gecollationeert en Accordeerende Bevonden Door ons. ieders Saven"", ""formulas"": ""closing formula, place and date at end"", ""why_end"": [[""text length differs from previous page (next scan)"", 2.88], [""amount of text (next scan)"", 2.78], [""no text (next scan)"", -2.16], [""blank page (next scan)"", -1.56]]}, ""toc"": {""placed_by"": ""text"", ""placement_score"": 5.64, ""toc_start_number"": 91, ""toc_end_number"": 143, ""number_on_start_scan"": null, ""numbers_around_start"": [null, null, null], ""toc_date"": ""1770-10-01 – 1771-10-31"", ""header_date_near_start"": """"}}"
3333,66,non-document,NL-HaNA_1.04.02_3333_0422,NL-HaNA_1.04.02_3333_0424,3,gap,-3.706,-3.43,,,,,,
3333,67,subdoc,NL-HaNA_1.04.02_3333_0425,NL-HaNA_1.04.02_3333_0449,25,gap,1.647,1.735,,,89729.0,,,"{""kind"": ""subdoc"", ""boundary"": ""gap"", ""start"": {""filename"": ""NL-HaNA_1.04.02_3333_0425"", ""p_start"": 0.839, ""p_same_scan"": 0.006, ""header"": """", ""header_date"": """", ""header_date_across"": """", ""number"": 121.0, ""text_start"": ""Notitie van sodanige Vaarthuijgen als „er alhier op de onderstaande Datums van diverse plaatsen zijn Aangekomen met aanwijsing van derselver Lading geschut en E"", ""formulas"": ""opens with genre word, closing formula"", ""best_toc_match"": ""59%: Notitie der van Palembang vertrokkene vaartuijgen zedert October 1770 tot Octobe"", ""why_start"": [[""previous page blank"", -2.97], [""text length differs from previous page"", 2.9], [""amount of text (previous scan)"", 2.02], [""how far down the page the text reaches (previous scan)"", 1.3]]}, ""end"": {""filename"": ""NL-HaNA_1.04.02_3333_0449"", ""p_end"": 0.85, ""signature"": ""Piederse Laven E"", ""signature_kind"": ""signed"", ""text_end"": ""jt geweest =m 1 n 't vaartuijg gehoort den koning alhier Palembang Den 10 October Anno 1771. Gecollationeert en Accordeerende Bevonden door ons Piederse Laven E"", ""formulas"": ""closing formula, place and date at end"", ""why_end"": [[""text length differs from previous page (next scan)"", 3.09], [""amount of text (next scan)"", 2.78], [""no text (next scan)"", -2.16], [""blank page (next scan)"", -1.56]]}}"
3333,68,non-document,NL-HaNA_1.04.02_3333_0450,NL-HaNA_1.04.02_3333_0456,7,gap,-3.839,-4.412,,,,,,
3333,69,unindexed,NL-HaNA_1.04.02_3333_0457,NL-HaNA_1.04.02_3333_0457,1,gap,2.922,-0.943,,,,,,"{""kind"": ""unindexed"", ""boundary"": ""gap"", ""start"": {""filename"": ""NL-HaNA_1.04.02_3333_0457"", ""p_start"": 0.949, ""p_same_scan"": 0.003, ""header"": """", ""header_date"": """", ""header_date_across"": """", ""number"": null, ""text_start"": ""China Rapport van het opperhoofd en super Carga Le Heureux en de verdere Cargas aan hunne hoog Edelheeden ged:t 12 xber: 1770. . . . . . . 1: Lijst van den Gene"", ""formulas"": ""opens with genre word, salutation"", ""best_toc_match"": """", ""why_start"": [[""previous page blank"", -2.97], [""text length differs from previous page"", 2.18], [""amount of text (previous scan)"", 2.02], [""how far down the page the text reaches (previous scan)"", 1.3]]}, ""end"": {""filename"": ""NL-HaNA_1.04.02_3333_0457"", ""p_end"": 0.28, ""signature"": """", ""signature_kind"": """", ""text_end"": ""he scheepen. . . . . . . 18 Missive van en aan als boven gedateerd 8: Januarij 1771. . . . . . . 25: Rapport „ „ „ Missive „ _o _ 26: _„o _„o _o _„o 26: _„o _„o"", ""formulas"": ""opens with genre word, salutation"", ""why_end"": [[""amount of text (next scan)"", 2.78], [""text length differs from previous page (next scan)"", 2.59], [""no text (next scan)"", -2.16], [""blank page (next scan)"", -1.56]]}}"
3333,70,non-document,NL-HaNA_1.04.02_3333_0458,NL-HaNA_1.04.02_3333_0460,3,gap,-7.584,-3.229,,,,,,
3333,71,unindexed,NL-HaNA_1.04.02_3333_0461,NL-HaNA_1.04.02_3333_0463,3,gap,5.417,-1.049,,,,,,"{""kind"": ""unindexed"", ""boundary"": ""gap"", ""start"": {""filename"": ""NL-HaNA_1.04.02_3333_0461"", ""p_start"": 0.996, ""p_same_scan"": 0.006, ""header"": ""Rapport Brieven etc. a"", ""header_date"": """", ""header_date_across"": """", ""number"": null, ""text_start"": ""Rapport Brieven etc. a \nvan de Supercargas te Cantonmo in China, ontvangen zedert P=mo Januarij tot ultimo April 1771:— Eerbiedig Rapport Aan zijn Hoog Edelheid"", ""formulas"": ""opens with genre word, salutation, closing then new opening on the page"", ""best_toc_match"": ""48%: Missive van het opperhoofd en supercarga F. le Heureux aan hunne hoog edelheeden"", ""why_start"": [[""previous page blank"", -2.97], [""text length differs from previous page"", 2.42], [""amount of text (previous scan)"", 2.02], [""how far down the page the text reaches (previous scan)"", 1.3]]}, ""end"": {""filename"": ""NL-HaNA_1.04.02_3333_0463"", ""p_end"": 0.259, ""signature"": """", ""signature_kind"": """", ""text_end"": ""chim ƒ China was binne geloopen, en overwinterd heeft geresolveerd de rijs na Batavia te staaken, en wederom op hier te komen, is op de te rug reise verongelukt"", ""formulas"": ""opens with genre word, salutation, closing then new opening on the page"", ""why_end"": [[""closing formula followed by a new opening on the page"", 1.07], [""closing formula halfway down the page, text below"", 0.73], [""opening (genre word or salutation) below the top"", 0.44], [""salutation near the top (Hoog Edele ...) (next scan)"", 0.33]]}}"
3333,72,unindexed,NL-HaNA_1.04.02_3333_0463,NL-HaNA_1.04.02_3333_0470,8,shared,-0.041,-1.832,,,,,,"{""kind"": ""unindexed"", ""boundary"": ""shared"", ""start"": {""filename"": ""NL-HaNA_1.04.02_3333_0463"", ""p_start"": 0.49, ""p_same_scan"": 0.888, ""header"": ""Canton in China den 12:' xber: 170:"", ""header_date"": """", ""header_date_across"": ""same"", ""number"": null, ""text_start"": ""Canton in China den 12:' xber: 170: \nVan tijd het met de cas szo uijtkomende Effectieff g'Emploijeerd of afgestooken Sb: 107826:— Omtrent het generaale fonds zo"", ""formulas"": ""opens with genre word, salutation, closing then new opening on the page"", ""best_toc_match"": """", ""why_start"": [[""closing formula halfway down the page, text below"", 0.86], [""date in header"", 0.85], [""closing formula followed by a new opening on the page"", 0.82], [""opening (genre word or salutation) below the top"", 0.67]]}, ""end"": {""filename"": ""NL-HaNA_1.04.02_3333_0470"", ""p_end"": 0.138, ""signature"": """", ""signature_kind"": """", ""text_end"": ""ontwaard hebben het Cattoene gaaren zo als hier van 't schip Burgh verkogt is een raisonnable winst aflegt uijt speculatie ten voordeele der Ed: Comp: ingevalle"", ""formulas"": ""salutation"", ""why_end"": [[""ToC entry starts on this page number (next scan)"", 1.06], [""page numbering restarts here (next scan)"", 0.55], [""opening (genre word or salutation) below the top"", 0.44], [""page numbering restarts just after"", -0.44]]}}"
3333,73,toc,NL-HaNA_1.04.02_3333_0470,NL-HaNA_1.04.02_3333_0473,4,shared,-0.783,0.49,89730,Rapport van het opperhoofd en supercarga F.le Heureux en de verdere cargas aan hunne hoog edelheedens gedateert 12 December 1770.,,1.517,interpolated,"{""kind"": ""toc"", ""boundary"": ""shared"", ""start"": {""filename"": ""NL-HaNA_1.04.02_3333_0470"", ""p_start"": 0.314, ""p_same_scan"": 0.347, ""header"": ""Canton in China den 12:' xber 1770:"", ""header_date"": ""1770-12-12"", ""header_date_across"": ""same"", ""number"": null, ""text_start"": ""Canton in China den 12:' xber 1770: \nde geringheid van quantiteit wij zo danige oprijs g'obtineerd hebben en wij verzekerd zijn andere Naties niet meerder als t"", ""formulas"": ""salutation"", ""best_toc_match"": """", ""why_start"": [[""page numbering restarts just after (previous scan)"", 4.79], [""page numbering restarts just after"", -2.56], [""date in header"", -0.87], [""header date same as previous"", 0.69]]}, ""end"": {""filename"": ""NL-HaNA_1.04.02_3333_0473"", ""p_end"": 0.62, ""signature"": """", ""signature_kind"": """", ""text_end"": ""ger:/ u Hoog Edelens ootmoedige en zeer Gehoorzame Dienaaren /:was getekend:/ F: E: Heurenx, Ioan Christoff: Steeger, J: karsseboom en A: E: v: Braam Houckgeest"", ""formulas"": ""salutation, closing formula"", ""why_end"": [[""ToC entry ends on this page number"", 0.83], [""closing formula at the end (Accordeert, onderstond, ...)"", 0.76], [""closing formula halfway down the page, text below"", 0.73], [""how far down the page the text reaches"", 0.63]]}, ""toc"": {""placed_by"": ""interpolated"", ""placement_score"": 1.52, ""toc_start_number"": 1, ""toc_end_number"": 13, ""number_on_start_scan"": null, ""numbers_around_start"": [null, null, 1.0], ""toc_date"": ""1770-12-12 – 1770-12-12"", ""header_date_near_start"": ""1770-12-12""}}"
3333,74,toc,NL-HaNA_1.04.02_3333_0474,NL-HaNA_1.04.02_3333_0492,19,adjacent,0.679,1.513,89731,Lijst van den generale aanbreng te Macao door 14 Portugeesche schepen en 33 jonken.,,2.686,text,"{""kind"": ""toc"", ""boundary"": ""adjacent"", ""start"": {""filename"": ""NL-HaNA_1.04.02_3333_0474"", ""p_start"": 0.663, ""p_same_scan"": 0.131, ""header"": """", ""header_date"": """", ""header_date_across"": ""changed"", ""number"": null, ""text_start"": ""Canton in China den 12:' dec: 1770: Eijst van den Generaalen Aanbreng te Macas door 14: Portugeese schepen te weten 1: van Lisboa Laast van Batavia 7: van de Ma"", ""formulas"": """", ""best_toc_match"": ""58%: Lijst van den generale aanbreng te Macao door 15 Portugeesche scheepen."", ""why_start"": [[""closing formula at the end (Accordeert, onderstond, ...) (previous scan)"", 0.98], [""text matches a ToC description"", 0.93], [""date in header"", 0.85], [""ToC entry ends on this page number (previous scan)"", 0.77]]}, ""end"": {""filename"": ""NL-HaNA_1.04.02_3333_0492"", ""p_end"": 0.82, ""signature"": """", ""signature_kind"": """", ""text_end"": ""er Gehoorzaame Dienaaren /:was geteekent :/ F: L: Henrenx, J: Karsseboom, en A: E: v: Braam Houchgeest /:in margine:/ Canton in China den 8:' Januarij A„o 1771:"", ""formulas"": ""salutation, closing formula, place and date at end"", ""why_end"": [[""place and date at the end"", 1.15], [""closing formula at the end (Accordeert, onderstond, ...)"", 0.76], [""closing formula halfway down the page, text below"", 0.73], [""header date differs from previous (next scan)"", 0.65]]}, ""toc"": {""placed_by"": ""text"", ""placement_score"": 2.69, ""toc_start_number"": 14, ""toc_end_number"": 18, ""number_on_start_scan"": null, ""numbers_around_start"": [13.0, null, 15.0], ""toc_date"": """", ""header_date_near_start"": ""1770-12-12""}}"
3333,75,subdoc,NL-HaNA_1.04.02_3333_0493,NL-HaNA_1.04.02_3333_0494,2,adjacent,0.962,1.292,,,89731.0,,,"{""kind"": ""subdoc"", ""boundary"": ""adjacent"", ""start"": {""filename"": ""NL-HaNA_1.04.02_3333_0493"", ""p_start"": 0.724, ""p_same_scan"": 0.021, ""header"": ""Canton in China den 26: Januarij 1771:"", ""header_date"": ""1771-01-26"", ""header_date_across"": ""changed"", ""number"": null, ""text_start"": ""Canton in China den 26: Januarij 1771: \nAan zijn Hoog Edelheid Den Hoog Edelen Groot Achtbaaren Heere Eebrus Albertus van der Parra Weegens den staat der verEen"", ""formulas"": ""opens with genre word, salutation"", ""best_toc_match"": """", ""why_start"": [[""header date differs from previous"", 1.32], [""closing formula at the end (Accordeert, onderstond, ...) (previous scan)"", 0.98], [""date in header"", -0.87], [""place and date at the end (previous scan)"", 0.75]]}, ""end"": {""filename"": ""NL-HaNA_1.04.02_3333_0494"", ""p_end"": 0.785, ""signature"": """", ""signature_kind"": """", ""text_end"": ""en zeer Gehoorzaame Dienaaren /:was geteekent:/ F: L: Henrense, j Karsseboom en A: E: v: Braam Houckgeest /:in margine:/ Canton in China den 26: Januarij 1771:—"", ""formulas"": ""closing formula, place and date at end"", ""why_end"": [[""place and date at the end"", 1.15], [""closing formula at the end (Accordeert, onderstond, ...)"", 0.76], [""closing formula halfway down the page, text below"", 0.73], [""opening (genre word or salutation) below the top"", 0.44]]}}"
3333,76,subdoc,NL-HaNA_1.04.02_3333_0494,NL-HaNA_1.04.02_3333_0494,1,shared,-0.484,1.292,,,89731.0,,,"{""kind"": ""subdoc"", ""boundary"": ""shared"", ""start"": {""filename"": ""NL-HaNA_1.04.02_3333_0494"", ""p_start"": 0.381, ""p_same_scan"": 0.849, ""header"": ""Canton in China den 26 Ianuarij 1771:"", ""header_date"": ""1771-01-26"", ""header_date_across"": ""same"", ""number"": null, ""text_start"": ""Canton in China den 26 Ianuarij 1771: \nSEd: Comp:s Burg met een gunstige gelegendheijt den 15: deser Macao gepasseerd zijnde flatteere wij ons met de spoedige a"", ""formulas"": ""closing formula, place and date at end"", ""best_toc_match"": ""44%: Lijst van den generale aanbreng te Macao door 13 Engelsche Comps., 1 Engelsche p"", ""why_start"": [[""date in header"", -0.87], [""closing formula halfway down the page, text below"", 0.86], [""header date same as previous"", 0.69], [""opening (genre word or salutation) below the top"", 0.67]]}, ""end"": {""filename"": ""NL-HaNA_1.04.02_3333_0494"", ""p_end"": 0.785, ""signature"": """", ""signature_kind"": """", ""text_end"": ""en zeer Gehoorzaame Dienaaren /:was geteekent:/ F: L: Henrense, j Karsseboom en A: E: v: Braam Houckgeest /:in margine:/ Canton in China den 26: Januarij 1771:—"", ""formulas"": ""closing formula, place and date at end"", ""why_end"": [[""place and date at the end"", 1.15], [""closing formula at the end (Accordeert, onderstond, ...)"", 0.76], [""closing formula halfway down the page, text below"", 0.73], [""opening (genre word or salutation) below the top"", 0.44]]}}"
3333,77,subdoc,NL-HaNA_1.04.02_3333_0495,NL-HaNA_1.04.02_3333_0496,2,adjacent,1.208,3.736,,,89731.0,,,"{""kind"": ""subdoc"", ""boundary"": ""adjacent"", ""start"": {""filename"": ""NL-HaNA_1.04.02_3333_0495"", ""p_start"": 0.77, ""p_same_scan"": 0.029, ""header"": ""Canton in China den 26:' Januarij A:o 171:"", ""header_date"": """", ""header_date_across"": ""same"", ""number"": null, ""text_start"": ""Canton in China den 26:' Januarij A:o 171: \nAan Zijn Hoog Edelheijt den Hoog Edelen Groot Agtbaren Heer Petrus Albertus van der Parra Weegens de staat der verEe"", ""formulas"": ""opens with genre word, salutation"", ""best_toc_match"": """", ""why_start"": [[""closing formula at the end (Accordeert, onderstond, ...) (previous scan)"", 0.98], [""date in header"", 0.85], [""place and date at the end (previous scan)"", 0.75], [""opening (genre word or salutation) below the top"", 0.67]]}, ""end"": {""filename"": ""NL-HaNA_1.04.02_3333_0496"", ""p_end"": 0.977, ""signature"": """", ""signature_kind"": """", ""text_end"": ""n pligt schuldige dinaar /:was getekent:/ F: L: Heureus /:in margine:/ Canton in China den 26:' Januarij 1771: Accordeert met de originaalen Archibald Meeterton"", ""formulas"": ""closing formula, place and date at end"", ""why_end"": [[""text length differs from previous page (next scan)"", 3.07], [""amount of text (next scan)"", 2.78], [""no text (next scan)"", -2.16], [""blank page (next scan)"", -1.56]]}}"
3333,78,subdoc,NL-HaNA_1.04.02_3333_0496,NL-HaNA_1.04.02_3333_0496,1,shared,0.064,3.736,,,89731.0,,,"{""kind"": ""subdoc"", ""boundary"": ""shared"", ""start"": {""filename"": ""NL-HaNA_1.04.02_3333_0496"", ""p_start"": 0.516, ""p_same_scan"": 0.924, ""header"": ""Canton in China den 26:' Januarij A„o 1771:"", ""header_date"": ""1771-01-26"", ""header_date_across"": ""same"", ""number"": null, ""text_start"": ""Canton in China den 26:' Januarij A„o 1771: \nzijnde alleen overgebleven 2: man namentlijk de schrijver of zoo genaamd met zijn zoon die tot nog toe niet te voor"", ""formulas"": ""closing formula, place and date at end"", ""best_toc_match"": """", ""why_start"": [[""date in header"", -0.87], [""closing formula halfway down the page, text below"", 0.86], [""header date same as previous"", 0.69], [""opening (genre word or salutation) below the top"", 0.67]]}, ""end"": {""filename"": ""NL-HaNA_1.04.02_3333_0496"", ""p_end"": 0.977, ""signature"": """", ""signature_kind"": """", ""text_end"": ""n pligt schuldige dinaar /:was getekent:/ F: L: Heureus /:in margine:/ Canton in China den 26:' Januarij 1771: Accordeert met de originaalen Archibald Meeterton"", ""formulas"": ""closing formula, place and date at end"", ""why_end"": [[""text length differs from previous page (next scan)"", 3.07], [""amount of text (next scan)"", 2.78], [""no text (next scan)"", -2.16], [""blank page (next scan)"", -1.56]]}}"
3333,79,non-document,NL-HaNA_1.04.02_3333_0497,NL-HaNA_1.04.02_3333_0508,12,gap,-4.252,-5.985,,,,,,
3333,80,subdoc,NL-HaNA_1.04.02_3333_0509,NL-HaNA_1.04.02_3333_0526,18,gap,5.553,-1.134,,,89731.0,,,"{""kind"": ""subdoc"", ""boundary"": ""gap"", ""start"": {""filename"": ""NL-HaNA_1.04.02_3333_0509"", ""p_start"": 0.996, ""p_same_scan"": 0.053, ""header"": """", ""header_date"": """", ""header_date_across"": """", ""number"": null, ""text_start"": ""Eerbiedig Rapport Aan zijn Hoog Edelheijd den Hoog Edelen Groot Achtb Heer Petrus Albertus van der Larra weegens den staat der vereenigde Nederlanden en de Gene"", ""formulas"": ""opens with genre word, salutation, closing then new opening on the page"", ""best_toc_match"": ""61%: Copia rapport der super cargas van den directen handel te Canton gedateerd den 1"", ""why_start"": [[""previous page blank"", -2.97], [""text length differs from previous page"", 2.29], [""amount of text (previous scan)"", 2.02], [""how far down the page the text reaches (previous scan)"", 1.3]]}, ""end"": {""filename"": ""NL-HaNA_1.04.02_3333_0526"", ""p_end"": 0.243, ""signature"": """", ""signature_kind"": """", ""text_end"": ""en of enige verdere Illucidatie meede te deelen welken wij egter niet konnen af zijn thans je dus danig bij deesen ter u Hoog Edelens Jnformatie te inserreeren."", ""formulas"": ""opens with genre word, salutation"", ""why_end"": [[""ToC entry starts on this page number (next scan)"", 1.06], [""header date differs from previous (next scan)"", 0.65], [""opening (genre word or salutation) below the top"", 0.44], [""next header date differs from last"", 0.37]]}}"
3333,81,toc,NL-HaNA_1.04.02_3333_0527,NL-HaNA_1.04.02_3333_0532,6,adjacent,-1.771,-1.209,89732,"Lijst van den generale aanbreng te Macao door 13 Engelsche Comps., 1 Engelsche particuliere, 2 Fransche, 2 Sweedsche en 2 Deensche scheepen.",,2.229,exact,"{""kind"": ""toc"", ""boundary"": ""adjacent"", ""start"": {""filename"": ""NL-HaNA_1.04.02_3333_0527"", ""p_start"": 0.145, ""p_same_scan"": 0.423, ""header"": ""Van Canton in China Den 15:' December 1771"", ""header_date"": ""1771-12-15"", ""header_date_across"": ""changed"", ""number"": 19.0, ""text_start"": ""Van Canton in China Den 15:' December 1771 \nSelijk wij teffens dezelve nog Eerbiedig noteren, dat wij ingevolgen derzelver Jongste aanschrijving van den 1o 25:'"", ""formulas"": """", ""best_toc_match"": """", ""why_start"": [[""ToC entry starts on this page number"", 1.64], [""header date differs from previous"", 1.32], [""date in header"", -0.87], [""opening (genre word or salutation) below the top"", 0.67]]}, ""end"": {""filename"": ""NL-HaNA_1.04.02_3333_0532"", ""p_end"": 0.23, ""signature"": """", ""signature_kind"": """", ""text_end"": ""lens zig overtuijgd houden dat wij in al onse handelingen het Intorrest der Nederlandsche Maat schappij als ons eerste en voornaamste doelwit in het oog houden."", ""formulas"": ""salutation"", ""why_end"": [[""ToC entry starts on this page number (next scan)"", 1.06], [""header date differs from previous (next scan)"", 0.65], [""opening (genre word or salutation) below the top"", 0.44], [""next header date differs from last"", 0.37]]}, ""toc"": {""placed_by"": ""exact"", ""placement_score"": 2.23, ""toc_start_number"": 19, ""toc_end_number"": 24, ""number_on_start_scan"": 19.0, ""numbers_around_start"": [null, 19.0, null], ""toc_date"": """", ""header_date_near_start"": ""1771-12-15""}}"
3333,82,toc,NL-HaNA_1.04.02_3333_0533,NL-HaNA_1.04.02_3333_0543,11,adjacent,-0.244,-0.032,89733,Missive van het opperhoofd en supercarga F. le Heureux en de verdere cargas aan hunne hoog edelheedens gedateerd 8 Januarij 1771.,,2.256,exact,"{""kind"": ""toc"", ""boundary"": ""adjacent"", ""start"": {""filename"": ""NL-HaNA_1.04.02_3333_0533"", ""p_start"": 0.439, ""p_same_scan"": 0.478, ""header"": ""Van Canton in China Den 15: December 1711:"", ""header_date"": ""1711-12-15"", ""header_date_across"": ""changed"", ""number"": 25.0, ""text_start"": ""Van Canton in China Den 15: December 1711: \nWij hebben ingevolge u hoog Edelens aanschrijving het Mallax Thin alhier afgeleeverd en tot afgeleeverd en tot onder"", ""formulas"": ""salutation"", ""best_toc_match"": """", ""why_start"": [[""ToC entry starts on this page number"", 1.64], [""header date differs from previous"", 1.32], [""date in header"", -0.87], [""closing formula halfway down the page, text below"", 0.86]]}, ""end"": {""filename"": ""NL-HaNA_1.04.02_3333_0543"", ""p_end"": 0.492, ""signature"": """", ""signature_kind"": """", ""text_end"": "", met 913. stux de 100 m=s 155575 p=rs uijtmaakende en ons tot 74: Cond=s valideerende, voor „ 115125: 5: 5 zal men een minderheijd bevinden van Fl: 2932: 2: 5:"", ""formulas"": ""salutation, closing then new opening on the page"", ""why_end"": [[""closing formula followed by a new opening on the page"", 1.07], [""closing formula halfway down the page, text below"", 0.73], [""header date differs from previous (next scan)"", 0.65], [""opening (genre word or salutation) below the top"", 0.44]]}, ""toc"": {""placed_by"": ""exact"", ""placement_score"": 2.26, ""toc_start_number"": 25, ""toc_end_number"": 32, ""number_on_start_scan"": 25.0, ""numbers_around_start"": [null, 25.0, null], ""toc_date"": ""1771-01-08 – 1771-01-08"", ""header_date_near_start"": ""1711-12-15""}}"
3333,83,toc,NL-HaNA_1.04.02_3333_0543,NL-HaNA_1.04.02_3333_0544,2,shared,-0.963,-1.345,89734,Missive van het opperhoofd en supercarga F. le Heureux en de verdere cargas aan hunne hoog edelheedens gedateerd 26 Januarij 1771.,,2.037,interpolated,"{""kind"": ""toc"", ""boundary"": ""shared"", ""start"": {""filename"": ""NL-HaNA_1.04.02_3333_0543"", ""p_start"": 0.276, ""p_same_scan"": 0.861, ""header"": ""Van Canton Jn China Den 15: December 1771"", ""header_date"": ""1771-12-15"", ""header_date_across"": ""same"", ""number"": null, ""text_start"": ""Van Canton Jn China Den 15: December 1771 \ngoed voordeel behaalt heeft, en wijl teffens ons geprojecteerde Fonds ten vollen blijven behouden. Terwijl wat aangaa"", ""formulas"": ""salutation, closing then new opening on the page"", ""best_toc_match"": """", ""why_start"": [[""date in header"", -0.87], [""closing formula halfway down the page, text below"", 0.86], [""closing formula followed by a new opening on the page"", 0.82], [""header date same as previous"", 0.69]]}, ""end"": {""filename"": ""NL-HaNA_1.04.02_3333_0544"", ""p_end"": 0.207, ""signature"": """", ""signature_kind"": """", ""text_end"": ""n laaten valideeren, dan sulx op Batavia is bereekend geworden: want stellende het marg: ff: op ƒ 26: — zal het mark van 11: p:. 20: gr. monteeren op ƒ 25. 12/¼"", ""formulas"": ""salutation"", ""why_end"": [[""ToC entry starts on this page number (next scan)"", 1.06], [""header date differs from previous (next scan)"", 0.65], [""opening (genre word or salutation) below the top"", 0.44], [""next header date differs from last"", 0.37]]}, ""toc"": {""placed_by"": ""interpolated"", ""placement_score"": 2.04, ""toc_start_number"": 33, ""toc_end_number"": 34, ""number_on_start_scan"": null, ""numbers_around_start"": [null, null, null], ""toc_date"": ""1771-01-26 – 1771-01-26"", ""header_date_near_start"": ""1771-12-15""}}"
3333,84,toc,NL-HaNA_1.04.02_3333_0545,NL-HaNA_1.04.02_3333_0557,13,adjacent,-1.74,0.343,89735,Missive van het opperhoofd en supercarga F. le Heureux aan hunne hoog edelheedens gedateerd 26 Januarij 1771.,,0.76,exact,"{""kind"": ""toc"", ""boundary"": ""adjacent"", ""start"": {""filename"": ""NL-HaNA_1.04.02_3333_0545"", ""p_start"": 0.149, ""p_same_scan"": 0.592, ""header"": ""Van Canton In China Den 1:' December 1775;"", ""header_date"": ""1775-12-01"", ""header_date_across"": ""changed"", ""number"": 35.0, ""text_start"": ""Van Canton In China Den 1:' December 1775; \nhet geen ruijm 10 p„r C„to differeerd met ƒ 23: 6:— waar op het mat sp: gereekend werd, terwijl men alhier dit dieff"", ""formulas"": """", ""best_toc_match"": """", ""why_start"": [[""ToC entry starts on this page number"", 1.64], [""header date differs from previous"", 1.32], [""date in header"", -0.87], [""opening (genre word or salutation) below the top"", 0.67]]}, ""end"": {""filename"": ""NL-HaNA_1.04.02_3333_0557"", ""p_end"": 0.585, ""signature"": """", ""signature_kind"": """", ""text_end"": "" gem: teffens op te houden; dierhalven hebben wij goed gevonden om Provisioneel de twee scheepen Het zoo en Het Lam, te depecheeren vertrouwende dat dezelve bin"", ""formulas"": ""salutation, closing then new opening on the page"", ""why_end"": [[""closing formula followed by a new opening on the page"", 1.07], [""closing formula halfway down the page, text below"", 0.73], [""header date differs from previous (next scan)"", 0.65], [""opening (genre word or salutation) below the top"", 0.44]]}, ""toc"": {""placed_by"": ""exact"", ""placement_score"": 0.76, ""toc_start_number"": 35, ""toc_end_number"": 36, ""number_on_start_scan"": 35.0, ""numbers_around_start"": [null, 35.0, null], ""toc_date"": ""1771-01-26 – 1771-01-26"", ""header_date_near_start"": ""1775-12-01""}}"
3333,85,toc,NL-HaNA_1.04.02_3333_0557,NL-HaNA_1.04.02_3333_0558,2,shared,1.771,-2.286,89736,Copia rapport der super cargas van den directen handel te Canton gedateerd den 15 December 1771.,,0.271,forced,"{""kind"": ""toc"", ""boundary"": ""shared"", ""start"": {""filename"": ""NL-HaNA_1.04.02_3333_0557"", ""p_start"": 0.855, ""p_same_scan"": 0.525, ""header"": ""van Canton Jn China Dden 16: December 173."", ""header_date"": """", ""header_date_across"": ""changed"", ""number"": 47.0, ""text_start"": ""van Canton Jn China Dden 16: December 173. \nna Europa onder hun vlag te accordeeren, gelijk dezelve dan alle op de 2. scheepen verdeelt, na derwaards zullen ver"", ""formulas"": ""salutation, closing then new opening on the page"", ""best_toc_match"": """", ""why_start"": [[""ToC entry starts on this page number"", 1.64], [""closing formula halfway down the page, text below"", 0.86], [""date in header"", 0.85], [""closing formula followed by a new opening on the page"", 0.82]]}, ""end"": {""filename"": ""NL-HaNA_1.04.02_3333_0558"", ""p_end"": 0.092, ""signature"": """", ""signature_kind"": """", ""text_end"": ""n de Cooplieden hebben konnen bekoomen, zullen wij zoo verre die magtig konnen werden met een der partugeese scheepen over Macao naar Castij/ tragten te zenden."", ""formulas"": ""salutation"", ""why_end"": [[""closing formula halfway down the page, text below"", 0.73], [""text matches a ToC description (next scan)"", 0.63], [""opening (genre word or salutation) below the top"", 0.44], [""next header date differs from last"", 0.37]]}, ""toc"": {""placed_by"": ""forced"", ""placement_score"": 0.27, ""toc_start_number"": 1, ""toc_end_number"": 48, ""number_on_start_scan"": 47.0, ""numbers_around_start"": [null, 47.0, null], ""toc_date"": ""1771-12-15 – 1771-12-15"", ""header_date_near_start"": ""1723-12-15""}}"
3333,86,toc,NL-HaNA_1.04.02_3333_0559,NL-HaNA_1.04.02_3333_0561,3,adjacent,-1.259,-2.891,89737,Lijst van den generale aanbreng te Macao door 15 Portugeesche scheepen.,,3.709,interpolated,"{""kind"": ""toc"", ""boundary"": ""adjacent"", ""start"": {""filename"": ""NL-HaNA_1.04.02_3333_0559"", ""p_start"": 0.221, ""p_same_scan"": 0.08, ""header"": ""Van Canton Jn Clina Den 15: December 175;"", ""header_date"": """", ""header_date_across"": ""changed"", ""number"": null, ""text_start"": ""Van Canton Jn Clina Den 15: December 175; \nLys van den Generaalen Aanbreng te Macao door 15: Portugeese scheepen, te weeten 1 van Batavia 1 van Bengale 1 van Ti"", ""formulas"": """", ""best_toc_match"": ""77%: Lijst van den generale aanbreng te Macao door 15 Portugeesche scheepen."", ""why_start"": [[""text matches a ToC description"", 1.36], [""date in header"", 0.85], [""header date same as previous"", -0.47], [""dotted leaders (table of contents)"", 0.41]]}, ""end"": {""filename"": ""NL-HaNA_1.04.02_3333_0561"", ""p_end"": 0.053, ""signature"": """", ""signature_kind"": """", ""text_end"": ""- - „ „ „ „ 800 „ Parlemoer - - - - - „ „ 5: â 7: —„ „ „ „ 1500 „ Rijst. - - - - . . . . „ „ 2: —: —: „ „ 150 2000 „ Roodhout - - - - - - - „ „ 7: — — „ „ 110 „"", ""formulas"": """", ""why_end"": [[""text matches a ToC description (next scan)"", 0.45], [""text matches a ToC description"", 0.43], [""next header date differs from last"", 0.37], [""dotted leaders (table of contents) (next scan)"", -0.28]]}, ""toc"": {""placed_by"": ""interpolated"", ""placement_score"": 3.71, ""toc_start_number"": 49, ""toc_end_number"": 50, ""number_on_start_scan"": null, ""numbers_around_start"": [null, null, null], ""toc_date"": """", ""header_date_near_start"": ""1775-12-15""}}"
3333,87,toc,NL-HaNA_1.04.02_3333_0562,NL-HaNA_1.04.02_3333_0566,5,adjacent,-2.346,-3.028,89738,"Lijst der aanbreng door 20 Engelsche Comps., 2 Engelsche particuliere scheepen, ook 3 Fransche, 1 Sweeds en 1 Deensch schip.",,-0.681,interpolated,"{""kind"": ""toc"", ""boundary"": ""adjacent"", ""start"": {""filename"": ""NL-HaNA_1.04.02_3333_0562"", ""p_start"": 0.087, ""p_same_scan"": 0.009, ""header"": ""Van Canton En china den 15 xber: 1775;"", ""header_date"": ""1775-12-15"", ""header_date_across"": ""same"", ""number"": null, ""text_start"": ""Van Canton En china den 15 xber: 1775; \n120:. Pik„s Tripangs. . . . . verkogt Kh: 2. papikel van 110: Cattij 10 „ Nooten. . . . . „ „ 80: — . „ „ „ 100: 10 „ Na"", ""formulas"": """", ""best_toc_match"": ""61%: Lijst van den generaelen aanbreng van 25 jonken te Canton."", ""why_start"": [[""text matches a ToC description"", 0.98], [""date in header"", -0.87], [""header date same as previous"", 0.69], [""dotted leaders (table of contents) (previous scan)"", -0.56]]}, ""end"": {""filename"": ""NL-HaNA_1.04.02_3333_0566"", ""p_end"": 0.046, ""signature"": """", ""signature_kind"": """", ""text_end"": ""2. Engelsche Countrij Scheepen Thee Elisabut en van Sittard van de kust en Bengaale 1590 Picols Flin 250. „ Peper 3000. „ Coboc 2600. Stuks diverse bonte vellen"", ""formulas"": """", ""why_end"": [[""closing formula halfway down the page, text below"", -0.27], [""share of digits"", 0.27], [""text length differs from previous page (next scan)"", -0.25], [""amount of text (next scan)"", 0.17]]}, ""toc"": {""placed_by"": ""interpolated"", ""placement_score"": -0.68, ""toc_start_number"": 50, ""toc_end_number"": 56, ""number_on_start_scan"": null, ""numbers_around_start"": [null, null, 51.0], ""toc_date"": """", ""header_date_near_start"": ""1775-12-15""}}"
3333,88,non-document,NL-HaNA_1.04.02_3333_0567,NL-HaNA_1.04.02_3333_0568,2,gap,-3.365,-5.894,,,,,,
3333,89,toc,NL-HaNA_1.04.02_3333_0569,NL-HaNA_1.04.02_3333_0570,2,gap,1.492,-2.193,89739,"Lijst der aanbreng van contanten door Engelsche, Fransche, en Deensche scheepen tot Canton.",,8.064,exact,"{""kind"": ""toc"", ""boundary"": ""gap"", ""start"": {""filename"": ""NL-HaNA_1.04.02_3333_0569"", ""p_start"": 0.816, ""p_same_scan"": 0.032, ""header"": ""Van Canton Jn China Den 15: December 1771;"", ""header_date"": ""1771-12-15"", ""header_date_across"": ""same"", ""number"": 57.0, ""text_start"": ""Van Canton Jn China Den 15: December 1771; \nDen aanbreng van Cantanten door Engelsche, france, Deensche scheepen alhier te Canton, zal volgens opgaave der Linqu"", ""formulas"": """", ""best_toc_match"": ""57%: Lijst der aanbreng van contanten door Engelsche, Fransche, en Deensche scheepen "", ""why_start"": [[""page numbering restarts just after (previous scan)"", 3.19], [""ToC entry starts on this page number"", 1.64], [""page numbering restarts just after"", -1.28], [""text matches a ToC description"", 0.9]]}, ""end"": {""filename"": ""NL-HaNA_1.04.02_3333_0570"", ""p_end"": 0.1, ""signature"": """", ""signature_kind"": """", ""text_end"": "" pikols Candij zuijker 200 „ poeder _„o 600 „ Sappanhout 1200 „ swarthout 8900 „ roodhout 2300 „ arreek 80 „ zoute vis 1 Dito van Siam 800 Pikals sappanhout 800"", ""formulas"": """", ""why_end"": [[""text matches a ToC description"", 0.6], [""page numbering restarts here (next scan)"", 0.55], [""page numbering restarts just after"", -0.44], [""how far down the page the text reaches"", -0.29]]}, ""toc"": {""placed_by"": ""exact"", ""placement_score"": 8.06, ""toc_start_number"": 57, ""toc_end_number"": 57, ""number_on_start_scan"": 57.0, ""numbers_around_start"": [null, 57.0, null], ""toc_date"": """", ""header_date_near_start"": ""1771-12-15""}}"
3333,90,toc,NL-HaNA_1.04.02_3333_0570,NL-HaNA_1.04.02_3333_0572,3,shared,0.253,0.507,89740;89741;89742,Lijst van den generaelen aanbreng van 25 jonken te Canton.,,9.86,interpolated;interpolated;interpolated,"{""kind"": ""toc"", ""boundary"": ""shared"", ""start"": {""filename"": ""NL-HaNA_1.04.02_3333_0570"", ""p_start"": 0.563, ""p_same_scan"": 0.023, ""header"": ""Van Conton Jn China Den 15: December 1771"", ""header_date"": ""1771-12-15"", ""header_date_across"": ""same"", ""number"": null, ""text_start"": ""Van Conton Jn China Den 15: December 1771 \nLijst van den Generaelen aanbreng van 25: Jonken te Canton als 8. Jonken van Cochim China 3800 Tikols arreek 3200 „ C"", ""formulas"": """", ""best_toc_match"": ""100%: Lijst van den generaelen aanbreng van 25 jonken te Canton."", ""why_start"": [[""page numbering restarts just after (previous scan)"", 4.79], [""page numbering restarts just after"", -2.56], [""text matches a ToC description"", 1.89], [""date in header"", -0.87]]}, ""end"": {""filename"": ""NL-HaNA_1.04.02_3333_0572"", ""p_end"": 0.624, ""signature"": """", ""signature_kind"": """", ""text_end"": ""z August Radar Le Beijostskij. Haare K: K: P: M: koning van Hungarn, overste uijt de Krijijs gevan genschap /In margine:/ d: 8: Julij 171 aan de Kust van Toaza."", ""formulas"": ""closing formula"", ""why_end"": [[""text length differs from previous page (next scan)"", 2.84], [""amount of text (next scan)"", 2.78], [""no text (next scan)"", -2.16], [""blank page (next scan)"", -1.56]]}, ""toc"": {""placed_by"": ""interpolated"", ""placement_score"": 7.05, ""toc_start_number"": 58, ""toc_end_number"": 58, ""number_on_start_scan"": null, ""numbers_around_start"": [57.0, null, 3.0], ""toc_date"": """", ""header_date_near_start"": ""1771-12-15""}}"
3333,91,non-document,NL-HaNA_1.04.02_3333_0573,NL-HaNA_1.04.02_3333_0578,6,gap,-5.459,-3.89,,,,,,
3333,92,subdoc,NL-HaNA_1.04.02_3333_0579,NL-HaNA_1.04.02_3333_0601,23,gap,2.55,0.175,,,89742.0,,,"{""kind"": ""subdoc"", ""boundary"": ""gap"", ""start"": {""filename"": ""NL-HaNA_1.04.02_3333_0579"", ""p_start"": 0.928, ""p_same_scan"": 0.006, ""header"": """", ""header_date"": """", ""header_date_across"": """", ""number"": null, ""text_start"": ""Batavia Aan zijn Edelheijd Den Hoog Edelen Gestrengen Groot Agtbaaren Heere Petrus Abertus van der Parra Gouverneur Generaal beneevens De wel Edele groot Agtbaa"", ""formulas"": ""opens with genre word, salutation"", ""best_toc_match"": """", ""why_start"": [[""previous page blank"", -2.97], [""text length differs from previous page"", 2.26], [""amount of text (previous scan)"", 2.02], [""how far down the page the text reaches (previous scan)"", 1.3]]}, ""end"": {""filename"": ""NL-HaNA_1.04.02_3333_0601"", ""p_end"": 0.544, ""signature"": """", ""signature_kind"": """", ""text_end"": ""en van India gedateert 7:' october 1769 vervattende de materie van Japan alwaar den handel in 1767 genoegsaam op den selven voet is gedreeven, als zulks seedert"", ""formulas"": ""closing then new opening on the page"", ""why_end"": [[""closing formula followed by a new opening on the page"", 1.07], [""ToC entry ends on this page number"", 0.83], [""closing formula halfway down the page, text below"", 0.73], [""opening (genre word or salutation) below the top"", 0.44]]}}"
3333,93,subdoc,NL-HaNA_1.04.02_3333_0601,NL-HaNA_1.04.02_3333_0615,15,shared,0.949,5.042,,,89742.0,,,"{""kind"": ""subdoc"", ""boundary"": ""shared"", ""start"": {""filename"": ""NL-HaNA_1.04.02_3333_0601"", ""p_start"": 0.721, ""p_same_scan"": 0.953, ""header"": """", ""header_date"": """", ""header_date_across"": """", ""number"": 21.0, ""text_start"": ""aanstelling van den scriba ten desen Comptoire de ministers hebben gestelt soo op het b'eedigen der Notarissen, als op het houden van behoorlijke prothocollen, "", ""formulas"": ""closing then new opening on the page"", ""best_toc_match"": ""41%: Missive van het opperhoofd en supercarga F. le Heureux aan hunne hoog edelheeden"", ""why_start"": [[""ToC entry starts on this page number"", 1.64], [""closing formula halfway down the page, text below"", 0.86], [""date in header"", 0.85], [""closing formula followed by a new opening on the page"", 0.82]]}, ""end"": {""filename"": ""NL-HaNA_1.04.02_3333_0615"", ""p_end"": 0.994, ""signature"": ""Accordeert H„k Geerling Hetw Scribees"", ""signature_kind"": ""collation"", ""text_end"": ""Freudeman P„n A:tk V:n Bijsterveldt H„ G„ Duurkoop /ter zijde/ Iapan ten Comptoire Nangazackij den 16:e November A„o 1770. Accordeert H„k Geerling Hetw Scribees"", ""formulas"": ""salutation, closing formula, place and date at end"", ""why_end"": [[""text length differs from previous page (next scan)"", 2.98], [""amount of text (next scan)"", 2.78], [""no text (next scan)"", -2.16], [""blank page (next scan)"", -1.56]]}}"
3333,94,subdoc,NL-HaNA_1.04.02_3333_0615,NL-HaNA_1.04.02_3333_0615,1,shared,-0.777,5.042,,,89742.0,,,"{""kind"": ""subdoc"", ""boundary"": ""shared"", ""start"": {""filename"": ""NL-HaNA_1.04.02_3333_0615"", ""p_start"": 0.315, ""p_same_scan"": 0.035, ""header"": ""selve met uw Hoog Edele Groot Agtbaarheedens hooge"", ""header_date"": """", ""header_date_across"": """", ""number"": 35.0, ""text_start"": ""selve met uw Hoog Edele Groot Agtbaarheedens hooge \ngoedkeuring mag bekroont worden zullen deese besluijten met vierige beede, tot den alleen wijze, en & albest"", ""formulas"": ""salutation, closing formula, place and date at end"", ""best_toc_match"": """", ""why_start"": [[""ToC entry starts on this page number"", 1.64], [""collation mark on this page"", -0.93], [""closing formula halfway down the page, text below"", 0.86], [""date in header"", 0.85]]}, ""end"": {""filename"": ""NL-HaNA_1.04.02_3333_0615"", ""p_end"": 0.994, ""signature"": ""Accordeert H„k Geerling Hetw Scribees"", ""signature_kind"": ""collation"", ""text_end"": ""Freudeman P„n A:tk V:n Bijsterveldt H„ G„ Duurkoop /ter zijde/ Iapan ten Comptoire Nangazackij den 16:e November A„o 1770. Accordeert H„k Geerling Hetw Scribees"", ""formulas"": ""salutation, closing formula, place and date at end"", ""why_end"": [[""text length differs from previous page (next scan)"", 2.98], [""amount of text (next scan)"", 2.78], [""no text (next scan)"", -2.16], [""blank page (next scan)"", -1.56]]}}"
3333,95,non-document,NL-HaNA_1.04.02_3333_0616,NL-HaNA_1.04.02_3333_0616,1,gap,-5.293,-3.312,,,,,,
3333,96,toc,NL-HaNA_1.04.02_3333_0617,NL-HaNA_1.04.02_3333_0643,27,gap,3.965,2.017,89743,Missive van het opperhoofd en raad te Japan aan de hoge regering tot Batavia in dato 9 November 1771.,,7.965,exact,"{""kind"": ""toc"", ""boundary"": ""gap"", ""start"": {""filename"": ""NL-HaNA_1.04.02_3333_0617"", ""p_start"": 0.981, ""p_same_scan"": 0.0, ""header"": ""Batavia"", ""header_date"": """", ""header_date_across"": """", ""number"": 36.0, ""text_start"": ""ve en bijlaagen ontfangen. \nBatavia \nAan zijn Edelheijd Den Hoog Edele Gestrenge Groot Agtbaaren Heere ƒ Petrus Albertus van der Parra Gouverneur Generaal, Bene"", ""formulas"": ""opens with genre word, salutation"", ""best_toc_match"": """", ""why_start"": [[""previous page blank"", -2.97], [""text length differs from previous page"", 2.29], [""amount of text (previous scan)"", 2.02], [""ToC entry starts on this page number"", 1.64]]}, ""end"": {""filename"": ""NL-HaNA_1.04.02_3333_0643"", ""p_end"": 0.883, ""signature"": ""H b. Duurkoop - | ABeuk Toesat"", ""signature_kind"": ""signed"", ""text_end"": ""e Gestrenge Groot Agtbaare ootmoedige en gehoorsaame dienaaren Iapan ten Comptoire Nangazackij den 9„' November Ja1771 V: Armenault - H b. Duurkoop ABeuk Toesat"", ""formulas"": ""closing formula, place and date at end"", ""why_end"": [[""text length differs from previous page (next scan)"", 3.14], [""amount of text (next scan)"", 2.78], [""no text (next scan)"", -2.16], [""blank page (next scan)"", -1.56]]}, ""toc"": {""placed_by"": ""exact"", ""placement_score"": 7.97, ""toc_start_number"": 36, ""toc_end_number"": 62, ""number_on_start_scan"": 36.0, ""numbers_around_start"": [null, 36.0, null], ""toc_date"": ""1771-11-09 – 1771-11-09"", ""header_date_near_start"": """"}}"
3333,97,non-document,NL-HaNA_1.04.02_3333_0644,NL-HaNA_1.04.02_3333_0648,5,gap,-4.431,-3.237,,,,,,
3333,98,unindexed,NL-HaNA_1.04.02_3333_0649,NL-HaNA_1.04.02_3333_0650,2,gap,-0.849,-0.046,,,,,,"{""kind"": ""unindexed"", ""boundary"": ""gap"", ""start"": {""filename"": ""NL-HaNA_1.04.02_3333_0649"", ""p_start"": 0.3, ""p_same_scan"": 0.001, ""header"": ""Resolutie Genoomen | Vrijdag den 31=en Augustus A=o 1770."", ""header_date"": ""1770-08-31"", ""header_date_across"": """", ""number"": null, ""text_start"": ""Resolutie Genoomen \nin Raede van Politie Naa de presend zijnde Leeden bij den anderen verschee= :nen waaren, Jntroduceerde het praesideerende Opperhoofd Elias d"", ""formulas"": ""opens with genre word"", ""best_toc_match"": """", ""why_start"": [[""previous page blank"", -2.97], [""text length differs from previous page"", 2.38], [""amount of text (previous scan)"", 2.02], [""how far down the page the text reaches (previous scan)"", 1.3]]}, ""end"": {""filename"": ""NL-HaNA_1.04.02_3333_0650"", ""p_end"": 0.489, ""signature"": """", ""signature_kind"": """", ""text_end"": ""geresolveerd en G'Arresteerd in Japan ten Comptoire Nangarackij dato Voor (was geteekent Elphert Elias, do: Armenault, Rm Feudeman, P AO Bijsterveld gesa scriba"", ""formulas"": ""opens with genre word, closing formula"", ""why_end"": [[""text length differs from previous page (next scan)"", 2.88], [""amount of text (next scan)"", 2.78], [""no text (next scan)"", -2.16], [""blank page (next scan)"", -1.56]]}}"
3333,99,non-document,NL-HaNA_1.04.02_3333_0651,NL-HaNA_1.04.02_3333_0652,2,gap,-5.334,-3.251,,,,,,
3333,100,toc,NL-HaNA_1.04.02_3333_0653,NL-HaNA_1.04.02_3333_0655,3,gap,2.348,2.463,89744,Resolutien genoomen in rade van politie 't zedert 31 Augustus anno 1770 tot 9 November 1771.,,4.37,text,"{""kind"": ""toc"", ""boundary"": ""gap"", ""start"": {""filename"": ""NL-HaNA_1.04.02_3333_0653"", ""p_start"": 0.913, ""p_same_scan"": 0.001, ""header"": ""Resolutie Genoomen"", ""header_date"": """", ""header_date_across"": """", ""number"": null, ""text_start"": ""Resolutie Genoomen \nin Raade van Politie Saturdag den 7=e September a:o 1770: Don het Regeerend Opperhoofd Elias volgens Resolutie van v den 31:e Augustus Verga"", ""formulas"": ""opens with genre word"", ""best_toc_match"": ""50%: Resolutien genoomen in rade van politie 't zedert 31 Augustus anno 1770 tot 9 No"", ""why_start"": [[""previous page blank"", -2.97], [""text length differs from previous page"", 2.6], [""amount of text (previous scan)"", 2.02], [""how far down the page the text reaches (previous scan)"", 1.3]]}, ""end"": {""filename"": ""NL-HaNA_1.04.02_3333_0655"", ""p_end"": 0.921, ""signature"": ""accordeert k Geerling gespr. Scriba"", ""signature_kind"": ""collation"", ""text_end"": ""was geteekent:/ Alphert Elias d:o Amenault R:s Freudeman P Ar Bijstervelt, H: Godpee Duurkoop en Jan Schuts p: gescr: scriba accordeert k Geerling gespr. Scriba"", ""formulas"": ""opens with genre word, closing formula"", ""why_end"": [[""amount of text (next scan)"", 1.36], [""how far down the page the text reaches"", 1.16], [""signature on this page (next scan)"", 1.06], [""collation mark on this page"", 1.06]]}, ""toc"": {""placed_by"": ""text"", ""placement_score"": 4.37, ""toc_start_number"": 64, ""toc_end_number"": 85, ""number_on_start_scan"": null, ""numbers_around_start"": [null, null, null], ""toc_date"": ""1770-08-31 – 1771-11-09"", ""header_date_near_start"": """"}}"
3333,101,non-document,NL-HaNA_1.04.02_3333_0656,NL-HaNA_1.04.02_3333_0656,1,gap,-6.773,-2.488,,,,,,
3333,102,subdoc,NL-HaNA_1.04.02_3333_0657,NL-HaNA_1.04.02_3333_0658,2,gap,3.01,2.041,,,89744.0,,,"{""kind"": ""subdoc"", ""boundary"": ""gap"", ""start"": {""filename"": ""NL-HaNA_1.04.02_3333_0657"", ""p_start"": 0.953, ""p_same_scan"": 0.0, ""header"": ""Op | Vaandag den 1:' October a:o 170"", ""header_date"": """", ""header_date_across"": """", ""number"": 70.0, ""text_start"": ""Op \nResolutie Genoomen in Raade van Politie Da dat de Leeden deezer Vergadering door het Regeerend Opperhoofd Elias geconvoceert zijnde, wierd de laast genoome "", ""formulas"": ""opens with genre word"", ""best_toc_match"": """", ""why_start"": [[""how far down the page the text reaches (previous scan)"", 1.3], [""text length differs from previous page"", 1.08], [""amount of text (previous scan)"", 0.99], [""very little text (previous scan)"", 0.92]]}, ""end"": {""filename"": ""NL-HaNA_1.04.02_3333_0658"", ""p_end"": 0.885, ""signature"": ""Accordeert H„k Geerling ƒ gen. Sember"", ""signature_kind"": ""collation"", ""text_end"": ""ekent:/ Elphert Elias D: Arme= „nault R: Freudeman, P Av Bijsterveld H:k Godfried Deunkoop en Jan Schits p:l gesw: Scribar Accordeert H„k Geerling ƒ gen. Sember"", ""formulas"": ""closing formula"", ""why_end"": [[""amount of text (next scan)"", 2.78], [""text length differs from previous page (next scan)"", 2.42], [""no text (next scan)"", -2.16], [""blank page (next scan)"", -1.56]]}}"
3333,103,non-document,NL-HaNA_1.04.02_3333_0659,NL-HaNA_1.04.02_3333_0660,2,gap,-5.682,-2.748,,,,,,
3333,104,subdoc,NL-HaNA_1.04.02_3333_0661,NL-HaNA_1.04.02_3333_0662,2,gap,1.839,2.242,,,89744.0,,,"{""kind"": ""subdoc"", ""boundary"": ""gap"", ""start"": {""filename"": ""NL-HaNA_1.04.02_3333_0661"", ""p_start"": 0.863, ""p_same_scan"": 0.0, ""header"": """", ""header_date"": """", ""header_date_across"": """", ""number"": 72.0, ""text_start"": ""Resolutie Genoomen in Raade van Politie Donderdag den 18='e October A=o 1778 Naa dat de Gezaamentlijke Leeden op Convocatie vant Regeerend Opperhoofd bij Elkand"", ""formulas"": ""opens with genre word"", ""best_toc_match"": """", ""why_start"": [[""how far down the page the text reaches (previous scan)"", 1.3], [""text length differs from previous page"", 1.14], [""amount of text (previous scan)"", 1.0], [""very little text (previous scan)"", 0.92]]}, ""end"": {""filename"": ""NL-HaNA_1.04.02_3333_0662"", ""p_end"": 0.904, ""signature"": ""Accordeert H„k Geerling Gestr. Scriber 171"", ""signature_kind"": ""collation"", ""text_end"": "" geteeken't Elphert Elias, d' Armenault Rd Feudeman, P Av Beijsterveld H=k G. Duurkoop en Jan Schuts p:l gesw: Schiba Accordeert H„k Geerling 171 Gestr. Scriber"", ""formulas"": ""closing formula"", ""why_end"": [[""amount of text (next scan)"", 2.78], [""text length differs from previous page (next scan)"", 2.55], [""no text (next scan)"", -2.16], [""blank page (next scan)"", -1.56]]}}"
3333,105,non-document,NL-HaNA_1.04.02_3333_0663,NL-HaNA_1.04.02_3333_0664,2,gap,-6.065,-0.855,,,,,,
3333,106,subdoc,NL-HaNA_1.04.02_3333_0665,NL-HaNA_1.04.02_3333_0665,1,gap,1.689,-1.691,,,89744.0,,,"{""kind"": ""subdoc"", ""boundary"": ""gap"", ""start"": {""filename"": ""NL-HaNA_1.04.02_3333_0665"", ""p_start"": 0.844, ""p_same_scan"": 0.0, ""header"": """", ""header_date"": """", ""header_date_across"": """", ""number"": null, ""text_start"": ""Resolutie Genoomen in Raade van Politie Vrijdag den 16:' November 1770. De Leeden bij Elkanderen Verscheenen zijnde wierden alle de in gereedheijd weesende papi"", ""formulas"": ""opens with genre word, salutation, closing formula"", ""best_toc_match"": ""48%: Resolutien genoomen in rade van politie 't zedert 31 Augustus anno 1770 tot 9 No"", ""why_start"": [[""signature on this page"", -1.84], [""how far down the page the text reaches (previous scan)"", 1.3], [""amount of text (previous scan)"", 0.99], [""very little text (previous scan)"", 0.92]]}, ""end"": {""filename"": ""NL-HaNA_1.04.02_3333_0665"", ""p_end"": 0.156, ""signature"": ""H:k Geerling gesw. Scripa"", ""signature_kind"": ""signed"", ""text_end"": ""ato voorsz: /was geteekent:/ Olphert Elias d:o Armenault, B=e d Feudeman : Ptr Bijsterveld H=k G Duurkoop en Jan Schuts p: Gesw Schiba H:k Geerling gesw. Scripa"", ""formulas"": ""opens with genre word, salutation, closing formula"", ""why_end"": [[""amount of text (next scan)"", 2.78], [""text length differs from previous page (next scan)"", 2.62], [""no text (next scan)"", -2.16], [""blank page (next scan)"", -1.56]]}}"
3333,107,non-document,NL-HaNA_1.04.02_3333_0666,NL-HaNA_1.04.02_3333_0668,3,gap,-5.046,-1.695,,,,,,
3333,108,subdoc,NL-HaNA_1.04.02_3333_0669,NL-HaNA_1.04.02_3333_0670,2,gap,-0.12,2.307,,,89744.0,,,"{""kind"": ""subdoc"", ""boundary"": ""gap"", ""start"": {""filename"": ""NL-HaNA_1.04.02_3333_0669"", ""p_start"": 0.47, ""p_same_scan"": 0.008, ""header"": """", ""header_date"": """", ""header_date_across"": """", ""number"": 76.0, ""text_start"": ""Resolutie Tenoomen in Raade van Politie Saturdag den 3„e Augustus 1771. Dese vergadering Eenelijk belegd, zijnde, om de Leeden kenmisse te geeven, de opper rapp"", ""formulas"": ""opens with genre word"", ""best_toc_match"": ""47%: Copia resolutien van den 18 Maart tot den 15 Augustus anno 1771."", ""why_start"": [[""text length differs from previous page"", 1.26], [""amount of text (previous scan)"", 1.01], [""very little text (previous scan)"", 0.92], [""date in header"", 0.85]]}, ""end"": {""filename"": ""NL-HaNA_1.04.02_3333_0670"", ""p_end"": 0.909, ""signature"": ""accordeert H„k Geerling gesw Scriba Hoeskak: J: H: Haringa, H:r G„ Duurkoop . H:s Geeling Gensen ba"", ""signature_kind"": ""collation"", ""text_end"": "" ut Supra was geteekent:/ D„l Armenault, A:s W„m Puth, E: E: Hoeskak: J: H: Haringa, H:r G„ Duurkoop . H:s Geeling Gensen ba accordeert H„k Geerling gesw Scriba"", ""formulas"": ""closing formula"", ""why_end"": [[""amount of text (next scan)"", 2.78], [""text length differs from previous page (next scan)"", 2.67], [""no text (next scan)"", -2.16], [""blank page (next scan)"", -1.56]]}}"
3333,109,non-document,NL-HaNA_1.04.02_3333_0671,NL-HaNA_1.04.02_3333_0676,6,gap,-5.964,-3.771,,,,,,
3333,110,subdoc,NL-HaNA_1.04.02_3333_0677,NL-HaNA_1.04.02_3333_0680,4,gap,0.337,1.625,,,89744.0,,,"{""kind"": ""subdoc"", ""boundary"": ""gap"", ""start"": {""filename"": ""NL-HaNA_1.04.02_3333_0677"", ""p_start"": 0.584, ""p_same_scan"": 0.027, ""header"": """", ""header_date"": """", ""header_date_across"": """", ""number"": 80.0, ""text_start"": ""Resolutie Genoomen in Raade van Politie Vrijdag den 18. October 1771. Door het voorsittend Lid aan de Leeden ter kennisse gebragt zijnde de Opperrapporteur Genn"", ""formulas"": ""opens with genre word"", ""best_toc_match"": """", ""why_start"": [[""previous page blank"", -2.97], [""text length differs from previous page"", 2.55], [""amount of text (previous scan)"", 2.02], [""how far down the page the text reaches (previous scan)"", 1.3]]}, ""end"": {""filename"": ""NL-HaNA_1.04.02_3333_0680"", ""p_end"": 0.836, ""signature"": ""Accordeert. H„k Geerling Geow Terba"", ""signature_kind"": ""collation"", ""text_end"": ""ut supra /was geteekent/ d:s Armenault, A: W: Feith E„s C: Stoesak I: H: Harringa, H: G: Duurkoop, H:k Geerling geswt: Souda Accordeert. H„k Geerling Geow Terba"", ""formulas"": ""closing formula"", ""why_end"": [[""largest gap between lines"", 1.14], [""collation mark on this page"", 1.06], [""collation mark on previous page (next scan)"", 1.05], [""very little text"", -0.79]]}}"
3333,111,subdoc,NL-HaNA_1.04.02_3333_0681,NL-HaNA_1.04.02_3333_0682,2,adjacent,-0.362,0.279,,,89744.0,,,"{""kind"": ""subdoc"", ""boundary"": ""adjacent"", ""start"": {""filename"": ""NL-HaNA_1.04.02_3333_0681"", ""p_start"": 0.41, ""p_same_scan"": 0.001, ""header"": ""op"", ""header_date"": """", ""header_date_across"": """", ""number"": 84.0, ""text_start"": ""op \nResolutie genoomen in Raade van Politie Woensdag den 31' Julij 1771— Door het regeerend opperhoofd Daniel Armenault vergadering, belegd, zijnde wierd 't aan"", ""formulas"": ""opens with genre word, closing formula"", ""best_toc_match"": """", ""why_start"": [[""closing formula at the end (Accordeert, onderstond, ...) (previous scan)"", 0.98], [""very little text (previous scan)"", 0.92], [""date in header"", 0.85], [""opening (genre word or salutation) below the top"", 0.67]]}, ""end"": {""filename"": ""NL-HaNA_1.04.02_3333_0682"", ""p_end"": 0.569, ""signature"": """", ""signature_kind"": """", ""text_end"": ""an Ten Comptoire Nangazackij datum tet Supra /was geteekent:/ 67 D„ Armenault A W Feith: E: C: Hoesak, I H Harringa H: G„t Duurkoop en H„k Geerling Gest: Scriba"", ""formulas"": ""salutation, closing formula"", ""why_end"": [[""text length differs from previous page (next scan)"", 3.2], [""amount of text (next scan)"", 2.78], [""no text (next scan)"", -2.16], [""blank page (next scan)"", -1.56]]}}"
3333,112,non-document,NL-HaNA_1.04.02_3333_0683,NL-HaNA_1.04.02_3333_0686,4,gap,-5.222,-6.127,,,,,,
3333,113,toc,NL-HaNA_1.04.02_3333_0687,NL-HaNA_1.04.02_3333_0705,19,gap,3.116,0.996,89745,Copia Japans rapport en korte schets van den handel d'anno 1771.,,9.116,text,"{""kind"": ""toc"", ""boundary"": ""gap"", ""start"": {""filename"": ""NL-HaNA_1.04.02_3333_0687"", ""p_start"": 0.958, ""p_same_scan"": 0.003, ""header"": """", ""header_date"": """", ""header_date_across"": """", ""number"": null, ""text_start"": ""Eerbiedig Rappert e Aan zijn Hoog Edelheid Den Hoog Edele Groot agtb: Gestrenge Heere Petrus Albertus Van der Parra Gouverneur Generaal beneevens de Wel Edele H"", ""formulas"": ""opens with genre word, salutation"", ""best_toc_match"": ""100%: Copia Japans rapport en korte schets van den handel d'anno 1771."", ""why_start"": [[""previous page blank"", -2.97], [""text length differs from previous page"", 2.34], [""amount of text (previous scan)"", 2.02], [""how far down the page the text reaches (previous scan)"", 1.3]]}, ""end"": {""filename"": ""NL-HaNA_1.04.02_3333_0705"", ""p_end"": 0.73, ""signature"": """", ""signature_kind"": """", ""text_end"": ""zeer ootmoedige en Gehoorzaame Dienaas /:was getekent:/ Z J: Armenault /:in margine:/ in het schip Burgh Zeilende af en aan de Rhedes Van Batavia den Accordeert"", ""formulas"": ""opens with genre word, salutation, closing formula"", ""why_end"": [[""amount of text (next scan)"", 2.78], [""text length differs from previous page (next scan)"", 2.7], [""no text (next scan)"", -2.16], [""blank page (next scan)"", -1.56]]}, ""toc"": {""placed_by"": ""text"", ""placement_score"": 9.12, ""toc_start_number"": 87, ""toc_end_number"": 108, ""number_on_start_scan"": null, ""numbers_around_start"": [null, null, null], ""toc_date"": ""1771-01-01 – 1771-12-31"", ""header_date_near_start"": """"}}"
3333,114,non-document,NL-HaNA_1.04.02_3333_0706,NL-HaNA_1.04.02_3333_0706,1,gap,-4.777,-3.338,,,,,,
3333,115,subdoc,NL-HaNA_1.04.02_3333_0707,NL-HaNA_1.04.02_3333_0708,2,gap,0.527,-2.329,,,89745.0,,,"{""kind"": ""subdoc"", ""boundary"": ""gap"", ""start"": {""filename"": ""NL-HaNA_1.04.02_3333_0707"", ""p_start"": 0.629, ""p_same_scan"": 0.0, ""header"": ""korte schits van den Iapance Handel d'A: 717"", ""header_date"": """", ""header_date_across"": """", ""number"": 10.0, ""text_start"": ""korte schits van den Iapance Handel d'A: 717 \nWeegens de Verbleevene restanten van ao pas:o ƒ 55748:—:8 - „ 't aangebragte p:r 't schip Burgh „ 19621:6:8 „ „ — "", ""formulas"": """", ""best_toc_match"": """", ""why_start"": [[""previous page blank"", -2.97], [""text length differs from previous page"", 2.65], [""amount of text (previous scan)"", 2.02], [""how far down the page the text reaches (previous scan)"", 1.3]]}, ""end"": {""filename"": ""NL-HaNA_1.04.02_3333_0708"", ""p_end"": 0.089, ""signature"": """", ""signature_kind"": """", ""text_end"": ""bestaat in ttaafkooper sijn geraffineerd diverse balijs met provisien Camphur, koopen re raamen, Lakwerken, leedige kisjes en Eenige planken tot gar„ mering & &"", ""formulas"": """", ""why_end"": [[""amount of text (next scan)"", 2.78], [""text length differs from previous page (next scan)"", 2.18], [""no text (next scan)"", -2.16], [""blank page (next scan)"", -1.56]]}}"
3333,116,non-document,NL-HaNA_1.04.02_3333_0709,NL-HaNA_1.04.02_3333_0714,6,gap,-4.866,-3.637,,,,,,
3333,117,subdoc,NL-HaNA_1.04.02_3333_0715,NL-HaNA_1.04.02_3333_0715,1,gap,1.801,-1.216,,,89745.0,,,"{""kind"": ""subdoc"", ""boundary"": ""gap"", ""start"": {""filename"": ""NL-HaNA_1.04.02_3333_0715"", ""p_start"": 0.858, ""p_same_scan"": 0.0, ""header"": ""Japan"", ""header_date"": """", ""header_date_across"": """", ""number"": null, ""text_start"": ""Japan \nRapport van de per het schip Burgh van een verloorene reijse naar Japan Pag: uit Canton in China alhier gereverteerde pakhuismr en negotie boekhouder den"", ""formulas"": ""opens with genre word, salutation"", ""best_toc_match"": """", ""why_start"": [[""previous page blank"", -2.97], [""text length differs from previous page"", 2.39], [""amount of text (previous scan)"", 2.02], [""how far down the page the text reaches (previous scan)"", 1.3]]}, ""end"": {""filename"": ""NL-HaNA_1.04.02_3333_0715"", ""p_end"": 0.229, ""signature"": """", ""signature_kind"": """", ""text_end"": ""ningen van het meerm: schip - - . . 65 Rapport van de supercarga van Braam Honkgeest wegens gedane reparatie aan Burgh - - - - - - - - - - - - _ - - - - - - - -"", ""formulas"": ""opens with genre word, salutation"", ""why_end"": [[""text length differs from previous page (next scan)"", 2.84], [""amount of text (next scan)"", 2.78], [""no text (next scan)"", -2.16], [""blank page (next scan)"", -1.56]]}}"
3333,118,non-document,NL-HaNA_1.04.02_3333_0716,NL-HaNA_1.04.02_3333_0718,3,gap,-7.084,-3.652,,,,,,
3333,119,toc,NL-HaNA_1.04.02_3333_0719,NL-HaNA_1.04.02_3333_0765,47,gap,1.957,1.328,89746,Rapport van de per het schip Burgh van een verloorene reijse naar Japan uit Canton in China tot Batavia gereverteerde pakhuismeester en negotie boekhouder den koopman Feijth en onderkoopman Stoeksak aan hunne hoog edelheeden [tot Batavia] in dato 10 Februarij 1771.,,1.957,evidence,"{""kind"": ""toc"", ""boundary"": ""gap"", ""start"": {""filename"": ""NL-HaNA_1.04.02_3333_0719"", ""p_start"": 0.876, ""p_same_scan"": 0.013, ""header"": """", ""header_date"": """", ""header_date_across"": """", ""number"": null, ""text_start"": ""Eerbiedig Rapport Aan zijn Hoog Edelheid. Den Hoog Edelen groot Achtbaren Heere. Petrus Albertus van der Tarva. Gouverneur Generaal. Benevens De verdere wel Ede"", ""formulas"": ""opens with genre word, salutation"", ""best_toc_match"": """", ""why_start"": [[""previous page blank"", -2.97], [""text length differs from previous page"", 2.17], [""amount of text (previous scan)"", 2.02], [""how far down the page the text reaches (previous scan)"", 1.3]]}, ""end"": {""filename"": ""NL-HaNA_1.04.02_3333_0765"", ""p_end"": 0.791, ""signature"": """", ""signature_kind"": """", ""text_end"": ""e Dienaren /:was getekend:/ A: W: Feith en C: Htoesak /:in morgine:/ In't schip E: Burgh zijlende af en aan de reede van Batavia den 10: Februarij 1771:—. Corte"", ""formulas"": ""salutation, closing formula, place and date at end"", ""why_end"": [[""place and date at the end"", 1.15], [""text matches a ToC description (next scan)"", 0.8], [""closing formula at the end (Accordeert, onderstond, ...)"", 0.76], [""closing formula halfway down the page, text below"", 0.73]]}, ""toc"": {""placed_by"": ""evidence"", ""placement_score"": 1.96, ""toc_start_number"": 1, ""toc_end_number"": 45, ""number_on_start_scan"": null, ""numbers_around_start"": [null, null, null], ""toc_date"": ""1771-02-10 – 1771-02-10"", ""header_date_near_start"": """"}}"
3333,120,unindexed,NL-HaNA_1.04.02_3333_0765,NL-HaNA_1.04.02_3333_0765,1,shared,0.248,1.328,,,,,,"{""kind"": ""unindexed"", ""boundary"": ""shared"", ""start"": {""filename"": ""NL-HaNA_1.04.02_3333_0765"", ""p_start"": 0.562, ""p_same_scan"": 0.875, ""header"": """", ""header_date"": """", ""header_date_across"": """", ""number"": null, ""text_start"": ""onser nedrig Eerbied en hoog agting /:onderstond:/ wel Edele groot Achtbare zeer wijdgebiedende Heer en wel Edele Heeren /:lager:/ uwel Edelens groot Agtbare on"", ""formulas"": ""salutation, closing formula, place and date at end"", ""best_toc_match"": """", ""why_start"": [[""closing formula at the end (Accordeert, onderstond, ...) (previous scan)"", 0.98], [""closing formula halfway down the page, text below"", 0.86], [""date in header"", 0.85], [""opening (genre word or salutation) below the top"", 0.67]]}, ""end"": {""filename"": ""NL-HaNA_1.04.02_3333_0765"", ""p_end"": 0.791, ""signature"": """", ""signature_kind"": """", ""text_end"": ""e Dienaren /:was getekend:/ A: W: Feith en C: Htoesak /:in morgine:/ In't schip E: Burgh zijlende af en aan de reede van Batavia den 10: Februarij 1771:—. Corte"", ""formulas"": ""salutation, closing formula, place and date at end"", ""why_end"": [[""place and date at the end"", 1.15], [""text matches a ToC description (next scan)"", 0.8], [""closing formula at the end (Accordeert, onderstond, ...)"", 0.76], [""closing formula halfway down the page, text below"", 0.73]]}}"
3333,121,toc,NL-HaNA_1.04.02_3333_0766,NL-HaNA_1.04.02_3333_0770,5,adjacent,1.978,-1.533,89747,Een korte schets van den [door de Japance bediendens] gedreeven handel te Canton.,,7.486,text,"{""kind"": ""toc"", ""boundary"": ""adjacent"", ""start"": {""filename"": ""NL-HaNA_1.04.02_3333_0766"", ""p_start"": 0.878, ""p_same_scan"": 0.02, ""header"": """", ""header_date"": """", ""header_date_across"": """", ""number"": null, ""text_start"": ""korte schets van den door de Iapance bediendens te Canton in china gedreven Handel im Anno 178f: als. Het aangebragt met 't schip Burg bedrogt - - ƒ141964: 3: 8"", ""formulas"": """", ""best_toc_match"": ""94%: Een korte schets van den [door de Japance bediendens] gedreeven handel te Canton"", ""why_start"": [[""text matches a ToC description"", 1.74], [""closing formula at the end (Accordeert, onderstond, ...) (previous scan)"", 0.98], [""date in header"", 0.85], [""place and date at the end (previous scan)"", 0.75]]}, ""end"": {""filename"": ""NL-HaNA_1.04.02_3333_0770"", ""p_end"": 0.178, ""signature"": """", ""signature_kind"": """", ""text_end"": ""r komende gelegentheeden zig nedrig recommandeeren in de protexie van den agtbaaren raad /:onderstond :/ waar meede &=a was getekend/ A: W: Feith E: C: stoezak;"", ""formulas"": ""closing formula"", ""why_end"": [[""header after pages without header (next scan)"", 0.76], [""closing formula at the end (Accordeert, onderstond, ...)"", 0.76], [""text matches a ToC description (next scan)"", 0.39], [""text length differs from previous page (next scan)"", -0.27]]}, ""toc"": {""placed_by"": ""text"", ""placement_score"": 7.49, ""toc_start_number"": 46, ""toc_end_number"": 46, ""number_on_start_scan"": null, ""numbers_around_start"": [null, null, null], ""toc_date"": """", ""header_date_near_start"": """"}}"
3333,122,toc,NL-HaNA_1.04.02_3333_0771,NL-HaNA_1.04.02_3333_0772,2,adjacent,0.001,1.731,89748,Request van den pakhuismeester en negotie boekhouder den koopman Feijth en onderkoopman Stoeksak aan den Cantonschen raad versoekende om assistentie tot het repareren van het schip Burgh en tot het verkoopen van dies lading.,,1.344,text,"{""kind"": ""toc"", ""boundary"": ""adjacent"", ""start"": {""filename"": ""NL-HaNA_1.04.02_3333_0771"", ""p_start"": 0.5, ""p_same_scan"": 0.022, ""header"": ""Aan den wel Ed: Achtb: Heer"", ""header_date"": """", ""header_date_across"": """", ""number"": null, ""text_start"": ""Aan den wel Ed: Achtb: Heer \nA: P: L Heureux Eerste Supercarga en opperhoofd benevens de verdere Heeren tle Leeden formeerende den commercie Raad der Nederlands"", ""formulas"": """", ""best_toc_match"": ""55%: Japans negotie journaal d'anno 1769/1770."", ""why_start"": [[""closing formula at the end (Accordeert, onderstond, ...) (previous scan)"", 0.98], [""date in header"", 0.85], [""text matches a ToC description"", 0.84], [""header date same as previous"", -0.47]]}, ""end"": {""filename"": ""NL-HaNA_1.04.02_3333_0772"", ""p_end"": 0.85, ""signature"": """", ""signature_kind"": """", ""text_end"": ""en raad. /:onderstond / waar meerde in deezen de assistentie en goede zorge van den raad /:onderstond / waar meede &=a /(was getekend A: W: Feith E: C: Htoezak,"", ""formulas"": ""closing formula"", ""why_end"": [[""ToC entry starts on this page number (next scan)"", 1.06], [""header wording differs from previous header (next scan)"", 0.92], [""how far down the page the text reaches"", 0.88], [""closing formula at the end (Accordeert, onderstond, ...)"", 0.76]]}, ""toc"": {""placed_by"": ""text"", ""placement_score"": 1.34, ""toc_start_number"": 47, ""toc_end_number"": 48, ""number_on_start_scan"": null, ""numbers_around_start"": [null, null, null], ""toc_date"": """", ""header_date_near_start"": """"}}"
3333,123,toc,NL-HaNA_1.04.02_3333_0773,NL-HaNA_1.04.02_3333_0786,14,adjacent,1.833,-1.411,89749;89750,Request van den pakhuismeester en negotie boekhouder den koopman Feijth en onderkoopman Stoeksak aan den Cantonschen raad versoekende licentie om goederen op vragt te mogen accepteren.,,9.562,evidence;exact,"{""kind"": ""toc"", ""boundary"": ""adjacent"", ""start"": {""filename"": ""NL-HaNA_1.04.02_3333_0773"", ""p_start"": 0.862, ""p_same_scan"": 0.007, ""header"": ""Extract uijt de Resolutie"", ""header_date"": """", ""header_date_across"": """", ""number"": 51.0, ""text_start"": ""Extract uijt de Resolutie \ngenomen in den Commercie raad te canton in China. Dingsdag den 2: october 1770: Wierd op 's ingeleeverd request door den koopman Feit"", ""formulas"": ""opens with genre word"", ""best_toc_match"": ""63%: Extracten uijt de resolutien genomen in de commercie raad te Canton diesponerend"", ""why_start"": [[""ToC entry starts on this page number"", 1.64], [""text matches a ToC description"", 1.04], [""closing formula at the end (Accordeert, onderstond, ...) (previous scan)"", 0.98], [""date in header"", 0.85]]}, ""end"": {""filename"": ""NL-HaNA_1.04.02_3333_0786"", ""p_end"": 0.196, ""signature"": """", ""signature_kind"": """", ""text_end"": """", ""formulas"": ""closing formula"", ""why_end"": [[""how far down the page the text reaches"", 1.42], [""very little text"", -0.79], [""closing formula at the end (Accordeert, onderstond, ...)"", 0.76], [""text length differs from previous page (next scan)"", 0.67]]}, ""toc"": {""placed_by"": ""evidence"", ""placement_score"": 0.67, ""toc_start_number"": 49, ""toc_end_number"": 50, ""number_on_start_scan"": 51.0, ""numbers_around_start"": [null, 51.0, null], ""toc_date"": """", ""header_date_near_start"": """"}}"
3333,124,toc,NL-HaNA_1.04.02_3333_0787,NL-HaNA_1.04.02_3333_0802,16,adjacent,3.911,2.405,89751;89752,Bereekening der meet loonen en hoppo penningen van het schip Burgh.,,7.61,text;evidence,"{""kind"": ""toc"", ""boundary"": ""adjacent"", ""start"": {""filename"": ""NL-HaNA_1.04.02_3333_0787"", ""p_start"": 0.98, ""p_same_scan"": 0.001, ""header"": """", ""header_date"": """", ""header_date_across"": """", ""number"": null, ""text_start"": ""ver Reekening der Heet Zoonen & hoppo Penningen van 't schip Burgh. de lengte - . . . . . . 81: 8 —. „ Breete. - - . . . . 26: 6: —. 49. 08 4008: 1636: 217508: "", ""formulas"": ""opens with genre word"", ""best_toc_match"": ""47%: Bereekening der meet loonen en hoppo penningen van het schip Burgh."", ""why_start"": [[""closing formula at the end (Accordeert, onderstond, ...) (previous scan)"", 0.98], [""very little text (previous scan)"", 0.92], [""how far down the page the text reaches (previous scan)"", 0.92], [""date in header"", 0.85]]}, ""end"": {""filename"": ""NL-HaNA_1.04.02_3333_0802"", ""p_end"": 0.917, ""signature"": """", ""signature_kind"": """", ""text_end"": ""aren Heere en Heeren /:lager :/ uw wel Edelens D: W: Dienaar /:was geteekend/ A: E: v: Braam Houckgeest /:in margine:/ quantong in China den 8: Januarij 1771:—."", ""formulas"": ""salutation, closing formula, place and date at end"", ""why_end"": [[""text length differs from previous page (next scan)"", 2.88], [""amount of text (next scan)"", 2.78], [""no text (next scan)"", -2.16], [""blank page (next scan)"", -1.56]]}, ""toc"": {""placed_by"": ""text"", ""placement_score"": 5.7, ""toc_start_number"": 65, ""toc_end_number"": 65, ""number_on_start_scan"": null, ""numbers_around_start"": [null, null, null], ""toc_date"": """", ""header_date_near_start"": """"}}"
3333,125,unindexed,NL-HaNA_1.04.02_3333_0802,NL-HaNA_1.04.02_3333_0802,1,shared,-1.212,2.405,,,,,,"{""kind"": ""unindexed"", ""boundary"": ""shared"", ""start"": {""filename"": ""NL-HaNA_1.04.02_3333_0802"", ""p_start"": 0.229, ""p_same_scan"": 0.877, ""header"": """", ""header_date"": """", ""header_date_across"": """", ""number"": null, ""text_start"": ""Nagezien W: Tegers/ en ten eijnde komen; so veel genoegen aan de hooge Jndiasche regeering te Batavia mag geven als mij de hoop en het uitsigt op hun hoog Edele"", ""formulas"": ""salutation, closing formula, place and date at end"", ""best_toc_match"": """", ""why_start"": [[""closing formula halfway down the page, text below"", 0.86], [""date in header"", 0.85], [""opening (genre word or salutation) below the top"", 0.67], [""catch-word at the bottom (text continues)"", -0.65]]}, ""end"": {""filename"": ""NL-HaNA_1.04.02_3333_0802"", ""p_end"": 0.917, ""signature"": """", ""signature_kind"": """", ""text_end"": ""aren Heere en Heeren /:lager :/ uw wel Edelens D: W: Dienaar /:was geteekend/ A: E: v: Braam Houckgeest /:in margine:/ quantong in China den 8: Januarij 1771:—."", ""formulas"": ""salutation, closing formula, place and date at end"", ""why_end"": [[""text length differs from previous page (next scan)"", 2.88], [""amount of text (next scan)"", 2.78], [""no text (next scan)"", -2.16], [""blank page (next scan)"", -1.56]]}}"
3333,126,non-document,NL-HaNA_1.04.02_3333_0803,NL-HaNA_1.04.02_3333_0820,18,gap,-4.518,-4.305,,,,,,
3333,127,unindexed,NL-HaNA_1.04.02_3333_0821,NL-HaNA_1.04.02_3333_0821,1,gap,0.959,-0.739,,,,,,"{""kind"": ""unindexed"", ""boundary"": ""gap"", ""start"": {""filename"": ""NL-HaNA_1.04.02_3333_0821"", ""p_start"": 0.723, ""p_same_scan"": 0.001, ""header"": ""Aephabel"", ""header_date"": """", ""header_date_across"": """", ""number"": null, ""text_start"": ""een Hagde Caabse 'ts Gereetschappen B. Hollands Hoorns tot Monster \nAephabel \n1. 'T Comptoir Generaal sijnen dubb: Gert: b„r Gg: 23 ber: 24: Clt o/ Cassa 2. _„o"", ""formulas"": ""opens with genre word"", ""best_toc_match"": """", ""why_start"": [[""previous page blank"", -2.97], [""text length differs from previous page"", 2.38], [""amount of text (previous scan)"", 2.02], [""how far down the page the text reaches (previous scan)"", 1.3]]}, ""end"": {""filename"": ""NL-HaNA_1.04.02_3333_0821"", ""p_end"": 0.323, ""signature"": """", ""signature_kind"": """", ""text_end"": ""sterstoffen b„ lbg 21 br 2½ C„tn „ 16 Deekens gecattoeneerde sourts lg: 3 17/824 br: 2¾ @ _„o Cust „ 5½ br: 3¼ C=t „ 16 „ 40. Ducatons zilvere gecartelde nieuwe"", ""formulas"": ""opens with genre word"", ""why_end"": [[""text length differs from previous page (next scan)"", 2.83], [""amount of text (next scan)"", 2.78], [""no text (next scan)"", -2.16], [""blank page (next scan)"", -1.56]]}}"
3333,128,non-document,NL-HaNA_1.04.02_3333_0822,NL-HaNA_1.04.02_3333_0822,1,gap,-6.069,-5.258,,,,,,
3333,129,unindexed,NL-HaNA_1.04.02_3333_0823,NL-HaNA_1.04.02_3333_0827,5,gap,0.465,-1.419,,,,,,"{""kind"": ""unindexed"", ""boundary"": ""gap"", ""start"": {""filename"": ""NL-HaNA_1.04.02_3333_0823"", ""p_start"": 0.614, ""p_same_scan"": 0.002, ""header"": ""Aephabel"", ""header_date"": """", ""header_date_across"": """", ""number"": null, ""text_start"": ""20. Booter Hollands 23. Bieren \nAephabel \n1. 'T Comptoir Generaal o 10. Armozijnen dubbe Gestr: b„r lg: 23br: 2¼½ C„t P„s ½o ƒ Cassa _„o „ Ger: „ „ — „ — 10. 2."", ""formulas"": ""opens with genre word"", ""best_toc_match"": """", ""why_start"": [[""previous page blank"", -2.97], [""text length differs from previous page"", 2.44], [""amount of text (previous scan)"", 2.02], [""how far down the page the text reaches (previous scan)"", 1.3]]}, ""end"": {""filename"": ""NL-HaNA_1.04.02_3333_0827"", ""p_end"": 0.195, ""signature"": """", ""signature_kind"": """", ""text_end"": "" 19. Sappanhout Siams _„o Bimas „ 19. — „ 21. Spek Hollands „ 22. Spaanse wijn 24. specerijen in zoort 30. schrijfftuijg „ 33. Schenkagie „ 41. scheeps zoldijen"", ""formulas"": """", ""why_end"": [[""largest gap between lines"", 1.14], [""amount of text (next scan)"", 0.38], [""centred heading below the top"", 0.37], [""closing formula halfway down the page, text below"", -0.27]]}}"
3333,130,non-document,NL-HaNA_1.04.02_3333_0828,NL-HaNA_1.04.02_3333_0829,2,gap,-5.31,-4.493,,,,,,
3333,131,unindexed,NL-HaNA_1.04.02_3333_0830,NL-HaNA_1.04.02_3333_0831,2,gap,1.215,2.63,,,,,,"{""kind"": ""unindexed"", ""boundary"": ""gap"", ""start"": {""filename"": ""NL-HaNA_1.04.02_3333_0830"", ""p_start"": 0.771, ""p_same_scan"": 0.006, ""header"": """", ""header_date"": """", ""header_date_across"": """", ""number"": null, ""text_start"": ""Japan Ten Comptoire 'S Comptoir Debet 1770. 6 8br. â voorjaarige winst en verlies over een Rek=n te Liquideeren 68. 32 ƒ 7682: 15:8: 7 9br: Diverse over met Gan"", ""formulas"": ""opens with genre word"", ""best_toc_match"": """", ""why_start"": [[""previous page blank"", -2.97], [""text length differs from previous page"", 2.07], [""amount of text (previous scan)"", 2.02], [""how far down the page the text reaches (previous scan)"", 1.3]]}, ""end"": {""filename"": ""NL-HaNA_1.04.02_3333_0831"", ""p_end"": 0.933, ""signature"": ""Accordeerd H:G"", ""signature_kind"": ""collation"", ""text_end"": "": 8: „ „ suijver avan : 6 /: : 2:3: 64269: 15: 8: „ „ Winst en verlies Somma - - - - - - ƒ367869: 2: 8. /: was getekend:) G Ophert Elias Duurhoop Accordeerd H:G"", ""formulas"": ""opens with genre word, closing formula"", ""why_end"": [[""header wording differs from previous header (next scan)"", 1.18], [""largest gap between lines"", 1.14], [""collation mark on this page"", 1.06], [""collation mark on previous page (next scan)"", 1.05]]}}"
3333,132,unindexed,NL-HaNA_1.04.02_3333_0832,NL-HaNA_1.04.02_3333_0915,84,adjacent,-0.463,0.195,,,,,,"{""kind"": ""unindexed"", ""boundary"": ""adjacent"", ""start"": {""filename"": ""NL-HaNA_1.04.02_3333_0832"", ""p_start"": 0.386, ""p_same_scan"": 0.001, ""header"": ""Japan Ten Comptoire"", ""header_date"": """", ""header_date_across"": """", ""number"": null, ""text_start"": ""Japan Ten Comptoire \nCas Debet p/ 1400:-: 1769 20 8br: â 's Compt=r Generlen over Restant „ 5099:9:1:2: 1770. 25 Iann: „ Direrse „ verkoop _o _„o „ 2734:1:5:6 „"", ""formulas"": ""opens with genre word"", ""best_toc_match"": """", ""why_start"": [[""closing formula at the end (Accordeert, onderstond, ...) (previous scan)"", 0.98], [""date in header"", 0.85], [""header wording differs from previous header"", 0.75], [""largest gap between lines (previous scan)"", 0.67]]}, ""end"": {""filename"": ""NL-HaNA_1.04.02_3333_0915"", ""p_end"": 0.549, ""signature"": """", ""signature_kind"": """", ""text_end"": """", ""formulas"": """", ""why_end"": [[""how far down the page the text reaches"", 1.5], [""amount of text (next scan)"", 1.31], [""signature on this page (next scan)"", 1.06], [""header wording differs from previous header (next scan)"", 0.97]]}}"
3333,133,non-document,NL-HaNA_1.04.02_3333_0916,NL-HaNA_1.04.02_3333_0932,17,gap,-5.264,-3.841,,,,,,
3333,134,unindexed,NL-HaNA_1.04.02_3333_0933,NL-HaNA_1.04.02_3333_1027,95,gap,-1.382,-0.539,,,,,,"{""kind"": ""unindexed"", ""boundary"": ""gap"", ""start"": {""filename"": ""NL-HaNA_1.04.02_3333_0933"", ""p_start"": 0.201, ""p_same_scan"": 0.0, ""header"": ""Van Ten Comptoire Nangazachij den 20 October 1769."", ""header_date"": ""1769-10-20"", ""header_date_across"": """", ""number"": null, ""text_start"": ""Van Ten Comptoire Nangazachij den 20 October 1769. \nrende aan 't Comptoir Generaal ƒ72944:9:—.: Nederlands Geld „veel bedragen S' E Comp„s Effecten bestaande in"", ""formulas"": ""opens with genre word"", ""best_toc_match"": """", ""why_start"": [[""previous page blank"", -2.97], [""text length differs from previous page"", 2.61], [""amount of text (previous scan)"", 2.02], [""how far down the page the text reaches (previous scan)"", 1.3]]}, ""end"": {""filename"": ""NL-HaNA_1.04.02_3333_1027"", ""p_end"": 0.368, ""signature"": ""/:was getekend:/) Aphert Elias Accordeerd J H: V: Duurkoop"", ""signature_kind"": ""collation"", ""text_end"": ""n gelegd is, waarmede gemelde „o 64 /¾ s=rs off - . . ƒ 64269: 15:8: Rekeningen sluijten met Dregte F /:was getekend:/) Aphert Elias Accordeerd J H: V: Duurkoop"", ""formulas"": ""closing formula"", ""why_end"": [[""collation mark on this page"", 1.06], [""collation mark on previous page (next scan)"", 1.05], [""closing formula at the end (Accordeert, onderstond, ...)"", 0.76], [""largest gap between lines"", 0.49]]}}"
3333,135,non-document,NL-HaNA_1.04.02_3333_1028,NL-HaNA_1.04.02_3333_1040,13,gap,-4.414,-3.912,,,,,,
3333,136,unindexed,NL-HaNA_1.04.02_3333_1041,NL-HaNA_1.04.02_3333_1046,6,gap,0.934,-1.629,,,,,,"{""kind"": ""unindexed"", ""boundary"": ""gap"", ""start"": {""filename"": ""NL-HaNA_1.04.02_3333_1041"", ""p_start"": 0.718, ""p_same_scan"": 0.001, ""header"": ""Hiphabel"", ""header_date"": """", ""header_date_across"": """", ""number"": null, ""text_start"": ""Hiphabel \nf:o 8 Armozijnen dubb: gestr: beng:t te 23 br 1¼ C: f:o 16 Booter Hollands _„o Evene _:o „ _:o „ _:o „ 19 Bieren _„o 8 „ 11 Alcativen bengaals „ 22 Br"", ""formulas"": """", ""best_toc_match"": """", ""why_start"": [[""previous page blank"", -2.97], [""text length differs from previous page"", 2.42], [""amount of text (previous scan)"", 2.02], [""how far down the page the text reaches (previous scan)"", 1.3]]}, ""end"": {""filename"": ""NL-HaNA_1.04.02_3333_1046"", ""p_end"": 0.164, ""signature"": """", ""signature_kind"": """", ""text_end"": ""21 Wax dammers „ 21 _:o kaarsen „ 28 Winst en Verlies „ 40 Wijn Sint f:o 12 Zeeguls in zoort „ 20 Zout Hollands „ 20 _. o Inlands „ 22 Zeep - „ 27 Zilver Werken"", ""formulas"": """", ""why_end"": [[""amount of text (next scan)"", 2.78], [""text length differs from previous page (next scan)"", 2.38], [""no text (next scan)"", -2.16], [""blank page (next scan)"", -1.56]]}}"
3333,137,non-document,NL-HaNA_1.04.02_3333_1047,NL-HaNA_1.04.02_3333_1047,1,gap,-5.029,-4.817,,,,,,
3333,138,toc,NL-HaNA_1.04.02_3333_1048,NL-HaNA_1.04.02_3333_1067,20,gap,1.779,-0.957,89753,Japans negotie groot boek d'anno 1769/1770 [met voorafgaand ongenummerd register].,,1.779,evidence,"{""kind"": ""toc"", ""boundary"": ""gap"", ""start"": {""filename"": ""NL-HaNA_1.04.02_3333_1048"", ""p_start"": 0.856, ""p_same_scan"": 0.001, ""header"": ""Japan Ten Comptoire"", ""header_date"": """", ""header_date_across"": """", ""number"": null, ""text_start"": ""Japan Ten Comptoire \nComptoir ƒ. 27 ƒ 74989:11:8 88: 2 „ 188688: 12: — „191800:12:—. 90: 96. – 93072:17:— _:o 1 „ „ Gesamentlijke Restanten 97: - 100161:13:—: D"", ""formulas"": """", ""best_toc_match"": """", ""why_start"": [[""previous page blank"", -2.97], [""text length differs from previous page"", 2.14], [""amount of text (previous scan)"", 2.02], [""how far down the page the text reaches (previous scan)"", 1.3]]}, ""end"": {""filename"": ""NL-HaNA_1.04.02_3333_1067"", ""p_end"": 0.277, ""signature"": """", ""signature_kind"": """", ""text_end"": ""e off Verschonken „ Verkoop- - - ƒ 889: 3:— Somma 36:— Laken Hollands Credit Ns T: 1771 27 Octob:r P:s 'S Comptoir Generaal ofe Restant - 2:. 104. 1ƒ 127:11:— -"", ""formulas"": """", ""why_end"": [[""largest gap between lines"", 1.14], [""marginalia on previous page"", -0.5], [""share of digits"", 0.44], [""amount of text (next scan)"", 0.44]]}, ""toc"": {""placed_by"": ""evidence"", ""placement_score"": 1.78, ""toc_start_number"": 1, ""toc_end_number"": 43, ""number_on_start_scan"": null, ""numbers_around_start"": [null, null, null], ""toc_date"": ""1769-01-01 – 1770-12-31"", ""header_date_near_start"": ""1775-01-01""}}"
3333,139,non-document,NL-HaNA_1.04.02_3333_1068,NL-HaNA_1.04.02_3333_1069,2,gap,-5.132,-2.859,,,,,,
3333,140,subdoc,NL-HaNA_1.04.02_3333_1070,NL-HaNA_1.04.02_3333_1090,21,gap,0.749,0.945,,,89753.0,,,"{""kind"": ""subdoc"", ""boundary"": ""gap"", ""start"": {""filename"": ""NL-HaNA_1.04.02_3333_1070"", ""p_start"": 0.679, ""p_same_scan"": 0.002, ""header"": ""P:s Schilden Rieuwe"", ""header_date"": """", ""header_date_across"": """", ""number"": null, ""text_start"": ""Debet Debet 1770 8 9b:r â 's Comptoir Generaal „ 28 _:o „ „ _:o \nP:s Schilden Rieuwe \nJapan Ten Comptoire Lebet 1770: 8: 9b:r â S Comptoir Generaal of Restant 4"", ""formulas"": ""opens with genre word"", ""best_toc_match"": """", ""why_start"": [[""very little text (previous scan)"", 0.92], [""date in header"", 0.85], [""largest gap between lines (previous scan)"", 0.67], [""largest gap between lines"", 0.6]]}, ""end"": {""filename"": ""NL-HaNA_1.04.02_3333_1090"", ""p_end"": 0.72, ""signature"": """", ""signature_kind"": """", ""text_end"": "" 15:—:8 57: 1„ lb „ 47½ 1770 8 9b:r â 's Comptoir Generaal of Restant - 1771 27 Iuly „ „ _:o _:o of kmet Burgh aangeb:t 29½ _„o „ „ Walcheren _„o 29½ 106½ Somma"", ""formulas"": ""opens with genre word, place and date at end"", ""why_end"": [[""header wording differs from previous header (next scan)"", 1.17], [""place and date at the end"", 1.15], [""largest gap between lines"", 1.14], [""header date differs from previous (next scan)"", 0.65]]}}"
3333,141,subdoc,NL-HaNA_1.04.02_3333_1091,NL-HaNA_1.04.02_3333_1129,39,adjacent,-0.613,-3.848,,,89753.0,,,"{""kind"": ""subdoc"", ""boundary"": ""adjacent"", ""start"": {""filename"": ""NL-HaNA_1.04.02_3333_1091"", ""p_start"": 0.351, ""p_same_scan"": 0.004, ""header"": ""Nangazackij d'a:o 1773/1."", ""header_date"": ""1773-01-01"", ""header_date_across"": ""changed"", ""number"": null, ""text_start"": ""Nangazackij d'a:o 1773/1. \nCredit kelders Wijn 22: 29 1771 15 April P:s dengelden van Schenkagie of op de hoffreijs 1:– 's Comptoir Generaal „ Restant. „ 27 Oct"", ""formulas"": ""opens with genre word"", ""best_toc_match"": """", ""why_start"": [[""header date differs from previous"", 1.32], [""date in header"", -0.87], [""place and date at the end (previous scan)"", 0.75], [""header wording differs from previous header"", 0.74]]}, ""end"": {""filename"": ""NL-HaNA_1.04.02_3333_1129"", ""p_end"": 0.021, ""signature"": """", ""signature_kind"": """", ""text_end"": ""— 3 - Geele 7:— 1771 8 Octob:r d:o Cassan Somma 103:19:— 3: Credit S: 5: 75: 2 173: 5:— Turper en 18„ —. 1771 8 Octob:r P„o Cassa of Verkoop Somma 5: 173: 5:— ƒ"", ""formulas"": ""opens with genre word"", ""why_end"": [[""largest gap between lines"", 1.14], [""very little text"", -0.79], [""marginalia on previous page"", -0.5], [""text matches a ToC description (next scan)"", 0.47]]}}"
3333,142,toc,NL-HaNA_1.04.02_3333_1130,NL-HaNA_1.04.02_3333_1132,3,adjacent,0.088,-0.645,89754,Japans negotie journaal d'anno 1769/1770.,,3.07,text,"{""kind"": ""toc"", ""boundary"": ""adjacent"", ""start"": {""filename"": ""NL-HaNA_1.04.02_3333_1130"", ""p_start"": 0.522, ""p_same_scan"": 0.039, ""header"": """", ""header_date"": """", ""header_date_across"": """", ""number"": null, ""text_start"": ""„ 28 „ Debet Debet Japan Ten Comptoire ouco I: Debet 1771 27: Iulij a 's Comptoir Generaal over met Burgh aangeb:t 34: 1 100:. 2181:4:— 177 63: 40 redres vide J"", ""formulas"": ""opens with genre word"", ""best_toc_match"": ""62%: Japans negotie journaal d'anno 1769/1770."", ""why_start"": [[""text matches a ToC description"", 1.02], [""very little text (previous scan)"", 0.92], [""date in header"", 0.85], [""largest gap between lines (previous scan)"", 0.67]]}, ""end"": {""filename"": ""NL-HaNA_1.04.02_3333_1132"", ""p_end"": 0.344, ""signature"": """", ""signature_kind"": """", ""text_end"": ""— 81:2896. 1. — Ps S: 1771 28 Iulij â 's Comptoir Generaal of met Burgh aangeb:t 400: „ 8 Octob=r „ Winst Een Verlies „ avans op 400 p:s Somma 400:— ƒ 1848:—: —"", ""formulas"": ""opens with genre word"", ""why_end"": [[""largest gap between lines"", 1.14], [""ToC entry starts on this page number (next scan)"", 1.06], [""marginalia on previous page"", -0.5], [""centred heading below the top"", 0.37]]}, ""toc"": {""placed_by"": ""text"", ""placement_score"": 3.07, ""toc_start_number"": 1, ""toc_end_number"": 94, ""number_on_start_scan"": null, ""numbers_around_start"": [11.0, null, null], ""toc_date"": ""1769-01-01 – 1770-12-31"", ""header_date_near_start"": """"}}"
3333,143,toc,NL-HaNA_1.04.02_3333_1133,NL-HaNA_1.04.02_3333_1133,1,adjacent,-0.951,-0.222,89755,Japans negotie groot boek d'anno 1770/1771 [met voorafgaand ongenummerd register].,89754.0,-0.951,forced,"{""kind"": ""toc"", ""boundary"": ""adjacent"", ""start"": {""filename"": ""NL-HaNA_1.04.02_3333_1133"", ""p_start"": 0.279, ""p_same_scan"": 0.262, ""header"": """", ""header_date"": """", ""header_date_across"": """", ""number"": 43.0, ""text_start"": ""Nangazackij d' A„o 1771/1. Cradit lb 10: 107: 1ƒ Groote Caabse 1771 27: Octob: d: s Comptoir Generaal of Restant 177 3: 15:— Lasten En Ongelden 1771: 2 Octob: S"", ""formulas"": ""opens with genre word, place and date at end"", ""best_toc_match"": """", ""why_start"": [[""ToC entry starts on this page number"", 1.64], [""date in header"", 0.85], [""largest gap between lines (previous scan)"", 0.67], [""catch-word at the bottom (text continues)"", -0.65]]}, ""end"": {""filename"": ""NL-HaNA_1.04.02_3333_1133"", ""p_end"": 0.445, ""signature"": """", ""signature_kind"": """", ""text_end"": ""ren tfr. Pr Credit 85: 1 ƒ 3135: —:— Pattenase 1z:t t„g 10½ br ¼ C:t of Verkoop 1771 8 Octob: P=o Cassa Credit P:s 400:- 76: 2 ƒ 1848:—:— Somma 400:— ƒ 1848:—:—"", ""formulas"": ""opens with genre word, place and date at end"", ""why_end"": [[""place and date at the end"", 1.15], [""largest gap between lines"", 1.14], [""ToC entry ends on this page number"", 0.83], [""marginalia on previous page"", -0.5]]}, ""toc"": {""placed_by"": ""forced"", ""placement_score"": -0.95, ""toc_start_number"": 1, ""toc_end_number"": 45, ""number_on_start_scan"": 43.0, ""numbers_around_start"": [null, 43.0, null], ""toc_date"": ""1770-01-01 – 1771-12-31"", ""header_date_near_start"": """"}}"
3333,144,toc,NL-HaNA_1.04.02_3333_1134,NL-HaNA_1.04.02_3333_1137,4,adjacent,0.261,0.01,89756,Japans negotie journaal d'anno 1770/1771.,,3.243,text,"{""kind"": ""toc"", ""boundary"": ""adjacent"", ""start"": {""filename"": ""NL-HaNA_1.04.02_3333_1134"", ""p_start"": 0.565, ""p_same_scan"": 0.025, ""header"": """", ""header_date"": """", ""header_date_across"": """", ""number"": null, ""text_start"": ""Zebet „ 22 _o „ Cassar Debet Japan Ten Comptoire P: Hamans of redres vide Journaal 200: 63:40 ƒ 2538:15:— 1771. 28 Iulij â Paritijten ƒ 2538: 15:— Somma 200: Sc"", ""formulas"": ""opens with genre word"", ""best_toc_match"": ""62%: Japans negotie journaal d'anno 1769/1770."", ""why_start"": [[""text matches a ToC description"", 1.02], [""date in header"", 0.85], [""ToC entry ends on this page number (previous scan)"", 0.77], [""place and date at the end (previous scan)"", 0.75]]}, ""end"": {""filename"": ""NL-HaNA_1.04.02_3333_1137"", ""p_end"": 0.503, ""signature"": ""C"", ""signature_kind"": ""quire"", ""text_end"": ""tob: P: Winst Een Verlies off om te Liquedeeren — — Credit 96: 28. ƒ 9639:18: 8 Armenault 1771 22 Octob F: Cassa off vide Journaals 17 Credit 87: 2 ƒ 8217:—:— C"", ""formulas"": """", ""why_end"": [[""amount of text (next scan)"", 1.57], [""blank page (next scan)"", -1.56], [""largest gap between lines"", 1.14], [""text length differs from previous page (next scan)"", 1.07]]}, ""toc"": {""placed_by"": ""text"", ""placement_score"": 3.24, ""toc_start_number"": 1, ""toc_end_number"": 115, ""number_on_start_scan"": null, ""numbers_around_start"": [43.0, null, null], ""toc_date"": ""1770-01-01 – 1771-12-31"", ""header_date_near_start"": """"}}"
3333,145,non-document,NL-HaNA_1.04.02_3333_1138,NL-HaNA_1.04.02_3333_1166,29,gap,-5.045,-3.946,,,,,,
3333,146,unindexed,NL-HaNA_1.04.02_3333_1167,NL-HaNA_1.04.02_3333_1167,1,gap,0.691,-1.081,,,,,,"{""kind"": ""unindexed"", ""boundary"": ""gap"", ""start"": {""filename"": ""NL-HaNA_1.04.02_3333_1167"", ""p_start"": 0.666, ""p_same_scan"": 0.001, ""header"": ""an Ten Comptoire Nangazackij den 8 Novemb:r 1778"", ""header_date"": ""1778-11-08"", ""header_date_across"": ""same"", ""number"": null, ""text_start"": ""an Ten Comptoire Nangazackij den 8 Novemb:r 1778 \nolgende aan 'T Comptoir Generaal ƒ55748:—:8 of zo veel edraagen 's E Comp:s Effecten, bestaande in Contanten V"", ""formulas"": ""opens with genre word"", ""best_toc_match"": """", ""why_start"": [[""previous page blank"", -2.97], [""text length differs from previous page"", 2.6], [""amount of text (previous scan)"", 2.02], [""how far down the page the text reaches (previous scan)"", 1.3]]}, ""end"": {""filename"": ""NL-HaNA_1.04.02_3333_1167"", ""p_end"": 0.253, ""signature"": """", ""signature_kind"": """", ""text_end"": ""55 19 1/8 „ „ 1 „ „ 356 „ 1 „ „ 331 „ 1 „ „ 334 „ 1 „ „ 196 „ 1 „ „ 205 „ 1 „ „ 208 „ 1 „ „ 207 85. @ Aan 10 P„s Bedraagen 2183: 6: — Transporteere ƒ 21983: 6:—"", ""formulas"": ""opens with genre word"", ""why_end"": [[""text length differs from previous page (next scan)"", 3.09], [""amount of text (next scan)"", 2.78], [""no text (next scan)"", -2.16], [""blank page (next scan)"", -1.56]]}}"
3333,147,non-document,NL-HaNA_1.04.02_3333_1168,NL-HaNA_1.04.02_3333_1168,1,gap,-6.69,-3.912,,,,,,
3333,148,unindexed,NL-HaNA_1.04.02_3333_1169,NL-HaNA_1.04.02_3333_1185,17,gap,0.784,0.74,,,,,,"{""kind"": ""unindexed"", ""boundary"": ""gap"", ""start"": {""filename"": ""NL-HaNA_1.04.02_3333_1169"", ""p_start"": 0.687, ""p_same_scan"": 0.001, ""header"": ""Japan Ten Comptoire Nangazackij den 8 Novemb:r 1778"", ""header_date"": ""1778-11-08"", ""header_date_across"": ""same"", ""number"": null, ""text_start"": ""Japan Ten Comptoire Nangazackij den 8 Novemb:r 1778 \nDe Volgende aan 'T Comptoir Generaal ƒ55748:—:8 ofr zo veel bedraagen 'sE Comp:s Effecten, bestaande in Con"", ""formulas"": ""opens with genre word"", ""best_toc_match"": """", ""why_start"": [[""previous page blank"", -2.97], [""text length differs from previous page"", 2.64], [""amount of text (previous scan)"", 2.02], [""how far down the page the text reaches (previous scan)"", 1.3]]}, ""end"": {""filename"": ""NL-HaNA_1.04.02_3333_1185"", ""p_end"": 0.677, ""signature"": """", ""signature_kind"": """", ""text_end"": ""troyjeerde Oost Jndische Compagnie aan den Keijzer en kroon Prins, mitsgaders desselfs Ordinaire en Extra ordinaire raaden, Commissarissen en mindere bediendens"", ""formulas"": ""closing then new opening on the page"", ""why_end"": [[""closing formula followed by a new opening on the page"", 1.07], [""closing formula halfway down the page, text below"", 0.73], [""header date differs from previous (next scan)"", 0.65], [""opening (genre word or salutation) below the top"", 0.44]]}}"
3333,149,unindexed,NL-HaNA_1.04.02_3333_1185,NL-HaNA_1.04.02_3333_1283,99,shared,2.272,1.042,,,,,,"{""kind"": ""unindexed"", ""boundary"": ""shared"", ""start"": {""filename"": ""NL-HaNA_1.04.02_3333_1185"", ""p_start"": 0.907, ""p_same_scan"": 0.324, ""header"": ""Japan Ten Comptoire Nangazackij den 23 Febr: A:o 1771."", ""header_date"": ""1771-02-23"", ""header_date_across"": ""changed"", ""number"": 17.0, ""text_start"": ""28 \nJapan Ten Comptoire Nangazackij den 23 Febr: A:o 1771. \nTWinst en Verlies Aan De Volgende ƒ 127: 3: 8 of zo veel monteeren de onderwigten op de neevens staa"", ""formulas"": ""closing then new opening on the page"", ""best_toc_match"": ""55%: Japans negotie journaal d'anno 1769/1770."", ""why_start"": [[""ToC entry starts on this page number"", 1.64], [""header date differs from previous"", 1.32], [""date in header"", -0.87], [""closing formula halfway down the page, text below"", 0.86]]}, ""end"": {""filename"": ""NL-HaNA_1.04.02_3333_1283"", ""p_end"": 0.739, ""signature"": """", ""signature_kind"": """", ""text_end"": ""5: ƒ 4679:7:8 ƒ 4718:5:8 'T minder van 't meerder g detiaheer - - - - „ 93072: 17: 4679:7:8 - - - Zo verthoond dit Jaar minder Lasten - - - ƒ 38: 182: ƒ 38:18:—"", ""formulas"": """", ""why_end"": [[""blank page (next scan)"", -1.56], [""amount of text (next scan)"", 1.52], [""text length differs from previous page (next scan)"", 1.49], [""largest gap between lines"", 1.14]]}}"
3333,150,non-document,NL-HaNA_1.04.02_3333_1284,NL-HaNA_1.04.02_3333_1308,25,gap,-6.958,-6.448,,,,,,
4444,0,non-document,NL-HaNA_1.04.02_4444_0001,NL-HaNA_1.04.02_4444_0010,10,gap,-9.957,-3.724,,,,,,
4444,1,toc,NL-HaNA_1.04.02_4444_0011,NL-HaNA_1.04.02_4444_0028,18,first,3.498,0.129,183007,Missive in dato 12 Jan. 1790,,3.498,evidence,"{""kind"": ""toc"", ""boundary"": ""first"", ""start"": {""filename"": ""NL-HaNA_1.04.02_4444_0011"", ""p_start"": 0.971, ""p_same_scan"": 0.0, ""header"": ""Generale Lijst van alle de Voets & halve Voets kasjes welke met de"", ""header_date"": """", ""header_date_across"": """", ""number"": null, ""text_start"": ""Generale Lijst van alle de Voets & halve Voets kasjes welke met de \nAan de Hoog Edele Groot Agtbaare Heeren Bewindhebberen en Gemagtigdens uit de Illustre Verk "", ""formulas"": ""opens with genre word, salutation"", ""best_toc_match"": ""100%: Generaale Lijst der voets kasjes"", ""why_start"": [[""previous page blank"", -2.97], [""text length differs from previous page"", 2.49], [""amount of text (previous scan)"", 2.02], [""text matches a ToC description"", 1.89]]}, ""end"": {""filename"": ""NL-HaNA_1.04.02_4444_0028"", ""p_end"": 0.532, ""signature"": """", ""signature_kind"": """", ""text_end"": ""nevensgaande declaratoir, welke hij de vrijheid neemt u H: Ed: Groot. Achtb: bij deeze te komen aanbieden, ten sterksten aangedrongen heeft van zich van hier te"", ""formulas"": ""opens with genre word, salutation, closing then new opening on the page"", ""why_end"": [[""closing formula followed by a new opening on the page"", 1.07], [""text matches a ToC description (next scan)"", 0.87], [""closing formula halfway down the page, text below"", 0.73], [""opening (genre word or salutation) below the top"", 0.44]]}, ""toc"": {""placed_by"": ""evidence"", ""placement_score"": 3.5, ""toc_start_number"": null, ""toc_end_number"": null, ""number_on_start_scan"": null, ""numbers_around_start"": [null, null, null], ""toc_date"": ""1790-01-12 – 1790-01-12"", ""header_date_near_start"": """"}}"
4444,2,subdoc,NL-HaNA_1.04.02_4444_0028,NL-HaNA_1.04.02_4444_0030,3,shared,0.002,1.63,,,183007.0,,,"{""kind"": ""subdoc"", ""boundary"": ""shared"", ""start"": {""filename"": ""NL-HaNA_1.04.02_4444_0028"", ""p_start"": 0.5, ""p_same_scan"": 0.912, ""header"": """", ""header_date"": """", ""header_date_across"": """", ""number"": null, ""text_start"": ""§26. Na 't Generaal Comptoir te Batavia gaat als na gewoonte wederom af, Een copie van 't Rendement, en dito der staat Rekening beijde in duplo. §27. Den hier v"", ""formulas"": ""opens with genre word, salutation, closing then new opening on the page"", ""best_toc_match"": ""43%: declaratoir van den Commercie Raad.."", ""why_start"": [[""closing formula halfway down the page, text below"", 0.86], [""date in header"", 0.85], [""closing formula followed by a new opening on the page"", 0.82], [""text matches a ToC description (previous scan)"", -0.71]]}, ""end"": {""filename"": ""NL-HaNA_1.04.02_4444_0030"", ""p_end"": 0.836, ""signature"": """", ""signature_kind"": """", ""text_end"": ""Canton in China den 12 Januarij 1790. W Bunningson Fredrik Benthem M. Nolthenius J. H. Rabinel 5 Wm5 W„m Tros J. At. de Melander C„t Ls Steijn Bekker Teerlink F"", ""formulas"": ""salutation, closing formula, place and date at end"", ""why_end"": [[""amount of text (next scan)"", 2.78], [""text length differs from previous page (next scan)"", 2.35], [""no text (next scan)"", -2.16], [""blank page (next scan)"", -1.56]]}}"
4444,3,non-document,NL-HaNA_1.04.02_4444_0031,NL-HaNA_1.04.02_4444_0032,2,gap,-3.092,-2.608,,,,,,
4444,4,toc,NL-HaNA_1.04.02_4444_0033,NL-HaNA_1.04.02_4444_0033,1,gap,5.108,1.933,183008,Bataviase Missive in dato 12 Jan. 1790.,,5.108,evidence,"{""kind"": ""toc"", ""boundary"": ""gap"", ""start"": {""filename"": ""NL-HaNA_1.04.02_4444_0033"", ""p_start"": 0.994, ""p_same_scan"": 0.003, ""header"": ""Generale Lijst van alle de Voets & halve Voets Kasjes, welke met de"", ""header_date"": """", ""header_date_across"": """", ""number"": null, ""text_start"": ""Generale Lijst van alle de Voets & halve Voets Kasjes, welke met de \nTranslaat van 't Ooerstaande. This is to certifij chat Ihave attended Deeze dient ten Certi"", ""formulas"": ""opens with genre word, closing formula"", ""best_toc_match"": ""100%: Generaale Lijst der voets kasjes"", ""why_start"": [[""previous page blank"", -2.97], [""text length differs from previous page"", 2.52], [""amount of text (previous scan)"", 2.02], [""text matches a ToC description"", 1.89]]}, ""end"": {""filename"": ""NL-HaNA_1.04.02_4444_0033"", ""p_end"": 0.874, ""signature"": """", ""signature_kind"": """", ""text_end"": ""signed Aler: Duncan eenig heyl kan verwagten. Surgeon Englist Factorij (was getekd.) Alex: Duncan Accordeert Chirurgyn der Eng: Factorij Bekker Teerlink Secret:"", ""formulas"": ""opens with genre word, closing formula"", ""why_end"": [[""text length differs from previous page (next scan)"", 2.99], [""amount of text (next scan)"", 2.78], [""no text (next scan)"", -2.16], [""blank page (next scan)"", -1.56]]}, ""toc"": {""placed_by"": ""evidence"", ""placement_score"": 5.11, ""toc_start_number"": null, ""toc_end_number"": null, ""number_on_start_scan"": null, ""numbers_around_start"": [null, null, null], ""toc_date"": ""1790-01-12 – 1790-01-12"", ""header_date_near_start"": """"}}"
4444,5,non-document,NL-HaNA_1.04.02_4444_0034,NL-HaNA_1.04.02_4444_0036,3,gap,-5.015,-3.138,,,,,,
4444,6,subdoc,NL-HaNA_1.04.02_4444_0037,NL-HaNA_1.04.02_4444_0040,4,gap,3.288,-1.244,,,183008.0,,,"{""kind"": ""subdoc"", ""boundary"": ""gap"", ""start"": {""filename"": ""NL-HaNA_1.04.02_4444_0037"", ""p_start"": 0.964, ""p_same_scan"": 0.0, ""header"": ""Generale Lijst van alle de Voets & halve Voets Kasjes, welke met de"", ""header_date"": """", ""header_date_across"": """", ""number"": null, ""text_start"": ""Generale Lijst van alle de Voets & halve Voets Kasjes, welke met de \nLijst van de Generaale Aan breng tot Canton Per 21. Eng: O: S: Comp=s scheepen 9080„ Pic„ T"", ""formulas"": ""opens with genre word"", ""best_toc_match"": ""100%: Generaale Lijst der voets kasjes"", ""why_start"": [[""previous page blank"", -2.97], [""text length differs from previous page"", 2.49], [""amount of text (previous scan)"", 2.02], [""text matches a ToC description"", 1.89]]}, ""end"": {""filename"": ""NL-HaNA_1.04.02_4444_0040"", ""p_end"": 0.224, ""signature"": """", ""signature_kind"": """", ""text_end"": ""24 „ „ „ Tabak geen prijs 293 „ „ „ Thin - - - - „ 15 . - . . . 20 „ „ „ Olisants tanden „ 25 tot st 60. „ 460 „ „ „ Sago „ 4 42 „ „ „ Japans Koper „ 15 — — „ „"", ""formulas"": """", ""why_end"": [[""text length differs from previous page (next scan)"", 2.81], [""amount of text (next scan)"", 2.78], [""no text (next scan)"", -2.16], [""blank page (next scan)"", -1.56]]}}"
4444,7,non-document,NL-HaNA_1.04.02_4444_0041,NL-HaNA_1.04.02_4444_0043,3,gap,-7.887,-3.815,,,,,,
4444,8,toc,NL-HaNA_1.04.02_4444_0044,NL-HaNA_1.04.02_4444_0049,6,gap,2.172,-0.623,183009,declaratoir van den Commercie Raad..,,4.704,text,"{""kind"": ""toc"", ""boundary"": ""gap"", ""start"": {""filename"": ""NL-HaNA_1.04.02_4444_0044"", ""p_start"": 0.898, ""p_same_scan"": 0.005, ""header"": """", ""header_date"": """", ""header_date_across"": """", ""number"": null, ""text_start"": ""Generale Staat Rekening Wegens: an land. Compagnie in den Iaare 1729 Zzoo in den stellen de Scheepen Meerwyk, Delft, Christoffel lia, door den Commercie Raad al"", ""formulas"": ""opens with genre word"", ""best_toc_match"": ""57%: declaratoir van den Commercie Raad.."", ""why_start"": [[""previous page blank"", -2.97], [""text length differs from previous page"", 2.45], [""amount of text (previous scan)"", 2.02], [""how far down the page the text reaches (previous scan)"", 1.07]]}, ""end"": {""filename"": ""NL-HaNA_1.04.02_4444_0049"", ""p_end"": 0.349, ""signature"": """", ""signature_kind"": """", ""text_end"": ""mt voor het bedragen van alle Factorij Ongeld Accoord met de Negotie Boeken. . . . . . . . . . . - - . - -. . Ak 41159 2. 3. 4 Tk 2065805: 5: 6: 8 Transporteerd"", ""formulas"": ""opens with genre word"", ""why_end"": [[""text length differs from previous page (next scan)"", 3.12], [""amount of text (next scan)"", 2.78], [""no text (next scan)"", -2.16], [""blank page (next scan)"", -1.56]]}, ""toc"": {""placed_by"": ""text"", ""placement_score"": 4.7, ""toc_start_number"": null, ""toc_end_number"": null, ""number_on_start_scan"": null, ""numbers_around_start"": [null, null, null], ""toc_date"": """", ""header_date_near_start"": """"}}"
4444,9,non-document,NL-HaNA_1.04.02_4444_0050,NL-HaNA_1.04.02_4444_0054,5,gap,-8.574,-3.389,,,,,,
4444,10,subdoc,NL-HaNA_1.04.02_4444_0055,NL-HaNA_1.04.02_4444_0066,12,gap,3.008,1.016,,,183009.0,,,"{""kind"": ""subdoc"", ""boundary"": ""gap"", ""start"": {""filename"": ""NL-HaNA_1.04.02_4444_0055"", ""p_start"": 0.953, ""p_same_scan"": 0.003, ""header"": """", ""header_date"": """", ""header_date_across"": """", ""number"": null, ""text_start"": ""Generale Lijst van alle de Voets & halve Voets kasjes, welke met de Vijf scheepen Meerwijk Christ: Coliembus, de Vrouwe Maria Cornelia. Aelft, en Schaagen, na N"", ""formulas"": ""opens with genre word, salutation"", ""best_toc_match"": ""100%: Generaale Lijst der voets kasjes"", ""why_start"": [[""previous page blank"", -2.97], [""text length differs from previous page"", 2.39], [""amount of text (previous scan)"", 2.02], [""text matches a ToC description"", 1.89]]}, ""end"": {""filename"": ""NL-HaNA_1.04.02_4444_0066"", ""p_end"": 0.734, ""signature"": """", ""signature_kind"": """", ""text_end"": "" D Temmingson Fredrik Benthem. M Nolthenius J. H. Rabinel Gm W„m Tros F J. At de Melander C„r L„s Steijn 6 „Bekker= Teerlink Canton in China. den 12 Janrij 1790"", ""formulas"": ""salutation, closing formula, place and date at end"", ""why_end"": [[""place and date at the end"", 1.15], [""closing formula at the end (Accordeert, onderstond, ...)"", 0.76], [""closing formula halfway down the page, text below"", 0.73], [""opening (genre word or salutation) below the top"", 0.44]]}}"
4444,11,subdoc,NL-HaNA_1.04.02_4444_0066,NL-HaNA_1.04.02_4444_0066,1,shared,-0.352,1.016,,,183009.0,,,"{""kind"": ""subdoc"", ""boundary"": ""shared"", ""start"": {""filename"": ""NL-HaNA_1.04.02_4444_0066"", ""p_start"": 0.413, ""p_same_scan"": 0.927, ""header"": """", ""header_date"": """", ""header_date_across"": """", ""number"": null, ""text_start"": ""Hoog achting, ons te Onderschrijven. Hoog Edelen Groot Achtbare Heer En Wel Edele Gestrenge Heeren! Uw Hoog Edelhedens. Onderdaanige en Gehoor=zaame Dienaaren. "", ""formulas"": ""salutation, closing formula, place and date at end"", ""best_toc_match"": """", ""why_start"": [[""closing formula halfway down the page, text below"", 0.86], [""date in header"", 0.85], [""text matches a ToC description (previous scan)"", -0.71], [""opening (genre word or salutation) below the top"", 0.67]]}, ""end"": {""filename"": ""NL-HaNA_1.04.02_4444_0066"", ""p_end"": 0.734, ""signature"": """", ""signature_kind"": """", ""text_end"": "" D Temmingson Fredrik Benthem. M Nolthenius J. H. Rabinel Gm W„m Tros F J. At de Melander C„r L„s Steijn 6 „Bekker= Teerlink Canton in China. den 12 Janrij 1790"", ""formulas"": ""salutation, closing formula, place and date at end"", ""why_end"": [[""place and date at the end"", 1.15], [""closing formula at the end (Accordeert, onderstond, ...)"", 0.76], [""closing formula halfway down the page, text below"", 0.73], [""opening (genre word or salutation) below the top"", 0.44]]}}"
4444,12,non-document,NL-HaNA_1.04.02_4444_0067,NL-HaNA_1.04.02_4444_0072,6,gap,-0.716,-2.723,,,,,,
4444,13,toc,NL-HaNA_1.04.02_4444_0073,NL-HaNA_1.04.02_4444_0271,199,gap,1.668,-0.523,183010,Dag register,,7.668,text,"{""kind"": ""toc"", ""boundary"": ""gap"", ""start"": {""filename"": ""NL-HaNA_1.04.02_4444_0073"", ""p_start"": 0.841, ""p_same_scan"": 0.016, ""header"": ""A:o 1789."", ""header_date"": ""1789-01-01"", ""header_date_across"": """", ""number"": null, ""text_start"": ""A:o 1789. \nGenerale Lijst van alle de Vots &n halve Vots kaesjes, welke met de Vijf Scheepen, Meerwijk Christ. Coliembus, de Vrouwe Maria Cornelia. Aelft, en Sc"", ""formulas"": ""opens with genre word"", ""best_toc_match"": ""100%: Dag register"", ""why_start"": [[""previous page blank"", -2.97], [""text length differs from previous page"", 2.49], [""amount of text (previous scan)"", 2.02], [""text matches a ToC description"", 1.89]]}, ""end"": {""filename"": ""NL-HaNA_1.04.02_4444_0271"", ""p_end"": 0.372, ""signature"": """", ""signature_kind"": """", ""text_end"": ""nd en Batavia en de Caab, om op morgen met de gecommitteerden en den Adsistent Rabinel (repatrieerende) afgezonden te worden. Teegen verwagting gaan heden af de"", ""formulas"": ""opens with genre word"", ""why_end"": [[""signature on this page (next scan)"", 1.06], [""largest gap between lines"", 0.68], [""amount of text (next scan)"", 0.63], [""text matches a ToC description"", 0.6]]}, ""toc"": {""placed_by"": ""text"", ""placement_score"": 7.67, ""toc_start_number"": null, ""toc_end_number"": null, ""number_on_start_scan"": null, ""numbers_around_start"": [null, null, null], ""toc_date"": """", ""header_date_near_start"": ""1789-01-01""}}"
4444,14,non-document,NL-HaNA_1.04.02_4444_0272,NL-HaNA_1.04.02_4444_0276,5,gap,-8.495,-5.312,,,,,,
4444,15,toc,NL-HaNA_1.04.02_4444_0277,NL-HaNA_1.04.02_4444_0278,2,gap,5.737,1.816,183011,Politie Papieren,,5.737,evidence,"{""kind"": ""toc"", ""boundary"": ""gap"", ""start"": {""filename"": ""NL-HaNA_1.04.02_4444_0277"", ""p_start"": 0.997, ""p_same_scan"": 0.0, ""header"": """", ""header_date"": """", ""header_date_across"": """", ""number"": null, ""text_start"": ""Generale Lijst van alle de Voets & halve Voets Kasjes, welke met de Vijf scheepen Meerwijk. Christ: Coliembus, de Vrouwe Maria Cornelia, Aelft, en Schaagen, na "", ""formulas"": ""opens with genre word, salutation"", ""best_toc_match"": ""100%: Generaale Lijst der voets kasjes"", ""why_start"": [[""previous page blank"", -2.97], [""text length differs from previous page"", 2.49], [""amount of text (previous scan)"", 2.02], [""text matches a ToC description"", 1.89]]}, ""end"": {""filename"": ""NL-HaNA_1.04.02_4444_0278"", ""p_end"": 0.86, ""signature"": """", ""signature_kind"": """", ""text_end"": ""ldaan noeme ik mij met alle nedrigheid WelEdele Heer! UWEd: dienstb: Willige Dienaar Elbert Lucas Steyn Canton in China den 1 Januarij (was get: 1796 Bletterman"", ""formulas"": ""salutation, closing formula, place and date at end"", ""why_end"": [[""place and date at the end"", 1.15], [""largest gap between lines"", 1.14], [""very little text"", -0.79], [""closing formula at the end (Accordeert, onderstond, ...)"", 0.76]]}, ""toc"": {""placed_by"": ""evidence"", ""placement_score"": 5.74, ""toc_start_number"": null, ""toc_end_number"": null, ""number_on_start_scan"": null, ""numbers_around_start"": [null, null, null], ""toc_date"": """", ""header_date_near_start"": """"}}"
4444,16,non-document,NL-HaNA_1.04.02_4444_0279,NL-HaNA_1.04.02_4444_0280,2,gap,-1.668,-5.027,,,,,,
4444,17,toc,NL-HaNA_1.04.02_4444_0281,NL-HaNA_1.04.02_4444_0281,1,gap,4.562,0.957,183012,Generaale Lijst der voets kasjes,,10.562,text,"{""kind"": ""toc"", ""boundary"": ""gap"", ""start"": {""filename"": ""NL-HaNA_1.04.02_4444_0281"", ""p_start"": 0.99, ""p_same_scan"": 0.0, ""header"": """", ""header_date"": """", ""header_date_across"": """", ""number"": null, ""text_start"": ""Generale Lijst van alle de Voets & halve Voets kasjes, welke met de Vijf scheepen Meerwijk, Christ: Coliembus, de Vrouwe Maria. Cornelia. Aelft, en Schaagen, na"", ""formulas"": ""opens with genre word, salutation, closing formula, place and date at end"", ""best_toc_match"": ""100%: Generaale Lijst der voets kasjes"", ""why_start"": [[""previous page blank"", -2.97], [""text length differs from previous page"", 2.71], [""amount of text (previous scan)"", 2.02], [""how far down the page the text reaches (previous scan)"", 1.3]]}, ""end"": {""filename"": ""NL-HaNA_1.04.02_4444_0281"", ""p_end"": 0.722, ""signature"": """", ""signature_kind"": """", ""text_end"": ""—. 5. Ik hebbe d' Eer met agting te zijn WelEdelen Heer Canton in China Uweld DW Dienaar den 2 Januarij 1790 /: Was get:/ Fredrik Benthem Geeve V: D: Sleijdensz"", ""formulas"": ""opens with genre word, salutation, closing formula, place and date at end"", ""why_end"": [[""text length differs from previous page (next scan)"", 3.22], [""amount of text (next scan)"", 2.78], [""no text (next scan)"", -2.16], [""blank page (next scan)"", -1.56]]}, ""toc"": {""placed_by"": ""text"", ""placement_score"": 10.56, ""toc_start_number"": null, ""toc_end_number"": null, ""number_on_start_scan"": null, ""numbers_around_start"": [null, null, null], ""toc_date"": """", ""header_date_near_start"": """"}}"
4444,18,non-document,NL-HaNA_1.04.02_4444_0282,NL-HaNA_1.04.02_4444_0284,3,gap,-4.165,-4.579,,,,,,
4444,19,subdoc,NL-HaNA_1.04.02_4444_0285,NL-HaNA_1.04.02_4444_0286,2,gap,2.509,-0.002,,,183012.0,,,"{""kind"": ""subdoc"", ""boundary"": ""gap"", ""start"": {""filename"": ""NL-HaNA_1.04.02_4444_0285"", ""p_start"": 0.925, ""p_same_scan"": 0.0, ""header"": ""Vijf scheepen, Meerwijk Chrest: Coliembus, de Vrouwe Maria"", ""header_date"": """", ""header_date_across"": """", ""number"": null, ""text_start"": ""Vijf scheepen, Meerwijk Chrest: Coliembus, de Vrouwe Maria \nGenerale Lijst van alle de Voets & halvo Voets Kasjes, welke met de Cornelia. Aelft, en Schaagen, na"", ""formulas"": ""opens with genre word"", ""best_toc_match"": ""75%: Generaale Lijst der voets kasjes"", ""why_start"": [[""previous page blank"", -2.97], [""text length differs from previous page"", 2.41], [""amount of text (previous scan)"", 2.02], [""number of text lines"", 1.34]]}, ""end"": {""filename"": ""NL-HaNA_1.04.02_4444_0286"", ""p_end"": 0.499, ""signature"": """", ""signature_kind"": """", ""text_end"": "" 2½ 5 2½ 2½. 5 „ 2 2½. 2½. „ 1 1 1 1 1 2 „ 2 . 1 1 1 2 „ „ „ 2 168½. 41 1. 41 Totaal den 25 december 1789. Canton in China 34 „ 26. 1. 25. 1 Albert Lucas Steijn"", ""formulas"": ""place and date at end"", ""why_end"": [[""amount of text (next scan)"", 2.78], [""text length differs from previous page (next scan)"", 2.75], [""no text (next scan)"", -2.16], [""blank page (next scan)"", -1.56]]}}"
4444,20,non-document,NL-HaNA_1.04.02_4444_0287,NL-HaNA_1.04.02_4444_0288,2,gap,-9.304,-4.825,,,,,,
4444,21,toc,NL-HaNA_1.04.02_4444_0289,NL-HaNA_1.04.02_4444_0290,2,gap,3.211,-0.158,183013;183014,Generaale Carga der .5 Scheepen,,8.743,text;evidence,"{""kind"": ""toc"", ""boundary"": ""gap"", ""start"": {""filename"": ""NL-HaNA_1.04.02_4444_0289"", ""p_start"": 0.961, ""p_same_scan"": 0.005, ""header"": """", ""header_date"": """", ""header_date_across"": """", ""number"": null, ""text_start"": ""Canton in China Ao 1790 Carga van de volgende Goederen Veranden meten scheepen M W:D 6 M: M E 4880794: 501721:486033„ 10149:8:39:230½ 2168413. lb Thee Congo „ 3"", ""formulas"": """", ""best_toc_match"": ""79%: Generaale Carga der .5 Scheepen"", ""why_start"": [[""previous page blank"", -2.97], [""text length differs from previous page"", 2.53], [""amount of text (previous scan)"", 2.02], [""text matches a ToC description"", 1.4]]}, ""end"": {""filename"": ""NL-HaNA_1.04.02_4444_0290"", ""p_end"": 0.461, ""signature"": """", ""signature_kind"": """", ""text_end"": "" 50„ - - - - 50 50 - - „ „ -. 50. – . . . -. 50„ - - - 50 - - - - - - - - - - - - - - - 1 - 50 „ 50„ . . . . . . . . . . „ 200 150„„ . . . . . . . . . . . . 200"", ""formulas"": """", ""why_end"": [[""text length differs from previous page (next scan)"", 3.01], [""amount of text (next scan)"", 2.78], [""no text (next scan)"", -2.16], [""blank page (next scan)"", -1.56]]}, ""toc"": {""placed_by"": ""text"", ""placement_score"": 7.53, ""toc_start_number"": null, ""toc_end_number"": null, ""number_on_start_scan"": null, ""numbers_around_start"": [null, null, null], ""toc_date"": """", ""header_date_near_start"": """"}}"
4444,22,non-document,NL-HaNA_1.04.02_4444_0291,NL-HaNA_1.04.02_4444_0294,4,gap,-7.418,-5.227,,,,,,
4444,23,toc,NL-HaNA_1.04.02_4444_0295,NL-HaNA_1.04.02_4444_0307,13,gap,0.884,-0.546,183015,Negotie Journaal,,0.884,evidence,"{""kind"": ""toc"", ""boundary"": ""gap"", ""start"": {""filename"": ""NL-HaNA_1.04.02_4444_0295"", ""p_start"": 0.708, ""p_same_scan"": 0.001, ""header"": """", ""header_date"": """", ""header_date_across"": """", ""number"": null, ""text_start"": ""Canton in China, Anno 1789. Randzoenen Ordinair 1„e Iannuarij den 34. 8. 8. 2 Th: 21. 2. 3. 7 „ 21. 1. —. 3 „ 24. 4. 1. 8 „ 24. 7. 9. 3 „ 24. 8. 8. 3 „ 44. 2. 2"", ""formulas"": """", ""best_toc_match"": """", ""why_start"": [[""previous page blank"", -2.97], [""text length differs from previous page"", 2.27], [""amount of text (previous scan)"", 2.02], [""how far down the page the text reaches (previous scan)"", 1.3]]}, ""end"": {""filename"": ""NL-HaNA_1.04.02_4444_0307"", ""p_end"": 0.367, ""signature"": ""A: 3890:8:—:3"", ""signature_kind"": ""quire"", ""text_end"": "" .  . „. . . . „. . . „ . „ . „. . „. . „ . „. . . . „ . „. . „ . „. . „. . . „. . . „. . „. „. . „ . 26 27 28 Canton in China 31„e December 1789. A: 3890:8:—:3"", ""formulas"": """", ""why_end"": [[""text length differs from previous page (next scan)"", 2.85], [""amount of text (next scan)"", 2.78], [""no text (next scan)"", -2.16], [""blank page (next scan)"", -1.56]]}, ""toc"": {""placed_by"": ""evidence"", ""placement_score"": 0.88, ""toc_start_number"": null, ""toc_end_number"": null, ""number_on_start_scan"": null, ""numbers_around_start"": [null, null, null], ""toc_date"": """", ""header_date_near_start"": ""1789-03-01""}}"
4444,24,non-document,NL-HaNA_1.04.02_4444_0308,NL-HaNA_1.04.02_4444_0308,1,gap,-6.912,-5.584,,,,,,
4444,25,subdoc,NL-HaNA_1.04.02_4444_0309,NL-HaNA_1.04.02_4444_0315,7,gap,0.611,-1.598,,,183015.0,,,"{""kind"": ""subdoc"", ""boundary"": ""gap"", ""start"": {""filename"": ""NL-HaNA_1.04.02_4444_0309"", ""p_start"": 0.648, ""p_same_scan"": 0.001, ""header"": ""Canton in China, Anno 1789."", ""header_date"": ""1789-01-01"", ""header_date_across"": ""same"", ""number"": null, ""text_start"": ""Canton in China, Anno 1789. \nOnkosten Ordinair Th: 83. —. 1. — van den 1„e Iannuarij tot den Laasten dito ƒ2: 2:9:6.— Maandgeld aan Een Kok. d„o „ Een koksmaat "", ""formulas"": """", ""best_toc_match"": """", ""why_start"": [[""previous page blank"", -2.97], [""text length differs from previous page"", 2.57], [""amount of text (previous scan)"", 2.02], [""how far down the page the text reaches (previous scan)"", 1.05]]}, ""end"": {""filename"": ""NL-HaNA_1.04.02_4444_0315"", ""p_end"": 0.168, ""signature"": ""4. 4. 4. — Th: 1043. 9. 1. 7"", ""signature_kind"": ""quire"", ""text_end"": ""e ontlading der zelven.. .. Th. 1039. 4. 7. 7 Een Champang met de Compradoor na Canton, om t Termisiesap tot onde vertrek t halen „ 4. 4. 4. — Th: 1043. 9. 1. 7"", ""formulas"": """", ""why_end"": [[""largest gap between lines"", 1.14], [""how far down the page the text reaches"", 0.65], [""amount of text (next scan)"", -0.51], [""centred heading below the top"", 0.37]]}}"
4444,26,toc,NL-HaNA_1.04.02_4444_0316,NL-HaNA_1.04.02_4444_0321,6,adjacent,1.639,-3.322,183016,Negotie Groot Boek,,1.639,evidence,"{""kind"": ""toc"", ""boundary"": ""adjacent"", ""start"": {""filename"": ""NL-HaNA_1.04.02_4444_0316"", ""p_start"": 0.837, ""p_same_scan"": 0.01, ""header"": ""Onkosten"", ""header_date"": """", ""header_date_across"": ""same"", ""number"": null, ""text_start"": ""99: —:—:— \nOnkosten \nAugust: 25 p„r t betaalden aan de Compradoor voor de gedaane reparatien en vernieuwing zoo aan de daken Muuren en Vloeren &a in diverse Zaa"", ""formulas"": """", ""best_toc_match"": """", ""why_start"": [[""closing formula halfway down the page, text below"", 0.86], [""date in header"", 0.85], [""quire mark on previous page"", 0.72], [""quire mark on this page (previous scan)"", 0.72]]}, ""end"": {""filename"": ""NL-HaNA_1.04.02_4444_0321"", ""p_end"": 0.035, ""signature"": """", ""signature_kind"": """", ""text_end"": ""n en gezaghebbers . Een maandhuur aan 16 Coelies, 1 Champangman en 1 Portier. . . . „ 50. 5. 6. — 4. 4. 4. — 4. 4. 4. — „ 12. 9. 5. — 98. 6. 79 „ Th: 311. 7. 49"", ""formulas"": """", ""why_end"": [[""amount of text (next scan)"", -0.51], [""largest gap between lines"", 0.47], [""how far down the page the text reaches"", -0.38], [""centred heading below the top"", 0.37]]}, ""toc"": {""placed_by"": ""evidence"", ""placement_score"": 1.64, ""toc_start_number"": null, ""toc_end_number"": null, ""number_on_start_scan"": null, ""numbers_around_start"": [null, null, null], ""toc_date"": """", ""header_date_near_start"": ""1789-01-01""}}"
4444,27,toc,NL-HaNA_1.04.02_4444_0322,NL-HaNA_1.04.02_4444_0324,3,adjacent,-2.098,0.655,183017,Missive aan de Heeren van de Secreete Commissie,,-0.218,text,"{""kind"": ""toc"", ""boundary"": ""adjacent"", ""start"": {""filename"": ""NL-HaNA_1.04.02_4444_0322"", ""p_start"": 0.109, ""p_same_scan"": 0.138, ""header"": ""Vervolg der Onkosten op Koopmanschap | Canton in"", ""header_date"": """", ""header_date_across"": ""changed"", ""number"": null, ""text_start"": ""Vervolg der Onkosten op Koopmanschap \nPer Transport Th: van November tot den Laasten Een Champang na Boord inCommissie met de Fiscaal & Secretaris. Tk 4. 4. 4. "", ""formulas"": """", ""best_toc_match"": ""49%: Missive aan de Heeren van de Secreete Commissie"", ""why_start"": [[""date in header"", 0.85], [""text matches a ToC description"", 0.7], [""header date same as previous"", -0.47], [""centred heading below the top"", 0.41]]}, ""end"": {""filename"": ""NL-HaNA_1.04.02_4444_0324"", ""p_end"": 0.658, ""signature"": """", ""signature_kind"": """", ""text_end"": ""d. „ 80. 5. —. — - - - -„ —. 6. 6. — 189. 1. 6. - - . „ 108. —. —. — T1: 859. 8. —. - Canton in China den 31 december 1789. voor't houden deses Fredrik Benthem."", ""formulas"": ""opens with genre word, place and date at end"", ""why_end"": [[""text length differs from previous page (next scan)"", 2.97], [""amount of text (next scan)"", 2.78], [""no text (next scan)"", -2.16], [""blank page (next scan)"", -1.56]]}, ""toc"": {""placed_by"": ""text"", ""placement_score"": -0.22, ""toc_start_number"": null, ""toc_end_number"": null, ""number_on_start_scan"": null, ""numbers_around_start"": [null, null, null], ""toc_date"": """", ""header_date_near_start"": ""1789-01-01""}}"
4444,28,non-document,NL-HaNA_1.04.02_4444_0325,NL-HaNA_1.04.02_4444_0340,16,gap,-5.995,-8.458,,,,,,
4444,29,subdoc,NL-HaNA_1.04.02_4444_0341,NL-HaNA_1.04.02_4444_0404,64,gap,0.641,-1.346,,,183017.0,,,"{""kind"": ""subdoc"", ""boundary"": ""gap"", ""start"": {""filename"": ""NL-HaNA_1.04.02_4444_0341"", ""p_start"": 0.655, ""p_same_scan"": 0.0, ""header"": ""Canton in China 19 Januarij 1789."", ""header_date"": ""1789-01-19"", ""header_date_across"": """", ""number"": null, ""text_start"": ""5. Sinqua aan Monqua Tk: 1890. —. 2. 5. \nCanton in China 19 Januarij 1789. \n2. Cassa aan Capitaal Th: 5027. 2. 9. 5 Pr. zo veele Contanten als er voor rekening "", ""formulas"": ""opens with genre word"", ""best_toc_match"": """", ""why_start"": [[""page numbering restarts just after (previous scan)"", 3.19], [""previous page blank"", -2.97], [""text length differs from previous page"", 2.59], [""amount of text (previous scan)"", 2.02]]}, ""end"": {""filename"": ""NL-HaNA_1.04.02_4444_0404"", ""p_end"": 0.207, ""signature"": """", ""signature_kind"": """", ""text_end"": ""a =ling der 5 Rothour Ladingen deser Expeditie - - - - - - - - - - - - - „ 258636. 7. 2. 8 ƒ„o 20:935 6: 1 Voor 't houden dezes I. H.. Rabinel J: A: de Melander"", ""formulas"": """", ""why_end"": [[""amount of text (next scan)"", 2.78], [""text length differs from previous page (next scan)"", 2.55], [""no text (next scan)"", -2.16], [""blank page (next scan)"", -1.56]]}}"
4444,30,non-document,NL-HaNA_1.04.02_4444_0405,NL-HaNA_1.04.02_4444_0451,47,gap,-6.71,-7.337,,,,,,
4444,31,unindexed,NL-HaNA_1.04.02_4444_0452,NL-HaNA_1.04.02_4444_0492,41,gap,2.047,0.167,,,,,,"{""kind"": ""unindexed"", ""boundary"": ""gap"", ""start"": {""filename"": ""NL-HaNA_1.04.02_4444_0452"", ""p_start"": 0.886, ""p_same_scan"": 0.021, ""header"": """", ""header_date"": """", ""header_date_across"": """", ""number"": null, ""text_start"": ""Canton aloet CapC 1789 1 Aan diverse p=r 't geen de Comp. s Schuldig is . . . . . 3 a8 sk„ 751437: 5: 1 3 Jan Januarij 19 O Februarij 10 3 7 „ 120. 2. 5„ — Aug "", ""formulas"": ""place and date at end"", ""best_toc_match"": ""47%: Missive in dato 12 Jan. 1790"", ""why_start"": [[""previous page blank"", -2.97], [""text length differs from previous page"", 2.49], [""amount of text (previous scan)"", 2.02], [""how far down the page the text reaches (previous scan)"", 1.3]]}, ""end"": {""filename"": ""NL-HaNA_1.04.02_4444_0492"", ""p_end"": 0.542, ""signature"": """", ""signature_kind"": """", ""text_end"": ""„ „ „ Fyne Thee. . . . . . . 5 5 2436. 1. 6. — „ „ „ „ „ „ Zeijde Stoffen & N Linn:s 7 5179. 9. 4 „ Gen:r Last Reek:e der Factorij Per 2 P:r Cr: Ch:n Ongelden.."", ""formulas"": """", ""why_end"": [[""largest gap between lines"", 1.14], [""amount of text (next scan)"", 0.95], [""how far down the page the text reaches"", 0.87], [""text length differs from previous page (next scan)"", 0.78]]}}"
4444,32,non-document,NL-HaNA_1.04.02_4444_0493,NL-HaNA_1.04.02_4444_0493,1,gap,-5.617,-3.026,,,,,,
4444,33,unindexed,NL-HaNA_1.04.02_4444_0494,NL-HaNA_1.04.02_4444_0494,1,gap,1.702,0.328,,,,,,"{""kind"": ""unindexed"", ""boundary"": ""gap"", ""start"": {""filename"": ""NL-HaNA_1.04.02_4444_0494"", ""p_start"": 0.846, ""p_same_scan"": 0.004, ""header"": """", ""header_date"": """", ""header_date_across"": """", ""number"": null, ""text_start"": ""Canton Lading van 't Aboet 7 Pk 8308 6 4. - Decer Novemb=r 28 26 Aan diverse p:r 't inkoops kosten van Zijde Stoffen N: Linnen/ 9 35 „ Monqua „ „ „ „ Spiauter e"", ""formulas"": """", ""best_toc_match"": """", ""why_start"": [[""very little text (previous scan)"", 0.92], [""how far down the page the text reaches (previous scan)"", 0.91], [""date in header"", 0.85], [""amount of text (previous scan)"", 0.69]]}, ""end"": {""filename"": ""NL-HaNA_1.04.02_4444_0494"", ""p_end"": 0.581, ""signature"": """", ""signature_kind"": """", ""text_end"": "" —. — „ idem. . . . . . . 808. —. 4. — „ „ „ „ Zeijde Stoffen & N: L: . .. 7 „ Gen: Last Reek= der Factorij Per 2 P:r Cl: Ch:s Ongelden. . . . . 18 4043. 8. — 3"", ""formulas"": """", ""why_end"": [[""largest gap between lines"", 1.14], [""how far down the page the text reaches"", 0.95], [""amount of text (next scan)"", 0.84], [""text length differs from previous page (next scan)"", 0.61]]}}"
4444,34,non-document,NL-HaNA_1.04.02_4444_0495,NL-HaNA_1.04.02_4444_0495,1,gap,-5.082,-2.648,,,,,,
4444,35,unindexed,NL-HaNA_1.04.02_4444_0496,NL-HaNA_1.04.02_4444_0496,1,gap,2.124,0.018,,,,,,"{""kind"": ""unindexed"", ""boundary"": ""gap"", ""start"": {""filename"": ""NL-HaNA_1.04.02_4444_0496"", ""p_start"": 0.893, ""p_same_scan"": 0.003, ""header"": """", ""header_date"": """", ""header_date_across"": """", ""number"": null, ""text_start"": ""Canton Bading van Eecnip acori 548: 4: 3: 2 Dicen 4930. 9. 7. 9 „ 15915 7. 2: — „ 10321. 7. 2. - 7879. 4. 7. 3 9. 8 43. 6. 5 190236. 2. 9 5 8730. 9. 7. 5 5. 6. "", ""formulas"": """", ""best_toc_match"": """", ""why_start"": [[""very little text (previous scan)"", 0.92], [""how far down the page the text reaches (previous scan)"", 0.87], [""date in header"", 0.85], [""amount of text (previous scan)"", 0.61]]}, ""end"": {""filename"": ""NL-HaNA_1.04.02_4444_0496"", ""p_end"": 0.505, ""signature"": """", ""signature_kind"": """", ""text_end"": ""heer Boeij - - - - - - - - . 11 „ Diverse „ „ „ „ „ Zeijdeltossen & N L. 7 „ „ „ „ „ Porcelain. . . ƒ „ „ „ „ „ Fyne Thie &c. . . . 1 „ „ „ „ „ idem dc. . . . ."", ""formulas"": """", ""why_end"": [[""largest gap between lines"", 1.14], [""how far down the page the text reaches"", 0.96], [""amount of text (next scan)"", 0.67], [""how far down the page the text reaches (next scan)"", -0.55]]}}"
4444,36,non-document,NL-HaNA_1.04.02_4444_0497,NL-HaNA_1.04.02_4444_0497,1,gap,-5.433,-2.732,,,,,,
4444,37,unindexed,NL-HaNA_1.04.02_4444_0498,NL-HaNA_1.04.02_4444_0498,1,gap,1.449,-0.001,,,,,,"{""kind"": ""unindexed"", ""boundary"": ""gap"", ""start"": {""filename"": ""NL-HaNA_1.04.02_4444_0498"", ""p_start"": 0.81, ""p_same_scan"": 0.003, ""header"": """", ""header_date"": """", ""header_date_across"": """", ""number"": null, ""text_start"": ""Canton Laeding van 6 Caliot 10 36 diverse Thee-Oivers „ 16 39 „ Diverse 18 41 22 48 4 Tk December 9 35 Aan Monqua p„r 't Inkoopsn Kosten van Radix. . . . . . . "", ""formulas"": """", ""best_toc_match"": """", ""why_start"": [[""very little text (previous scan)"", 0.92], [""how far down the page the text reaches (previous scan)"", 0.92], [""date in header"", 0.85], [""largest gap between lines"", 0.6]]}, ""end"": {""filename"": ""NL-HaNA_1.04.02_4444_0498"", ""p_end"": 0.5, ""signature"": """", ""signature_kind"": """", ""text_end"": "" — „ Zeijde Stoffen & NC. 7 1 „ Piverse Goederen. . . 6. 5 4. 8 „ 40992. 3. 4. — 59 „ Gen„l Last Reek der Factorij Per 2 Ter Ct: R: Ongelden. . . . . . . . . 60"", ""formulas"": """", ""why_end"": [[""largest gap between lines"", 1.14], [""how far down the page the text reaches"", 1.0], [""amount of text (next scan)"", 0.7], [""text length differs from previous page (next scan)"", 0.38]]}}"
4444,38,non-document,NL-HaNA_1.04.02_4444_0499,NL-HaNA_1.04.02_4444_0499,1,gap,-5.28,-3.37,,,,,,
4444,39,unindexed,NL-HaNA_1.04.02_4444_0500,NL-HaNA_1.04.02_4444_0509,10,gap,0.906,-0.446,,,,,,"{""kind"": ""unindexed"", ""boundary"": ""gap"", ""start"": {""filename"": ""NL-HaNA_1.04.02_4444_0500"", ""p_start"": 0.712, ""p_same_scan"": 0.009, ""header"": """", ""header_date"": """", ""header_date_across"": """", ""number"": null, ""text_start"": ""Canton Lading van 't schip de Vrouwe acort December 9 35 Aan Monqua, p:r 't Inkoops kosten van Radir. . . . . . . . . . . 4 Tk: 535: 1 8 4 Iannu „ diverse „ „ „"", ""formulas"": """", ""best_toc_match"": """", ""why_start"": [[""very little text (previous scan)"", 0.92], [""date in header"", 0.85], [""largest gap between lines"", 0.6], [""how far down the page the text reaches (previous scan)"", 0.56]]}, ""end"": {""filename"": ""NL-HaNA_1.04.02_4444_0509"", ""p_end"": 0.39, ""signature"": """", ""signature_kind"": """", ""text_end"": ""- - - - - - - - - Tr 9. 6 —. — — — Ianuarij3 3 58 3 58 8 58 „ Capitaal om te sluijten - - - - - - - - - - - - - - - - - . - - - . . - . 1852. 2. –. — Th 1861. 8"", ""formulas"": ""place and date at end"", ""why_end"": [[""place and date at the end"", 1.15], [""largest gap between lines"", 1.14], [""amount of text (next scan)"", 0.61], [""how far down the page the text reaches (next scan)"", -0.37]]}}"
4444,40,non-document,NL-HaNA_1.04.02_4444_0510,NL-HaNA_1.04.02_4444_0526,17,gap,-4.728,-4.379,,,,,,
4444,41,unindexed,NL-HaNA_1.04.02_4444_0527,NL-HaNA_1.04.02_4444_0529,3,gap,-0.417,-1.749,,,,,,"{""kind"": ""unindexed"", ""boundary"": ""gap"", ""start"": {""filename"": ""NL-HaNA_1.04.02_4444_0527"", ""p_start"": 0.397, ""p_same_scan"": 0.008, ""header"": """", ""header_date"": """", ""header_date_across"": """", ""number"": null, ""text_start"": ""Aan de Edele Achtbaare Heeren Bewindhebberen & Gemachtigde, uijt de Ver„ Lijst van Sodaanige Papieren als onder adres van de Hoog Edele Groot Achtbaare Heeren B"", ""formulas"": ""salutation"", ""best_toc_match"": """", ""why_start"": [[""previous page blank"", -2.97], [""text length differs from previous page"", 2.37], [""amount of text (previous scan)"", 2.02], [""blank pages before"", -1.63]]}, ""end"": {""filename"": ""NL-HaNA_1.04.02_4444_0529"", ""p_end"": 0.148, ""signature"": """", ""signature_kind"": """", ""text_end"": "" Groot Boek 5 6 L: Missive aan de Heeren van de Secreete Commissie „ M„ Lyst der papieren verzonden met Schagen Canton in China 12 Januarij 1790. J:H: Westerman"", ""formulas"": ""salutation"", ""why_end"": [[""text length differs from previous page (next scan)"", 2.83], [""amount of text (next scan)"", 2.78], [""no text (next scan)"", -2.16], [""blank page (next scan)"", -1.56]]}}"
4444,42,non-document,NL-HaNA_1.04.02_4444_0530,NL-HaNA_1.04.02_4444_0532,3,gap,-7.348,-3.729,,,,,,
4444,43,unindexed,NL-HaNA_1.04.02_4444_0533,NL-HaNA_1.04.02_4444_0533,1,gap,1.36,0.639,,,,,,"{""kind"": ""unindexed"", ""boundary"": ""gap"", ""start"": {""filename"": ""NL-HaNA_1.04.02_4444_0533"", ""p_start"": 0.796, ""p_same_scan"": 0.019, ""header"": """", ""header_date"": """", ""header_date_across"": """", ""number"": null, ""text_start"": ""Aan de Edele Achtbaare Heeren Bewindhebberen & Gemachtigde, uijt de Ver„ Duplict: Aan de Edele Groot Achtbaare Heeren! Bewinthebberen en Gemachtigdens van wegen"", ""formulas"": ""salutation, closing formula, place and date at end"", ""best_toc_match"": """", ""why_start"": [[""previous page blank"", -2.97], [""text length differs from previous page"", 2.47], [""amount of text (previous scan)"", 2.02], [""date in header"", 0.85]]}, ""end"": {""filename"": ""NL-HaNA_1.04.02_4444_0533"", ""p_end"": 0.655, ""signature"": """", ""signature_kind"": """", ""text_end"": "" te tekenen. — Wel Edele Groot Achtbare Heeren! UWel Edele Groot Achtbaarens, Onderdaanigen Dienaar. J: W: D: Van der Heijden. Canton in China den 20 Decr 1739."", ""formulas"": ""salutation, closing formula, place and date at end"", ""why_end"": [[""text length differs from previous page (next scan)"", 2.93], [""amount of text (next scan)"", 2.78], [""no text (next scan)"", -2.16], [""blank page (next scan)"", -1.56]]}}"
4444,44,non-document,NL-HaNA_1.04.02_4444_0534,NL-HaNA_1.04.02_4444_0536,3,gap,-5.281,-4.148,,,,,,
4444,45,unindexed,NL-HaNA_1.04.02_4444_0537,NL-HaNA_1.04.02_4444_0538,2,gap,2.112,2.318,,,,,,"{""kind"": ""unindexed"", ""boundary"": ""gap"", ""start"": {""filename"": ""NL-HaNA_1.04.02_4444_0537"", ""p_start"": 0.892, ""p_same_scan"": 0.012, ""header"": """", ""header_date"": """", ""header_date_across"": """", ""number"": null, ""text_start"": ""Aan de Edele Achtbaare Heeren Bewindhebberen & Gemachtigde, uijt de Ver„ Aan de Hoog Ed: Groot Achtbaren Heeren Bewindhebberen en Gemagtigdens door de Vergaderi"", ""formulas"": ""salutation"", ""best_toc_match"": """", ""why_start"": [[""previous page blank"", -2.97], [""text length differs from previous page"", 2.41], [""amount of text (previous scan)"", 2.02], [""how far down the page the text reaches (previous scan)"", 1.3]]}, ""end"": {""filename"": ""NL-HaNA_1.04.02_4444_0538"", ""p_end"": 0.91, ""signature"": """", ""signature_kind"": """", ""text_end"": ""e Groot Achtbaare Heeren Uw Hoog Edele Groot Achtbaaren zeer Onderdaanige en Trouw schuldige Dienaar Canton en China den 20„e december 1789. Elbert Lucas Steijn"", ""formulas"": ""salutation, closing formula, place and date at end"", ""why_end"": [[""amount of text (next scan)"", 2.78], [""text length differs from previous page (next scan)"", 2.34], [""no text (next scan)"", -2.16], [""blank page (next scan)"", -1.56]]}}"
4444,46,non-document,NL-HaNA_1.04.02_4444_0539,NL-HaNA_1.04.02_4444_0540,2,gap,-2.52,-3.846,,,,,,
4444,47,unindexed,NL-HaNA_1.04.02_4444_0541,NL-HaNA_1.04.02_4444_0542,2,gap,3.41,0.518,,,,,,"{""kind"": ""unindexed"", ""boundary"": ""gap"", ""start"": {""filename"": ""NL-HaNA_1.04.02_4444_0541"", ""p_start"": 0.968, ""p_same_scan"": 0.016, ""header"": """", ""header_date"": """", ""header_date_across"": """", ""number"": null, ""text_start"": ""Aan de Edele Achtbaare Heeren Bewindhebberen & Gemachtigde, uit de Vergadering van Seventienen gecommitteert, tot en over 't bestier van den directen Vaart en H"", ""formulas"": ""closing formula, place and date at end"", ""best_toc_match"": """", ""why_start"": [[""previous page blank"", -2.97], [""text length differs from previous page"", 2.47], [""amount of text (previous scan)"", 2.02], [""how far down the page the text reaches (previous scan)"", 1.3]]}, ""end"": {""filename"": ""NL-HaNA_1.04.02_4444_0542"", ""p_end"": 0.627, ""signature"": ""D Derrurier."", ""signature_kind"": ""signed"", ""text_end"": ""r mij met alle Eerbied te onderteekenen Edele Achtbaare Heeren UEd: Achtbaare onderdanige en zeer verpligte Dienaar Amsterdam den 20e October 1790. D Derrurier."", ""formulas"": ""closing formula"", ""why_end"": [[""closing formula at the end (Accordeert, onderstond, ...)"", 0.76], [""closing formula halfway down the page, text below"", 0.73], [""how far down the page the text reaches"", 0.54], [""closing formula at the end (Accordeert, onderstond, ...) (next scan)"", 0.34]]}}"
4444,48,unindexed,NL-HaNA_1.04.02_4444_0543,NL-HaNA_1.04.02_4444_0543,1,adjacent,3.827,2.291,,,,,,"{""kind"": ""unindexed"", ""boundary"": ""adjacent"", ""start"": {""filename"": ""NL-HaNA_1.04.02_4444_0543"", ""p_start"": 0.979, ""p_same_scan"": 0.001, ""header"": """", ""header_date"": """", ""header_date_across"": """", ""number"": null, ""text_start"": ""in den voorleden Jare aan mij gegeven verlof om een jaar in Europa te mogen overblijven, vermits de nog voortdurende ongunstige staat mijner gezondheid, goedgun"", ""formulas"": ""opens with genre word, salutation, closing formula, place and date at end"", ""best_toc_match"": """", ""why_start"": [[""closing formula at the end (Accordeert, onderstond, ...) (previous scan)"", 0.98], [""closing formula halfway down the page, text below"", 0.86], [""date in header"", 0.85], [""opening (genre word or salutation) below the top"", 0.67]]}, ""end"": {""filename"": ""NL-HaNA_1.04.02_4444_0543"", ""p_end"": 0.908, ""signature"": """", ""signature_kind"": """", ""text_end"": ""sschen mij met schuldige eerbied te noemen Hoog Edele Groot Achtbare Heeren! Leiden 6 October 1790. Uw Hoog Ed: Groot Achtbare zeer gehoorzamen dienaar AA Boers"", ""formulas"": ""opens with genre word, salutation, closing formula, place and date at end"", ""why_end"": [[""amount of text (next scan)"", 2.78], [""text length differs from previous page (next scan)"", 2.49], [""no text (next scan)"", -2.16], [""blank page (next scan)"", -1.56]]}}"
4444,49,non-document,NL-HaNA_1.04.02_4444_0544,NL-HaNA_1.04.02_4444_0544,1,gap,-3.871,-3.046,,,,,,
4444,50,toc,NL-HaNA_1.04.02_4444_0545,NL-HaNA_1.04.02_4444_0545,1,gap,4.286,2.267,183018,Lijst der Papieren verzonden met Maria Cornelia,,4.286,evidence,"{""kind"": ""toc"", ""boundary"": ""gap"", ""start"": {""filename"": ""NL-HaNA_1.04.02_4444_0545"", ""p_start"": 0.986, ""p_same_scan"": 0.0, ""header"": """", ""header_date"": """", ""header_date_across"": """", ""number"": null, ""text_start"": ""Hoog Edele Groot Achtbare Heeren! mijne ongesteldheid niet toelatende om in persoon U Hoog Ed: Groot Achtb: mijne belangens voor te dragen; neem ik de vrijheid "", ""formulas"": ""salutation, closing formula, place and date at end"", ""best_toc_match"": """", ""why_start"": [[""previous page blank"", -2.97], [""text length differs from previous page"", 2.27], [""amount of text (previous scan)"", 2.02], [""how low on the page the text starts"", 1.6]]}, ""end"": {""filename"": ""NL-HaNA_1.04.02_4444_0545"", ""p_end"": 0.906, ""signature"": """", ""signature_kind"": """", ""text_end"": ""schen mij met schuldige eerbied te noemen Hoog Edele Groot Achtbare Heeren! Leiden 6 October 1790. Uw Hoog Ed: Groot Achtbare zeer gehoorzamen dienaar A A Boers"", ""formulas"": ""salutation, closing formula, place and date at end"", ""why_end"": [[""amount of text (next scan)"", 2.78], [""text length differs from previous page (next scan)"", 2.69], [""no text (next scan)"", -2.16], [""blank page (next scan)"", -1.56]]}, ""toc"": {""placed_by"": ""evidence"", ""placement_score"": 4.29, ""toc_start_number"": null, ""toc_end_number"": null, ""number_on_start_scan"": null, ""numbers_around_start"": [null, null, null], ""toc_date"": """", ""header_date_near_start"": """"}}"
4444,51,non-document,NL-HaNA_1.04.02_4444_0546,NL-HaNA_1.04.02_4444_0552,7,gap,-6.274,-6.437,,,,,,
11011,0,non-document,NL-HaNA_1.04.02_11011_0001,NL-HaNA_1.04.02_11011_0012,12,gap,-11.493,-3.07,,,,,,
11011,1,unindexed,NL-HaNA_1.04.02_11011_0013,NL-HaNA_1.04.02_11011_0016,4,first,-3.043,-1.324,,,,,,"{""kind"": ""unindexed"", ""boundary"": ""first"", ""start"": {""filename"": ""NL-HaNA_1.04.02_11011_0013"", ""p_start"": 0.046, ""p_same_scan"": 0.641, ""header"": """", ""header_date"": """", ""header_date_across"": """", ""number"": null, ""text_start"": ""Juditio geproduceert en sententie tegens hem scheffenaar gevelt. — No. 7 Eysch ende Conclusie van als eeven gen:t op ende jeegens den staat Pieter van Samboua m"", ""formulas"": ""opens with genre word"", ""best_toc_match"": """", ""why_start"": [[""date in header"", 0.85], [""opening (genre word or salutation) below the top"", 0.67], [""header date same as previous"", -0.47], [""text matches a ToC description"", -0.41]]}, ""end"": {""filename"": ""NL-HaNA_1.04.02_11011_0016"", ""p_end"": 0.21, ""signature"": ""de grandpraez"", ""signature_kind"": ""signed"", ""text_end"": ""van bengalen, waar nevens overgaan, de stucken daar regt is op gedaan en den ged:e gesententieert. — In't Casteel De Goede Hoog ult=mo xbr 1735. — de grandpraez"", ""formulas"": ""opens with genre word, place and date at end"", ""why_end"": [[""amount of text (next scan)"", 2.78], [""text length differs from previous page (next scan)"", 2.73], [""no text (next scan)"", -2.16], [""blank page (next scan)"", -1.56]]}}"
11011,2,non-document,NL-HaNA_1.04.02_11011_0017,NL-HaNA_1.04.02_11011_0018,2,gap,-4.649,-3.489,,,,,,
11011,3,unindexed,NL-HaNA_1.04.02_11011_0019,NL-HaNA_1.04.02_11011_0021,3,gap,2.876,0.096,,,,,,"{""kind"": ""unindexed"", ""boundary"": ""gap"", ""start"": {""filename"": ""NL-HaNA_1.04.02_11011_0019"", ""p_start"": 0.947, ""p_same_scan"": 0.004, ""header"": ""Dictum ter Rolle"", ""header_date"": """", ""header_date_across"": """", ""number"": null, ""text_start"": ""Dictum ter Rolle \nWel Edele Gestrenge Heer en E: Achtbr Heeren. — Om dit Dictum met korte Woorden open te leggen; soo segt den Eijscher hoe het gebeurt is dat o"", ""formulas"": ""salutation, closing formula"", ""best_toc_match"": """", ""why_start"": [[""previous page blank"", -2.97], [""text length differs from previous page"", 2.4], [""amount of text (previous scan)"", 2.02], [""how far down the page the text reaches (previous scan)"", 1.3]]}, ""end"": {""filename"": ""NL-HaNA_1.04.02_11011_0021"", ""p_end"": 0.524, ""signature"": ""P„r de grandpreez"", ""signature_kind"": ""signed"", ""text_end"": ""an hier weg werden gesonden met de Costen /:was geteekent:/ P: V D Henghel /:in margine:/ Exhibitum in Judicio den 6 Janu: 1735. Accordeert. — P„r de grandpreez"", ""formulas"": ""closing formula, place and date at end"", ""why_end"": [[""text length differs from previous page (next scan)"", 2.91], [""amount of text (next scan)"", 2.78], [""no text (next scan)"", -2.16], [""blank page (next scan)"", -1.56]]}}"
11011,4,non-document,NL-HaNA_1.04.02_11011_0022,NL-HaNA_1.04.02_11011_0022,1,gap,-3.867,-4.162,,,,,,
11011,5,unindexed,NL-HaNA_1.04.02_11011_0023,NL-HaNA_1.04.02_11011_0028,6,gap,2.253,1.021,,,,,,"{""kind"": ""unindexed"", ""boundary"": ""gap"", ""start"": {""filename"": ""NL-HaNA_1.04.02_11011_0023"", ""p_start"": 0.905, ""p_same_scan"": 0.001, ""header"": ""Dictum ter Rolle"", ""header_date"": """", ""header_date_across"": """", ""number"": null, ""text_start"": ""Dictum ter Rolle \nWel Edele Gest„ Heer en E: Achtbr Heeren Om dit Dictum met korte woorden te bewaarheeden, soo legt den Eijscher eenelijk over twee gerecolleer"", ""formulas"": ""salutation"", ""best_toc_match"": """", ""why_start"": [[""previous page blank"", -2.97], [""text length differs from previous page"", 2.39], [""amount of text (previous scan)"", 2.02], [""how far down the page the text reaches (previous scan)"", 1.3]]}, ""end"": {""filename"": ""NL-HaNA_1.04.02_11011_0028"", ""p_end"": 0.735, ""signature"": """", ""signature_kind"": """", ""text_end"": "" Achtb:e sullen vinden te behooren (: was geteekent:/ D: V: D: Hengsel /: in margine:/ Exhibitum in Judicio den 6 Januarij 1735. — Accordeert. P„r de grandpreez"", ""formulas"": ""closing formula, place and date at end"", ""why_end"": [[""amount of text (next scan)"", 2.78], [""text length differs from previous page (next scan)"", 2.25], [""no text (next scan)"", -2.16], [""blank page (next scan)"", -1.56]]}}"
11011,6,non-document,NL-HaNA_1.04.02_11011_0029,NL-HaNA_1.04.02_11011_0030,2,gap,-2.952,-4.889,,,,,,
11011,7,unindexed,NL-HaNA_1.04.02_11011_0031,NL-HaNA_1.04.02_11011_0033,3,gap,-0.391,1.067,,,,,,"{""kind"": ""unindexed"", ""boundary"": ""gap"", ""start"": {""filename"": ""NL-HaNA_1.04.02_11011_0031"", ""p_start"": 0.403, ""p_same_scan"": 0.027, ""header"": """", ""header_date"": """", ""header_date_across"": """", ""number"": null, ""text_start"": ""Huijden den 27„e December 1734. — Compareerde voor mij Josephus de Grandpriez Secret„s van den E: Agtb„re Raad van Justitie deeses Gouvernements ter presentie v"", ""formulas"": """", ""best_toc_match"": """", ""why_start"": [[""previous page blank"", -2.97], [""text length differs from previous page"", 2.51], [""amount of text (previous scan)"", 2.02], [""how far down the page the text reaches (previous scan)"", 1.15]]}, ""end"": {""filename"": ""NL-HaNA_1.04.02_11011_0033"", ""p_end"": 0.744, ""signature"": ""P„r de grandpreez"", ""signature_kind"": ""signed"", ""text_end"": "": is geteekent:/ P„r de Grandpreez secret„s /: in margine:/ Als Gecommitt:s /: en Geteekent:/ N„s Heijning en H:r Swellengrebel. — Accordeert. P„r de grandpreez"", ""formulas"": ""closing formula, place and date at end"", ""why_end"": [[""text length differs from previous page (next scan)"", 2.85], [""amount of text (next scan)"", 2.78], [""no text (next scan)"", -2.16], [""blank page (next scan)"", -1.56]]}}"
11011,8,non-document,NL-HaNA_1.04.02_11011_0034,NL-HaNA_1.04.02_11011_0034,1,gap,-3.68,-4.235,,,,,,
11011,9,unindexed,NL-HaNA_1.04.02_11011_0035,NL-HaNA_1.04.02_11011_0037,3,gap,0.942,1.176,,,,,,"{""kind"": ""unindexed"", ""boundary"": ""gap"", ""start"": {""filename"": ""NL-HaNA_1.04.02_11011_0035"", ""p_start"": 0.719, ""p_same_scan"": 0.001, ""header"": ""Copia /"", ""header_date"": """", ""header_date_across"": """", ""number"": null, ""text_start"": ""Copia / \nHuijden den 27„en December 1734. Compareerde voor mij Josephus de Grandpreez secret:s van den E: Agtb„re Raad van Justitie deeses Gouvernements ter pre"", ""formulas"": ""opens with genre word"", ""best_toc_match"": """", ""why_start"": [[""previous page blank"", -2.97], [""text length differs from previous page"", 2.52], [""amount of text (previous scan)"", 2.02], [""how far down the page the text reaches (previous scan)"", 1.3]]}, ""end"": {""filename"": ""NL-HaNA_1.04.02_11011_0037"", ""p_end"": 0.764, ""signature"": ""P„rp de grandpreez"", ""signature_kind"": ""signed"", ""text_end"": ""s getee= „kent:/ P:s de Grandpreez secret:s /:in margine:/ Als geN:s Heijning en H„n SwelCommitt=s /:en geteekent:/ „lengrebel. — Accordeert. P„rp de grandpreez"", ""formulas"": ""closing formula, place and date at end"", ""why_end"": [[""text length differs from previous page (next scan)"", 2.78], [""amount of text (next scan)"", 2.78], [""no text (next scan)"", -2.16], [""blank page (next scan)"", -1.56]]}}"
11011,10,non-document,NL-HaNA_1.04.02_11011_0038,NL-HaNA_1.04.02_11011_0038,1,gap,-3.591,-5.209,,,,,,
11011,11,unindexed,NL-HaNA_1.04.02_11011_0039,NL-HaNA_1.04.02_11011_0041,3,gap,0.944,2.695,,,,,,"{""kind"": ""unindexed"", ""boundary"": ""gap"", ""start"": {""filename"": ""NL-HaNA_1.04.02_11011_0039"", ""p_start"": 0.72, ""p_same_scan"": 0.022, ""header"": """", ""header_date"": """", ""header_date_across"": """", ""number"": null, ""text_start"": ""elaas gegeeven ter requisitie van den Heer Indepen „dent Fiscaal M:r Daniel van den Hengsel door Pieter Saalgreen, als Schieman op 't aanweesende schip Lands Cr"", ""formulas"": """", ""best_toc_match"": """", ""why_start"": [[""previous page blank"", -2.97], [""text length differs from previous page"", 2.5], [""amount of text (previous scan)"", 2.02], [""how far down the page the text reaches (previous scan)"", 1.3]]}, ""end"": {""filename"": ""NL-HaNA_1.04.02_11011_0041"", ""p_end"": 0.937, ""signature"": """", ""signature_kind"": """", ""text_end"": ""n. Aldus Gerecolleert aan Cabo /:onderstond:/ de Goede Hoop den 29„e December 1734. /:was geteekent:) P: Saalgreen /:lager:/ mij Present /: is geteekent:/ Ps de"", ""formulas"": ""closing formula, place and date at end"", ""why_end"": [[""place and date at the end"", 1.15], [""signature on this page (next scan)"", 1.06], [""closing formula at the end (Accordeert, onderstond, ...)"", 0.76], [""closing formula halfway down the page, text below"", 0.73]]}}"
11011,12,unindexed,NL-HaNA_1.04.02_11011_0041,NL-HaNA_1.04.02_11011_0041,1,shared,-1.244,2.695,,,,,,"{""kind"": ""unindexed"", ""boundary"": ""shared"", ""start"": {""filename"": ""NL-HaNA_1.04.02_11011_0041"", ""p_start"": 0.224, ""p_same_scan"": 0.909, ""header"": """", ""header_date"": """", ""header_date_across"": """", ""number"": null, ""text_start"": ""ten overstaan van de Clerquen Joachim Nicolaus van Dessin en Nicolaas Huijgen Herman als Getuijgen, den 28„en December 1734. /:was geteekent:/ P: Saalgreen /:La"", ""formulas"": ""closing formula, place and date at end"", ""best_toc_match"": """", ""why_start"": [[""closing formula halfway down the page, text below"", 0.86], [""date in header"", 0.85], [""place and date at the end"", 0.64], [""header date same as previous"", -0.47]]}, ""end"": {""filename"": ""NL-HaNA_1.04.02_11011_0041"", ""p_end"": 0.937, ""signature"": """", ""signature_kind"": """", ""text_end"": ""n. Aldus Gerecolleert aan Cabo /:onderstond:/ de Goede Hoop den 29„e December 1734. /:was geteekent:) P: Saalgreen /:lager:/ mij Present /: is geteekent:/ Ps de"", ""formulas"": ""closing formula, place and date at end"", ""why_end"": [[""place and date at the end"", 1.15], [""signature on this page (next scan)"", 1.06], [""closing formula at the end (Accordeert, onderstond, ...)"", 0.76], [""closing formula halfway down the page, text below"", 0.73]]}}"
11011,13,non-document,NL-HaNA_1.04.02_11011_0042,NL-HaNA_1.04.02_11011_0042,1,gap,-3.393,-1.515,,,,,,
11011,14,unindexed,NL-HaNA_1.04.02_11011_0043,NL-HaNA_1.04.02_11011_0044,2,gap,0.696,1.493,,,,,,"{""kind"": ""unindexed"", ""boundary"": ""gap"", ""start"": {""filename"": ""NL-HaNA_1.04.02_11011_0043"", ""p_start"": 0.667, ""p_same_scan"": 0.002, ""header"": """", ""header_date"": """", ""header_date_across"": """", ""number"": null, ""text_start"": ""Compareerde voor ons ondergesz Gecommitt„s uijt den E: Agtb„re Raad van Justitie deeses Gouvernements Claas Vassold van Stralsond Oud 50 Jaaren als Bootsman op "", ""formulas"": """", ""best_toc_match"": """", ""why_start"": [[""closing formula at the end (Accordeert, onderstond, ...) (previous scan)"", 0.98], [""very little text (previous scan)"", 0.92], [""date in header"", 0.85], [""how far down the page the text reaches (previous scan)"", 0.75]]}, ""end"": {""filename"": ""NL-HaNA_1.04.02_11011_0044"", ""p_end"": 0.816, ""signature"": """", ""signature_kind"": """", ""text_end"": ""ent :/ is geteekent:/ J„s de Grandpreer Secret„s /: in margine:/ Als Gecommitt:s /:en geteekent/ N„s Heijning en H„k Swellengrebel. Accordeert. J„ de Grandpreek"", ""formulas"": ""closing formula, place and date at end"", ""why_end"": [[""text length differs from previous page (next scan)"", 2.86], [""amount of text (next scan)"", 2.78], [""no text (next scan)"", -2.16], [""blank page (next scan)"", -1.56]]}}"
11011,15,non-document,NL-HaNA_1.04.02_11011_0045,NL-HaNA_1.04.02_11011_0046,2,gap,-4.005,-4.542,,,,,,
11011,16,unindexed,NL-HaNA_1.04.02_11011_0047,NL-HaNA_1.04.02_11011_0053,7,gap,1.158,0.73,,,,,,"{""kind"": ""unindexed"", ""boundary"": ""gap"", ""start"": {""filename"": ""NL-HaNA_1.04.02_11011_0047"", ""p_start"": 0.761, ""p_same_scan"": 0.028, ""header"": ""Dictum ter Rolle | E: Achtbaare Heeren."", ""header_date"": """", ""header_date_across"": """", ""number"": null, ""text_start"": ""Dictum ter Rolle \nDen Ondergeteekende Fiscaal van den pagter der Caabsche Coele, Wijnen Abraham Leever ter Kennisse zijnde gebragt dat op den 27.„en Februarij e"", ""formulas"": """", ""best_toc_match"": """", ""why_start"": [[""previous page blank"", -2.97], [""text length differs from previous page"", 2.29], [""amount of text (previous scan)"", 2.02], [""how far down the page the text reaches (previous scan)"", 1.3]]}, ""end"": {""filename"": ""NL-HaNA_1.04.02_11011_0053"", ""p_end"": 0.675, ""signature"": ""secret:s"", ""signature_kind"": ""signed"", ""text_end"": ""re sullen vinden te behooren /:was geteekend:/ D: V: D Hengbel /:in margine:/ Exhibitum in Judicio den 10„e Maert 1735. — Accordeert. P„r de grandpreez secret:s"", ""formulas"": ""opens with genre word, closing formula, place and date at end"", ""why_end"": [[""amount of text (next scan)"", 2.78], [""text length differs from previous page (next scan)"", 2.39], [""no text (next scan)"", -2.16], [""blank page (next scan)"", -1.56]]}}"
11011,17,non-document,NL-HaNA_1.04.02_11011_0054,NL-HaNA_1.04.02_11011_0054,1,gap,-3.571,-4.521,,,,,,
11011,18,unindexed,NL-HaNA_1.04.02_11011_0055,NL-HaNA_1.04.02_11011_0057,3,gap,0.613,0.608,,,,,,"{""kind"": ""unindexed"", ""boundary"": ""gap"", ""start"": {""filename"": ""NL-HaNA_1.04.02_11011_0055"", ""p_start"": 0.649, ""p_same_scan"": 0.003, ""header"": ""Waarschouwing"", ""header_date"": """", ""header_date_across"": """", ""number"": null, ""text_start"": ""Waarschouwing \nDoor den Pagter der Caabsche Coele Wijnen Abraham Leever klagten gedaan zijnde, dat sommige deeser Ingeseetenen, en Wijngaardeniers zig niet quam"", ""formulas"": """", ""best_toc_match"": """", ""why_start"": [[""previous page blank"", -2.97], [""text length differs from previous page"", 2.38], [""amount of text (previous scan)"", 2.02], [""how far down the page the text reaches (previous scan)"", 1.3]]}, ""end"": {""filename"": ""NL-HaNA_1.04.02_11011_0057"", ""p_end"": 0.647, ""signature"": """", ""signature_kind"": """", ""text_end"": ""en Heer den Raad /was geteekend:/ Rs Tulbagh, raad en secret„s /:waaronder:/ Accordeert /: is getekent:/ W: V Kerkhoff C G Clercq Accordeert. - B„ degrand Preel"", ""formulas"": ""closing formula, place and date at end"", ""why_end"": [[""text length differs from previous page (next scan)"", 2.91], [""amount of text (next scan)"", 2.78], [""no text (next scan)"", -2.16], [""blank page (next scan)"", -1.56]]}}"
11011,19,non-document,NL-HaNA_1.04.02_11011_0058,NL-HaNA_1.04.02_11011_0066,9,gap,-4.946,-4.167,,,,,,
11011,20,unindexed,NL-HaNA_1.04.02_11011_0067,NL-HaNA_1.04.02_11011_0071,5,gap,-0.086,0.463,,,,,,"{""kind"": ""unindexed"", ""boundary"": ""gap"", ""start"": {""filename"": ""NL-HaNA_1.04.02_11011_0067"", ""p_start"": 0.479, ""p_same_scan"": 0.002, ""header"": ""ictum ter Rolle"", ""header_date"": """", ""header_date_across"": """", ""number"": null, ""text_start"": ""ictum ter Rolle \nE. Achtbaare Heeren mn dit Dictum met korte Woorden te bewaarheeden, soo segt den Eijscher dat den eerste gedaagde sig niet ontsien heeft, heed"", ""formulas"": """", ""best_toc_match"": """", ""why_start"": [[""previous page blank"", -2.97], [""text length differs from previous page"", 2.36], [""amount of text (previous scan)"", 2.02], [""how far down the page the text reaches (previous scan)"", 1.3]]}, ""end"": {""filename"": ""NL-HaNA_1.04.02_11011_0071"", ""p_end"": 0.614, ""signature"": ""P„r de grandpreez"", ""signature_kind"": ""signed"", ""text_end"": ""de Achtbaaren sullen vinden te behooren /:was geteekent:/ D: V: D: Henghel /:in margine:/ Exhibitum in Judicio den 10. Maart 1735.— Accordeert P„r de grandpreez"", ""formulas"": ""closing formula, place and date at end"", ""why_end"": [[""amount of text (next scan)"", 2.78], [""text length differs from previous page (next scan)"", 2.3], [""no text (next scan)"", -2.16], [""blank page (next scan)"", -1.56]]}}"
11011,21,non-document,NL-HaNA_1.04.02_11011_0072,NL-HaNA_1.04.02_11011_0074,3,gap,-2.425,-4.069,,,,,,
11011,22,unindexed,NL-HaNA_1.04.02_11011_0075,NL-HaNA_1.04.02_11011_0089,15,gap,2.377,2.242,,,,,,"{""kind"": ""unindexed"", ""boundary"": ""gap"", ""start"": {""filename"": ""NL-HaNA_1.04.02_11011_0075"", ""p_start"": 0.915, ""p_same_scan"": 0.021, ""header"": """", ""header_date"": """", ""header_date_across"": """", ""number"": null, ""text_start"": ""Wel dele gestrenge Heer, en E: Agtb=r Heeren. Den onderget: fiscaal in sijn request op den 15„ November passato aan uwel Edele gestr: en E: Agtb=re en gepresent"", ""formulas"": ""opens with genre word, salutation"", ""best_toc_match"": """", ""why_start"": [[""previous page blank"", -2.97], [""text length differs from previous page"", 2.7], [""amount of text (previous scan)"", 2.02], [""how far down the page the text reaches (previous scan)"", 1.3]]}, ""end"": {""filename"": ""NL-HaNA_1.04.02_11011_0089"", ""p_end"": 0.904, ""signature"": ""P„s Coeirand Breel"", ""signature_kind"": ""signed"", ""text_end"": ""n op alles 't nobile officium judicis. — /:was get:t/ P: V: D: Henghel /:in margine:/ Exhibitum in Juditio den 3„' februarij 1725. Accordeert P„s Coeirand Breel"", ""formulas"": ""salutation, closing formula, place and date at end"", ""why_end"": [[""text length differs from previous page (next scan)"", 2.94], [""amount of text (next scan)"", 2.78], [""no text (next scan)"", -2.16], [""blank page (next scan)"", -1.56]]}}"
11011,23,non-document,NL-HaNA_1.04.02_11011_0090,NL-HaNA_1.04.02_11011_0090,1,gap,-3.766,-4.017,,,,,,
11011,24,unindexed,NL-HaNA_1.04.02_11011_0091,NL-HaNA_1.04.02_11011_0103,13,gap,1.777,1.646,,,,,,"{""kind"": ""unindexed"", ""boundary"": ""gap"", ""start"": {""filename"": ""NL-HaNA_1.04.02_11011_0091"", ""p_start"": 0.855, ""p_same_scan"": 0.002, ""header"": ""Interrogatoria"", ""header_date"": """", ""header_date_across"": """", ""number"": null, ""text_start"": ""Interrogatoria \nCompareerde voor gedaan maaken en aan de E„s ons onderget: Gecommitt„s uijt den E: Achtb:e, Raad van Leeden van den Achtbaaren Justitie deeses G"", ""formulas"": ""closing formula"", ""best_toc_match"": """", ""why_start"": [[""previous page blank"", -2.97], [""text length differs from previous page"", 2.45], [""amount of text (previous scan)"", 2.02], [""how far down the page the text reaches (previous scan)"", 1.3]]}, ""end"": {""filename"": ""NL-HaNA_1.04.02_11011_0103"", ""p_end"": 0.838, ""signature"": ""P„r degrandpreek"", ""signature_kind"": ""signed"", ""text_end"": "" mij Present: /: is geteekent:/ J„s de Grandpreer Secret:s /:in margine:/ C: Brand en Als Gecommitt=s /:en geteekent:/ J:s Möller. — Accordeert P„r degrandpreek"", ""formulas"": ""closing formula, place and date at end"", ""why_end"": [[""amount of text (next scan)"", 2.78], [""text length differs from previous page (next scan)"", 2.58], [""no text (next scan)"", -2.16], [""blank page (next scan)"", -1.56]]}}"
11011,25,non-document,NL-HaNA_1.04.02_11011_0104,NL-HaNA_1.04.02_11011_0106,3,gap,-3.5,-4.657,,,,,,
11011,26,unindexed,NL-HaNA_1.04.02_11011_0107,NL-HaNA_1.04.02_11011_0110,4,gap,-0.608,0.721,,,,,,"{""kind"": ""unindexed"", ""boundary"": ""gap"", ""start"": {""filename"": ""NL-HaNA_1.04.02_11011_0107"", ""p_start"": 0.352, ""p_same_scan"": 0.022, ""header"": """", ""header_date"": """", ""header_date_across"": """", ""number"": null, ""text_start"": ""Compareerde voor ons ondergetGecommitt„s uijt den E: Agtb„re Raad van Justitie deeses Gouvernements Januarij van Coetchien slaaf van den Opperstuurman van 't aa"", ""formulas"": """", ""best_toc_match"": """", ""why_start"": [[""previous page blank"", -2.97], [""text length differs from previous page"", 2.55], [""amount of text (previous scan)"", 2.02], [""how far down the page the text reaches (previous scan)"", 1.11]]}, ""end"": {""filename"": ""NL-HaNA_1.04.02_11011_0110"", ""p_end"": 0.673, ""signature"": ""„ de grandpreet"", ""signature_kind"": ""signed"", ""text_end"": ""/ mij present /: is geteekent:/ P„s de Grandpreer secret:s, /:in margine:/ Als gecommitt:s /: en geteekent:/ C:s Brand en I:s Moller„ Accordeert „ de grandpreet"", ""formulas"": ""closing formula, place and date at end"", ""why_end"": [[""place and date at the end"", 1.15], [""largest gap between lines"", 1.14], [""header after pages without header (next scan)"", 0.76], [""closing formula at the end (Accordeert, onderstond, ...)"", 0.76]]}}"
11011,27,unindexed,NL-HaNA_1.04.02_11011_0111,NL-HaNA_1.04.02_11011_0126,16,adjacent,2.738,0.992,,,,,,"{""kind"": ""unindexed"", ""boundary"": ""adjacent"", ""start"": {""filename"": ""NL-HaNA_1.04.02_11011_0111"", ""p_start"": 0.939, ""p_same_scan"": 0.001, ""header"": ""Request"", ""header_date"": """", ""header_date_across"": """", ""number"": null, ""text_start"": ""Request \nWel Edele Gestr Heer. en E: Achtb:re Heeren. — Den Ondergeteekende Fiscaal Independent deeses Gouvernements, geeft te kennen dat aan hem op den 11:e de"", ""formulas"": ""opens with genre word, salutation"", ""best_toc_match"": """", ""why_start"": [[""closing formula at the end (Accordeert, onderstond, ...) (previous scan)"", 0.98], [""closing formula halfway down the page, text below"", 0.86], [""date in header"", 0.85], [""place and date at the end (previous scan)"", 0.75]]}, ""end"": {""filename"": ""NL-HaNA_1.04.02_11011_0126"", ""p_end"": 0.73, ""signature"": """", ""signature_kind"": """", ""text_end"": ""m den Ondergeteekenden zig is keerende tot Uwel Edele Gestrenge en E: Achtb met versoek dat aan den Ondergeteekende mag gepermitteert werden gemelde Opperstuur„"", ""formulas"": ""closing formula"", ""why_end"": [[""signature on this page (next scan)"", 1.06], [""closing formula at the end (Accordeert, onderstond, ...)"", 0.76], [""closing formula halfway down the page, text below"", 0.73], [""opening (genre word or salutation) below the top"", 0.44]]}}"
11011,28,unindexed,NL-HaNA_1.04.02_11011_0126,NL-HaNA_1.04.02_11011_0127,2,shared,-0.983,1.801,,,,,,"{""kind"": ""unindexed"", ""boundary"": ""shared"", ""start"": {""filename"": ""NL-HaNA_1.04.02_11011_0126"", ""p_start"": 0.272, ""p_same_scan"": 0.844, ""header"": """", ""header_date"": """", ""header_date_across"": """", ""number"": null, ""text_start"": ""de Bewijsen hier booven aangehaalt sufficant genoeg zijn, om zijn hier onder te doen versoek te fundeeren. Zijnde thans hier alleen nodig om verder aan te toone"", ""formulas"": ""closing formula"", ""best_toc_match"": """", ""why_start"": [[""closing formula at the end (Accordeert, onderstond, ...) (previous scan)"", 0.98], [""closing formula halfway down the page, text below"", 0.86], [""date in header"", 0.85], [""opening (genre word or salutation) below the top"", 0.67]]}, ""end"": {""filename"": ""NL-HaNA_1.04.02_11011_0127"", ""p_end"": 0.858, ""signature"": ""degrand preez"", ""signature_kind"": ""signed"", ""text_end"": ""ren /:onderstond:/ 'T welk doende &=a /:was geteekent:/ J: V: D: Henghel /:in margine:/ ExhibiP:V: tum in Cudicio den 15: 9b:r 1734. — Accordeert. degrand preez"", ""formulas"": ""salutation, closing formula, place and date at end"", ""why_end"": [[""amount of text (next scan)"", 2.78], [""text length differs from previous page (next scan)"", 2.51], [""no text (next scan)"", -2.16], [""blank page (next scan)"", -1.56]]}}"
11011,29,unindexed,NL-HaNA_1.04.02_11011_0127,NL-HaNA_1.04.02_11011_0127,1,shared,-0.829,1.801,,,,,,"{""kind"": ""unindexed"", ""boundary"": ""shared"", ""start"": {""filename"": ""NL-HaNA_1.04.02_11011_0127"", ""p_start"": 0.304, ""p_same_scan"": 0.669, ""header"": """", ""header_date"": """", ""header_date_across"": """", ""number"": null, ""text_start"": ""„man Pieter Valk in persoon op Articulen te hooren, en daer en booven teegens hem Opperstuurman gelieven te decerneeren soodanig Arrest op zijn persoon als Uwel"", ""formulas"": ""salutation, closing formula, place and date at end"", ""best_toc_match"": """", ""why_start"": [[""signature on this page"", -1.84], [""closing formula at the end (Accordeert, onderstond, ...) (previous scan)"", 0.98], [""closing formula halfway down the page, text below"", 0.86], [""date in header"", 0.85]]}, ""end"": {""filename"": ""NL-HaNA_1.04.02_11011_0127"", ""p_end"": 0.858, ""signature"": ""degrand preez"", ""signature_kind"": ""signed"", ""text_end"": ""ren /:onderstond:/ 'T welk doende &=a /:was geteekent:/ J: V: D: Henghel /:in margine:/ ExhibiP:V: tum in Cudicio den 15: 9b:r 1734. — Accordeert. degrand preez"", ""formulas"": ""salutation, closing formula, place and date at end"", ""why_end"": [[""amount of text (next scan)"", 2.78], [""text length differs from previous page (next scan)"", 2.51], [""no text (next scan)"", -2.16], [""blank page (next scan)"", -1.56]]}}"
11011,30,non-document,NL-HaNA_1.04.02_11011_0128,NL-HaNA_1.04.02_11011_0130,3,gap,-3.663,-4.287,,,,,,
11011,31,unindexed,NL-HaNA_1.04.02_11011_0131,NL-HaNA_1.04.02_11011_0139,9,gap,-0.251,1.926,,,,,,"{""kind"": ""unindexed"", ""boundary"": ""gap"", ""start"": {""filename"": ""NL-HaNA_1.04.02_11011_0131"", ""p_start"": 0.438, ""p_same_scan"": 0.006, ""header"": """", ""header_date"": """", ""header_date_across"": """", ""number"": null, ""text_start"": ""Ant:o Ca. — Interrogatoria gedaen Compareerde voor ons maaken, en aan d' E:s Leeden Onderget:s Gecommitt„s uijt van den Achtb„re Raad van Jusden E: Achtb„re Raa"", ""formulas"": """", ""best_toc_match"": """", ""why_start"": [[""previous page blank"", -2.97], [""text length differs from previous page"", 1.82], [""amount of text (previous scan)"", 1.52], [""how far down the page the text reaches (previous scan)"", 1.07]]}, ""end"": {""filename"": ""NL-HaNA_1.04.02_11011_0139"", ""p_end"": 0.873, ""signature"": ""P„r Edegrand preel"", ""signature_kind"": ""signed"", ""text_end"": ""j present /:is geteekent/ P„r de Grandpreez secret:s /:in margine:/ Als Gecommitt„s E /:en geteekent:/ C„l Brand en C„s Moller. Accordeert. — P„r Edegrand preel"", ""formulas"": ""closing formula, place and date at end"", ""why_end"": [[""text length differs from previous page (next scan)"", 2.87], [""amount of text (next scan)"", 2.78], [""no text (next scan)"", -2.16], [""blank page (next scan)"", -1.56]]}}"
11011,32,non-document,NL-HaNA_1.04.02_11011_0140,NL-HaNA_1.04.02_11011_0142,3,gap,-3.419,-5.172,,,,,,
11011,33,unindexed,NL-HaNA_1.04.02_11011_0143,NL-HaNA_1.04.02_11011_0145,3,gap,2.128,1.201,,,,,,"{""kind"": ""unindexed"", ""boundary"": ""gap"", ""start"": {""filename"": ""NL-HaNA_1.04.02_11011_0143"", ""p_start"": 0.894, ""p_same_scan"": 0.106, ""header"": """", ""header_date"": """", ""header_date_across"": """", ""number"": null, ""text_start"": ""Ant„o Ja. Ant„o Ca. — Interrogatoria Compareerde voor ons gedaan maaken, en aan d' E Leeonderget:e Gecommitt„s uijt den E: „ den van den Achtb„r Raad van Achtb„"", ""formulas"": """", ""best_toc_match"": """", ""why_start"": [[""previous page blank"", -2.97], [""text length differs from previous page"", 2.5], [""amount of text (previous scan)"", 2.02], [""how far down the page the text reaches (previous scan)"", 1.12]]}, ""end"": {""filename"": ""NL-HaNA_1.04.02_11011_0145"", ""p_end"": 0.769, ""signature"": ""E P„ Coegran Breel"", ""signature_kind"": ""signed"", ""text_end"": ""ent /(:is geteekent:/ J„r de Grandpreer secret:s /:in margine:) Als gecommitt=„s terma /: en geteekent:/ C„s Brand en J„s Moller. Accordeert. P„ Coegran Breel E"", ""formulas"": ""closing formula, place and date at end"", ""why_end"": [[""text length differs from previous page (next scan)"", 2.24], [""amount of text (next scan)"", 2.01], [""blank page (next scan)"", -1.56], [""place and date at the end"", 1.15]]}}"
11011,34,non-document,NL-HaNA_1.04.02_11011_0146,NL-HaNA_1.04.02_11011_0146,1,gap,-0.996,-4.392,,,,,,
11011,35,unindexed,NL-HaNA_1.04.02_11011_0147,NL-HaNA_1.04.02_11011_0153,7,gap,-1.294,1.056,,,,,,"{""kind"": ""unindexed"", ""boundary"": ""gap"", ""start"": {""filename"": ""NL-HaNA_1.04.02_11011_0147"", ""p_start"": 0.215, ""p_same_scan"": 0.011, ""header"": """", ""header_date"": """", ""header_date_across"": """", ""number"": null, ""text_start"": ""kend - ant: Jac Compareerde voor ons on Interrogatoria gedaen derget:s gecommitt:s uijt den E: maken, en aen de E:s leeden achtb:re raad van Justitie deeses gou"", ""formulas"": ""closing formula"", ""best_toc_match"": """", ""why_start"": [[""previous page blank"", -2.97], [""text length differs from previous page"", 1.69], [""amount of text (previous scan)"", 1.46], [""very little text (previous scan)"", 0.92]]}, ""end"": {""filename"": ""NL-HaNA_1.04.02_11011_0153"", ""p_end"": 0.742, ""signature"": ""D„ de grandpree"", ""signature_kind"": ""signed"", ""text_end"": "" mij Present /: is getekent:/ I:s de Grane preez: secret:s /:in margine:/ Als gecommitt:s /:en getekend:/ C l Brand en P:s Moller. Accordeert. - D„ de grandpree"", ""formulas"": ""closing formula, place and date at end"", ""why_end"": [[""amount of text (next scan)"", 1.89], [""text length differs from previous page (next scan)"", 1.78], [""blank page (next scan)"", -1.56], [""place and date at the end"", 1.15]]}}"
11011,36,non-document,NL-HaNA_1.04.02_11011_0154,NL-HaNA_1.04.02_11011_0154,1,gap,-2.579,-6.854,,,,,,
11011,37,unindexed,NL-HaNA_1.04.02_11011_0155,NL-HaNA_1.04.02_11011_0159,5,gap,-1.68,3.875,,,,,,"{""kind"": ""unindexed"", ""boundary"": ""gap"", ""start"": {""filename"": ""NL-HaNA_1.04.02_11011_0155"", ""p_start"": 0.157, ""p_same_scan"": 0.014, ""header"": """", ""header_date"": """", ""header_date_across"": """", ""number"": null, ""text_start"": ""antw: ja. antw: ja, en, sulx is geschied door de klijne putter. bootsmansgast. — antw: jan, binnen 't hek. Compareerde voor ons onderget: Anterrogatoria gedaan "", ""formulas"": """", ""best_toc_match"": """", ""why_start"": [[""previous page blank"", -2.97], [""text length differs from previous page"", 1.77], [""amount of text (previous scan)"", 1.37], [""very little text (previous scan)"", 0.92]]}, ""end"": {""filename"": ""NL-HaNA_1.04.02_11011_0159"", ""p_end"": 0.98, ""signature"": ""Accordeert. — D„ degramt Sreel"", ""signature_kind"": ""collation"", ""text_end"": ""ij present /:is geteekent:/ J„r de Grandpreez secret:s /:in margine:/ als gecommitt„s /:' en geteekent:/ C„l Brand, en J„b Möller Accordeert. — D„ degramt Sreel"", ""formulas"": ""closing formula, place and date at end"", ""why_end"": [[""text length differs from previous page (next scan)"", 3.04], [""amount of text (next scan)"", 2.78], [""no text (next scan)"", -2.16], [""blank page (next scan)"", -1.56]]}}"
11011,38,non-document,NL-HaNA_1.04.02_11011_0160,NL-HaNA_1.04.02_11011_0162,3,gap,-5.653,-3.372,,,,,,
11011,39,unindexed,NL-HaNA_1.04.02_11011_0163,NL-HaNA_1.04.02_11011_0169,7,gap,0.041,3.945,,,,,,"{""kind"": ""unindexed"", ""boundary"": ""gap"", ""start"": {""filename"": ""NL-HaNA_1.04.02_11011_0163"", ""p_start"": 0.51, ""p_same_scan"": 0.0, ""header"": ""Copia /"", ""header_date"": """", ""header_date_across"": """", ""number"": null, ""text_start"": ""neen Ant„o Ik ben dien Dag aan Land geweest. — \nCopia / \nOnterrogatoria Compareerde voor ons 9 onderget„e Gecommitt=s uijt den E: gedaan maaken, en aan de E:s A"", ""formulas"": ""opens with genre word"", ""best_toc_match"": """", ""why_start"": [[""previous page blank"", -2.97], [""text length differs from previous page"", 1.92], [""amount of text (previous scan)"", 1.52], [""how far down the page the text reaches (previous scan)"", 1.3]]}, ""end"": {""filename"": ""NL-HaNA_1.04.02_11011_0169"", ""p_end"": 0.981, ""signature"": ""Accordeert. — P„s Coegrand Bree"", ""signature_kind"": ""collation"", ""text_end"": "" present /:is geteekent:/ P„s de Grandsoveer secret:s /:in margine:/ Alsgecommitt„s /:en geteekent:/ C:l Brand, en J„s Möller. — Accordeert. — P„s Coegrand Bree"", ""formulas"": ""closing formula, place and date at end"", ""why_end"": [[""text length differs from previous page (next scan)"", 2.32], [""amount of text (next scan)"", 2.09], [""blank page (next scan)"", -1.56], [""place and date at the end"", 1.15]]}}"
11011,40,non-document,NL-HaNA_1.04.02_11011_0170,NL-HaNA_1.04.02_11011_0170,1,gap,-3.021,-4.953,,,,,,
11011,41,unindexed,NL-HaNA_1.04.02_11011_0171,NL-HaNA_1.04.02_11011_0171,1,gap,0.926,-0.573,,,,,,"{""kind"": ""unindexed"", ""boundary"": ""gap"", ""start"": {""filename"": ""NL-HaNA_1.04.02_11011_0171"", ""p_start"": 0.716, ""p_same_scan"": 0.0, ""header"": ""Copia. | Jnterrogatoria"", ""header_date"": """", ""header_date_across"": """", ""number"": null, ""text_start"": ""antw: ja. antw: ja, de groote putter, sonder sijn- naam te weeten. in den bootsmansmaat sat alleenig een \nCopia. \nCompareerde door ons onderget: gegedaan maaken"", ""formulas"": ""opens with genre word"", ""best_toc_match"": """", ""why_start"": [[""previous page blank"", -2.97], [""text length differs from previous page"", 2.17], [""amount of text (previous scan)"", 1.52], [""how far down the page the text reaches (previous scan)"", 1.1]]}, ""end"": {""filename"": ""NL-HaNA_1.04.02_11011_0171"", ""p_end"": 0.36, ""signature"": """", ""signature_kind"": """", ""text_end"": ""en doen, maar dat hij jonge aldaar in dat het niet ter kennis sijn sinjeur ontloopen was. — wijnig van mij af. antw: ja, met de putter daarop geen agt gegeeven."", ""formulas"": ""opens with genre word"", ""why_end"": [[""text length differs from previous page (next scan)"", 2.36], [""amount of text (next scan)"", 1.89], [""blank page (next scan)"", -1.56], [""previous page blank"", -1.32]]}}"
11011,42,non-document,NL-HaNA_1.04.02_11011_0172,NL-HaNA_1.04.02_11011_0172,1,gap,-5.225,-5.05,,,,,,
11011,43,unindexed,NL-HaNA_1.04.02_11011_0173,NL-HaNA_1.04.02_11011_0176,4,gap,-0.605,4.926,,,,,,"{""kind"": ""unindexed"", ""boundary"": ""gap"", ""start"": {""filename"": ""NL-HaNA_1.04.02_11011_0173"", ""p_start"": 0.353, ""p_same_scan"": 0.001, ""header"": ""Interrogatoria"", ""header_date"": """", ""header_date_across"": """", ""number"": null, ""text_start"": ""antw: ja, de groote putter, sonder sijn- naam te weeten. \nInterrogatoria \nCopia. Compareerde door ons onderget:e geCommist„s uijt den E: Agtb=rse Raad: van geda"", ""formulas"": ""opens with genre word"", ""best_toc_match"": """", ""why_start"": [[""previous page blank"", -2.97], [""text length differs from previous page"", 1.99], [""amount of text (previous scan)"", 1.37], [""very little text (previous scan)"", 0.92]]}, ""end"": {""filename"": ""NL-HaNA_1.04.02_11011_0176"", ""p_end"": 0.993, ""signature"": ""Accordeert. — Weyland Sreel"", ""signature_kind"": ""collation"", ""text_end"": "" lager:/ mij present /:is get:t J„s de grandpreez secret:s /:in margine:/ als gecommitt:s /: en geteekent:/ C„s Brand/ en J„s Moller Accordeert. — Weyland Sreel"", ""formulas"": ""closing formula, place and date at end"", ""why_end"": [[""text length differs from previous page (next scan)"", 2.78], [""amount of text (next scan)"", 2.78], [""no text (next scan)"", -2.16], [""blank page (next scan)"", -1.56]]}}"
11011,44,unindexed,NL-HaNA_1.04.02_11011_0176,NL-HaNA_1.04.02_11011_0176,1,shared,-3.908,4.926,,,,,,"{""kind"": ""unindexed"", ""boundary"": ""shared"", ""start"": {""filename"": ""NL-HaNA_1.04.02_11011_0176"", ""p_start"": 0.02, ""p_same_scan"": 0.656, ""header"": """", ""header_date"": """", ""header_date_across"": """", ""number"": null, ""text_start"": ""Pietersz:, dewelke de boovenstaande vraagen met sijne daarop gegeevene antwoorden van woord tot woord kerklaar en duijdelijk voorgelee „sen sijnde, verclaarde d"", ""formulas"": ""closing formula, place and date at end"", ""best_toc_match"": """", ""why_start"": [[""collation mark on this page"", -0.93], [""closing formula halfway down the page, text below"", 0.86], [""date in header"", 0.85], [""catch-word at the bottom (text continues)"", -0.65]]}, ""end"": {""filename"": ""NL-HaNA_1.04.02_11011_0176"", ""p_end"": 0.993, ""signature"": ""Accordeert. — Weyland Sreel"", ""signature_kind"": ""collation"", ""text_end"": "" lager:/ mij present /:is get:t J„s de grandpreez secret:s /:in margine:/ als gecommitt:s /: en geteekent:/ C„s Brand/ en J„s Moller Accordeert. — Weyland Sreel"", ""formulas"": ""closing formula, place and date at end"", ""why_end"": [[""text length differs from previous page (next scan)"", 2.78], [""amount of text (next scan)"", 2.78], [""no text (next scan)"", -2.16], [""blank page (next scan)"", -1.56]]}}"
11011,45,non-document,NL-HaNA_1.04.02_11011_0177,NL-HaNA_1.04.02_11011_0178,2,gap,-3.924,-5.241,,,,,,
11011,46,unindexed,NL-HaNA_1.04.02_11011_0179,NL-HaNA_1.04.02_11011_0185,7,gap,1.352,0.952,,,,,,"{""kind"": ""unindexed"", ""boundary"": ""gap"", ""start"": {""filename"": ""NL-HaNA_1.04.02_11011_0179"", ""p_start"": 0.795, ""p_same_scan"": 0.092, ""header"": """", ""header_date"": """", ""header_date_across"": """", ""number"": null, ""text_start"": ""Ant„o Ca. Ant„o, Ca de groote en klijne Putters dog weet haar Naamenen niet. — Compareerde voor Interrogatoria. „derged:e Gecommitt„s uijt den Achtb:r Raad van "", ""formulas"": """", ""best_toc_match"": """", ""why_start"": [[""previous page blank"", -2.97], [""text length differs from previous page"", 2.52], [""amount of text (previous scan)"", 2.02], [""how far down the page the text reaches (previous scan)"", 1.09]]}, ""end"": {""filename"": ""NL-HaNA_1.04.02_11011_0185"", ""p_end"": 0.722, ""signature"": """", ""signature_kind"": """", ""text_end"": ""r Bakker Mij present (:is geteekend:) P„r de Grandpreer secret:s /:in margine:/ Als Gecommitt„s /en geteekent:) C:s Brand en J„s Accordeert. — P„r de grandpreez"", ""formulas"": ""closing formula, place and date at end"", ""why_end"": [[""text length differs from previous page (next scan)"", 1.9], [""amount of text (next scan)"", 1.89], [""blank page (next scan)"", -1.56], [""place and date at the end"", 1.15]]}}"
11011,47,non-document,NL-HaNA_1.04.02_11011_0186,NL-HaNA_1.04.02_11011_0186,1,gap,-2.623,-4.963,,,,,,
11011,48,unindexed,NL-HaNA_1.04.02_11011_0187,NL-HaNA_1.04.02_11011_0189,3,gap,-1.175,0.625,,,,,,"{""kind"": ""unindexed"", ""boundary"": ""gap"", ""start"": {""filename"": ""NL-HaNA_1.04.02_11011_0187"", ""p_start"": 0.236, ""p_same_scan"": 0.0, ""header"": """", ""header_date"": """", ""header_date_across"": """", ""number"": null, ""text_start"": ""antw: ja de klijne putter. entv: naar mijn best weeten den schieman, en sijn maat, den bootsmansmaat, en ik gesr: antw: onder 't half verdek. Copia Interrogator"", ""formulas"": ""opens with genre word"", ""best_toc_match"": """", ""why_start"": [[""previous page blank"", -2.97], [""text length differs from previous page"", 1.96], [""amount of text (previous scan)"", 1.37], [""how far down the page the text reaches (previous scan)"", 1.1]]}, ""end"": {""filename"": ""NL-HaNA_1.04.02_11011_0189"", ""p_end"": 0.651, ""signature"": ""P„r Weiland Seel"", ""signature_kind"": ""signed"", ""text_end"": ""e weeten. bootsmarsmaat 't gesegt heeft. antiv: daarvan ook niets te hebben gehoort. antw: 't niet te weeten.— antw: ik weet 't niet. antw: ja. P„r Weiland Seel"", ""formulas"": ""closing formula"", ""why_end"": [[""text length differs from previous page (next scan)"", 2.69], [""amount of text (next scan)"", 2.19], [""blank page (next scan)"", -1.56], [""text length relative to inventory (next scan)"", 0.77]]}}"
11011,49,non-document,NL-HaNA_1.04.02_11011_0190,NL-HaNA_1.04.02_11011_0190,1,gap,-3.528,-5.117,,,,,,
11011,50,unindexed,NL-HaNA_1.04.02_11011_0191,NL-HaNA_1.04.02_11011_0205,15,gap,-0.554,1.137,,,,,,"{""kind"": ""unindexed"", ""boundary"": ""gap"", ""start"": {""filename"": ""NL-HaNA_1.04.02_11011_0191"", ""p_start"": 0.365, ""p_same_scan"": 0.006, ""header"": """", ""header_date"": """", ""header_date_across"": """", ""number"": null, ""text_start"": ""Eijsch ende Conclusie gedaen maeken en aen den E: Achtb:re Heer Adriaen Van Kervel benevens den E: Achtb:re raed van Justitie deeses gouvernements overgegeven d"", ""formulas"": ""opens with genre word"", ""best_toc_match"": """", ""why_start"": [[""previous page blank"", -2.97], [""text length differs from previous page"", 1.71], [""amount of text (previous scan)"", 1.59], [""how far down the page the text reaches (previous scan)"", 1.13]]}, ""end"": {""filename"": ""NL-HaNA_1.04.02_11011_0205"", ""p_end"": 0.757, ""signature"": ""de grandpreez socred:s"", ""signature_kind"": ""signed"", ""text_end"": "" UEde Achtbre zullen vinden te behooren (:was getekent:/ D VJF Honghel /: in margin: Exhibitum In Incitio den 12 Maij 1735. Accordeert. — de grandpreez socred:s"", ""formulas"": ""closing formula, place and date at end"", ""why_end"": [[""amount of text (next scan)"", 2.78], [""text length differs from previous page (next scan)"", 2.6], [""no text (next scan)"", -2.16], [""blank page (next scan)"", -1.56]]}}"
11011,51,non-document,NL-HaNA_1.04.02_11011_0206,NL-HaNA_1.04.02_11011_0206,1,gap,-3.546,-5.14,,,,,,
11011,52,unindexed,NL-HaNA_1.04.02_11011_0207,NL-HaNA_1.04.02_11011_0212,6,gap,0.084,1.6,,,,,,"{""kind"": ""unindexed"", ""boundary"": ""gap"", ""start"": {""filename"": ""NL-HaNA_1.04.02_11011_0207"", ""p_start"": 0.521, ""p_same_scan"": 0.022, ""header"": """", ""header_date"": """", ""header_date_across"": """", ""number"": null, ""text_start"": ""Compareerde voor ons ondergets. gecommitt:s uijt den E: achtb:re raed van Justitie deeses gouvernements den Mattroos David Scheffenaer van Amsterdam oud 36: Jae"", ""formulas"": """", ""best_toc_match"": """", ""why_start"": [[""previous page blank"", -2.97], [""text length differs from previous page"", 2.5], [""amount of text (previous scan)"", 2.02], [""how far down the page the text reaches (previous scan)"", 1.3]]}, ""end"": {""filename"": ""NL-HaNA_1.04.02_11011_0212"", ""p_end"": 0.832, ""signature"": ""P„r de grandpreez"", ""signature_kind"": ""signed"", ""text_end"": ""ij Present /:is getekent/ P:s de Grand pree= secret.:s /:in margine:/ Als gecommitt:s /: en geteken:/ R:k Tulbagh, en D:l Pheil. — Accordeert. P„r de grandpreez"", ""formulas"": ""closing formula, place and date at end"", ""why_end"": [[""amount of text (next scan)"", 2.78], [""text length differs from previous page (next scan)"", 2.54], [""no text (next scan)"", -2.16], [""blank page (next scan)"", -1.56]]}}"
11011,53,non-document,NL-HaNA_1.04.02_11011_0213,NL-HaNA_1.04.02_11011_0214,2,gap,-3.075,-4.844,,,,,,
11011,54,unindexed,NL-HaNA_1.04.02_11011_0215,NL-HaNA_1.04.02_11011_0218,4,gap,-0.582,1.187,,,,,,"{""kind"": ""unindexed"", ""boundary"": ""gap"", ""start"": {""filename"": ""NL-HaNA_1.04.02_11011_0215"", ""p_start"": 0.358, ""p_same_scan"": 0.021, ""header"": """", ""header_date"": """", ""header_date_across"": """", ""number"": null, ""text_start"": ""Huijden Den 21: Maij 1735. — Compareerde voor mij Josephus de grandpreez secret:s van den E: Achtb=re Raed van Justitie des Casteels de goede Htoop ter presenti"", ""formulas"": """", ""best_toc_match"": """", ""why_start"": [[""previous page blank"", -2.97], [""text length differs from previous page"", 2.54], [""amount of text (previous scan)"", 2.02], [""how far down the page the text reaches (previous scan)"", 1.2]]}, ""end"": {""filename"": ""NL-HaNA_1.04.02_11011_0218"", ""p_end"": 0.766, ""signature"": ""J„: de grand praez"", ""signature_kind"": ""signed"", ""text_end"": ""j Present /:is getekent:/ P:r de Grandpreez secret:s /:in margine:/ Als gecommitt. s /.en getekend:/ W:s Heijning en P:l Artois. — Accordeert J„: de grand praez"", ""formulas"": ""closing formula, place and date at end"", ""why_end"": [[""text length differs from previous page (next scan)"", 2.79], [""amount of text (next scan)"", 2.78], [""no text (next scan)"", -2.16], [""blank page (next scan)"", -1.56]]}}"
11011,55,non-document,NL-HaNA_1.04.02_11011_0219,NL-HaNA_1.04.02_11011_0220,2,gap,-3.389,-4.841,,,,,,
11011,56,unindexed,NL-HaNA_1.04.02_11011_0221,NL-HaNA_1.04.02_11011_0224,4,gap,-0.621,1.581,,,,,,"{""kind"": ""unindexed"", ""boundary"": ""gap"", ""start"": {""filename"": ""NL-HaNA_1.04.02_11011_0221"", ""p_start"": 0.35, ""p_same_scan"": 0.021, ""header"": """", ""header_date"": """", ""header_date_across"": """", ""number"": null, ""text_start"": ""Huijden Den 2: Maij 1735. — Compareerde voor mij Josephus De Grandpreez: Secrets van den E: Achtb:re Raed van Justitie deeses gouvernements, ter presentie van d"", ""formulas"": """", ""best_toc_match"": """", ""why_start"": [[""previous page blank"", -2.97], [""text length differs from previous page"", 2.54], [""amount of text (previous scan)"", 2.02], [""how far down the page the text reaches (previous scan)"", 1.2]]}, ""end"": {""filename"": ""NL-HaNA_1.04.02_11011_0224"", ""p_end"": 0.829, ""signature"": ""secret:s"", ""signature_kind"": ""signed"", ""text_end"": "" is getekent:/ F:s de grandpreez secret:s /:in margine:/ Als gecommitt:s /: en getekent:/ W„s heijning /en:/ P:l Artois. — Accordeert. P„r degrandpreel secret:s"", ""formulas"": ""closing formula, place and date at end"", ""why_end"": [[""amount of text (next scan)"", 2.78], [""text length differs from previous page (next scan)"", 2.74], [""no text (next scan)"", -2.16], [""blank page (next scan)"", -1.56]]}}"
11011,57,non-document,NL-HaNA_1.04.02_11011_0225,NL-HaNA_1.04.02_11011_0226,2,gap,-3.215,-4.839,,,,,,
11011,58,unindexed,NL-HaNA_1.04.02_11011_0227,NL-HaNA_1.04.02_11011_0232,6,gap,0.753,1.212,,,,,,"{""kind"": ""unindexed"", ""boundary"": ""gap"", ""start"": {""filename"": ""NL-HaNA_1.04.02_11011_0227"", ""p_start"": 0.68, ""p_same_scan"": 0.06, ""header"": """", ""header_date"": """", ""header_date_across"": """", ""number"": null, ""text_start"": ""Huijden Den 6 Maij 1735.— Compareerde voor mij Josephus De Granopreez secrets van den E: Achtbre Raed van Justitie des Casteels de goede Hoop ter presentie van "", ""formulas"": """", ""best_toc_match"": """", ""why_start"": [[""previous page blank"", -2.97], [""text length differs from previous page"", 2.49], [""amount of text (previous scan)"", 2.02], [""how far down the page the text reaches (previous scan)"", 1.3]]}, ""end"": {""filename"": ""NL-HaNA_1.04.02_11011_0232"", ""p_end"": 0.771, ""signature"": ""P de grandpreek"", ""signature_kind"": ""signed"", ""text_end"": ""Mij present /:is getekent:/ I:s de grandpreez: secret:s /:in margine:/ Als geCommiss:s / en getekent:/ R„k dulbagh en D:l Pseil. — d Accordeert. P de grandpreek"", ""formulas"": ""closing formula, place and date at end"", ""why_end"": [[""amount of text (next scan)"", 2.78], [""text length differs from previous page (next scan)"", 2.75], [""no text (next scan)"", -2.16], [""blank page (next scan)"", -1.56]]}}"
11011,59,non-document,NL-HaNA_1.04.02_11011_0233,NL-HaNA_1.04.02_11011_0234,2,gap,-3.436,-4.845,,,,,,
11011,60,unindexed,NL-HaNA_1.04.02_11011_0235,NL-HaNA_1.04.02_11011_0236,2,gap,-0.454,1.022,,,,,,"{""kind"": ""unindexed"", ""boundary"": ""gap"", ""start"": {""filename"": ""NL-HaNA_1.04.02_11011_0235"", ""p_start"": 0.388, ""p_same_scan"": 0.021, ""header"": """", ""header_date"": """", ""header_date_across"": """", ""number"": null, ""text_start"": ""Ter requisisie van den E: Heer en Mr: Daniel Van Den Henghel Independ: Fiscael, verklaerd ren wij ondergesz: eerste en tweede opperchirurgijns ten overstaen van"", ""formulas"": """", ""best_toc_match"": """", ""why_start"": [[""previous page blank"", -2.97], [""text length differs from previous page"", 2.44], [""amount of text (previous scan)"", 2.02], [""how far down the page the text reaches (previous scan)"", 1.3]]}, ""end"": {""filename"": ""NL-HaNA_1.04.02_11011_0236"", ""p_end"": 0.735, ""signature"": ""P„ de grandpreez secred:s"", ""signature_kind"": ""signed"", ""text_end"": ""getekent. — /:onderstond:/ Cabo De Goede Hoop Den 1 maij In vn 1735. /:was getekent:/ J:n V:n Schoor en B=l D:r S:t Ian. — Accordeert. P„ de grandpreez secred:s"", ""formulas"": ""closing formula, place and date at end"", ""why_end"": [[""amount of text (next scan)"", 2.78], [""text length differs from previous page (next scan)"", 2.34], [""no text (next scan)"", -2.16], [""blank page (next scan)"", -1.56]]}}"
11011,61,non-document,NL-HaNA_1.04.02_11011_0237,NL-HaNA_1.04.02_11011_0238,2,gap,-2.002,-4.886,,,,,,
11011,62,unindexed,NL-HaNA_1.04.02_11011_0239,NL-HaNA_1.04.02_11011_0266,28,gap,-0.326,0.181,,,,,,"{""kind"": ""unindexed"", ""boundary"": ""gap"", ""start"": {""filename"": ""NL-HaNA_1.04.02_11011_0239"", ""p_start"": 0.419, ""p_same_scan"": 0.019, ""header"": """", ""header_date"": """", ""header_date_across"": """", ""number"": null, ""text_start"": ""Alsoo David Scheffenaer van amsterdam, mattroos in dienst der E: Comp: oud 36 Jaeren, thans s Heeren gevangen, buijten „pijn ofte dwang van banden, van ijsers, "", ""formulas"": """", ""best_toc_match"": """", ""why_start"": [[""previous page blank"", -2.97], [""text length differs from previous page"", 2.52], [""amount of text (previous scan)"", 2.02], [""how far down the page the text reaches (previous scan)"", 1.3]]}, ""end"": {""filename"": ""NL-HaNA_1.04.02_11011_0266"", ""p_end"": 0.545, ""signature"": ""secred:s de grandpreez"", ""signature_kind"": ""signed"", ""text_end"": ""Present /:id getekent:/ P:s de Grandpreez Poenet: /:in margine:/ als gecommito:s /: en getekent :/ C:l Brand/en:/ D: T seijl. Accordeert. de grandpreez secred:s"", ""formulas"": ""closing formula, place and date at end"", ""why_end"": [[""how far down the page the text reaches"", 1.27], [""place and date at the end"", 1.15], [""closing formula at the end (Accordeert, onderstond, ...)"", 0.76], [""closing formula halfway down the page, text below"", 0.73]]}}"
11011,63,unindexed,NL-HaNA_1.04.02_11011_0267,NL-HaNA_1.04.02_11011_0269,3,adjacent,0.026,1.772,,,,,,"{""kind"": ""unindexed"", ""boundary"": ""adjacent"", ""start"": {""filename"": ""NL-HaNA_1.04.02_11011_0267"", ""p_start"": 0.507, ""p_same_scan"": 0.001, ""header"": """", ""header_date"": """", ""header_date_across"": """", ""number"": null, ""text_start"": ""Relaes gegeven ter requisitie van den Heer Jndepend:t fiscael Mr: Daniel van Den Henghel door den burger Carel George Wieser, sijnde van de volgende inhoudt dat"", ""formulas"": """", ""best_toc_match"": """", ""why_start"": [[""closing formula at the end (Accordeert, onderstond, ...) (previous scan)"", 0.98], [""date in header"", 0.85], [""how far down the page the text reaches (previous scan)"", 0.82], [""place and date at the end (previous scan)"", 0.75]]}, ""end"": {""filename"": ""NL-HaNA_1.04.02_11011_0269"", ""p_end"": 0.855, ""signature"": """", ""signature_kind"": """", ""text_end"": ""i Present /:is getekent:/ P:s de Grandpreez secret:s /:in mar= gine:/ Als gecommitt:s /: en getekent:/ C: Brand / en/ D: Pseijl. Accordeert. — P„b degrand preez"", ""formulas"": ""closing formula, place and date at end"", ""why_end"": [[""text length differs from previous page (next scan)"", 2.89], [""amount of text (next scan)"", 2.78], [""no text (next scan)"", -2.16], [""blank page (next scan)"", -1.56]]}}"
11011,64,unindexed,NL-HaNA_1.04.02_11011_0269,NL-HaNA_1.04.02_11011_0269,1,shared,-0.592,1.772,,,,,,"{""kind"": ""unindexed"", ""boundary"": ""shared"", ""start"": {""filename"": ""NL-HaNA_1.04.02_11011_0269"", ""p_start"": 0.356, ""p_same_scan"": 0.813, ""header"": """", ""header_date"": """", ""header_date_across"": """", ""number"": null, ""text_start"": ""/:Laeger:/ Jn kennisse van mij /:i s getekent/ J:s de grandpreez: secret„s /:in margine:/ Als Getuijgen /:en getekent/ J=n M:s v:n Dessen n7 /en:/ N: H:n Iserma"", ""formulas"": ""closing formula, place and date at end"", ""best_toc_match"": """", ""why_start"": [[""closing formula at the end (Accordeert, onderstond, ...) (previous scan)"", 0.98], [""closing formula halfway down the page, text below"", 0.86], [""date in header"", 0.85], [""place and date at the end"", 0.64]]}, ""end"": {""filename"": ""NL-HaNA_1.04.02_11011_0269"", ""p_end"": 0.855, ""signature"": """", ""signature_kind"": """", ""text_end"": ""i Present /:is getekent:/ P:s de Grandpreez secret:s /:in mar= gine:/ Als gecommitt:s /: en getekent:/ C: Brand / en/ D: Pseijl. Accordeert. — P„b degrand preez"", ""formulas"": ""closing formula, place and date at end"", ""why_end"": [[""text length differs from previous page (next scan)"", 2.89], [""amount of text (next scan)"", 2.78], [""no text (next scan)"", -2.16], [""blank page (next scan)"", -1.56]]}}"
11011,65,non-document,NL-HaNA_1.04.02_11011_0270,NL-HaNA_1.04.02_11011_0270,1,gap,-4.285,-4.264,,,,,,
11011,66,unindexed,NL-HaNA_1.04.02_11011_0271,NL-HaNA_1.04.02_11011_0279,9,gap,-0.6,-0.378,,,,,,"{""kind"": ""unindexed"", ""boundary"": ""gap"", ""start"": {""filename"": ""NL-HaNA_1.04.02_11011_0271"", ""p_start"": 0.354, ""p_same_scan"": 0.006, ""header"": """", ""header_date"": """", ""header_date_across"": """", ""number"": null, ""text_start"": ""Compareerde voor ons onderget: gecommitt:s uijt den E: Achtb:re raed van Justitie deeses Gouvernem:rs Pieter Van Samboua slaef van den burger Caerel George Wies"", ""formulas"": """", ""best_toc_match"": """", ""why_start"": [[""previous page blank"", -2.97], [""text length differs from previous page"", 2.51], [""amount of text (previous scan)"", 2.02], [""how far down the page the text reaches (previous scan)"", 1.3]]}, ""end"": {""filename"": ""NL-HaNA_1.04.02_11011_0279"", ""p_end"": 0.407, ""signature"": ""P„ Voegrand preez"", ""signature_kind"": ""signed"", ""text_end"": ""ager:/ Mij Present /:is getekent:/ P:s de Grandpreez secret:s /: in marginij Fiai Executie /:en getekent:/ Ian De La Contalne„ — Accordeert. — P„ Voegrand preez"", ""formulas"": ""closing formula"", ""why_end"": [[""text length differs from previous page (next scan)"", 3.08], [""amount of text (next scan)"", 2.78], [""no text (next scan)"", -2.16], [""blank page (next scan)"", -1.56]]}}"
11011,67,non-document,NL-HaNA_1.04.02_11011_0280,NL-HaNA_1.04.02_11011_0282,3,gap,-4.775,-4.438,,,,,,
11011,68,unindexed,NL-HaNA_1.04.02_11011_0283,NL-HaNA_1.04.02_11011_0295,13,gap,-0.503,1.183,,,,,,"{""kind"": ""unindexed"", ""boundary"": ""gap"", ""start"": {""filename"": ""NL-HaNA_1.04.02_11011_0283"", ""p_start"": 0.377, ""p_same_scan"": 0.014, ""header"": """", ""header_date"": """", ""header_date_across"": """", ""number"": null, ""text_start"": ""Eijsch ende Conclusie gedaen maeken ende overgegeven aen den E: Achtb:re Heere Adriaen Van Kervel, Pre sidens, beneffens den E: Agtb:r Raed van Jusanie deeser g"", ""formulas"": ""opens with genre word"", ""best_toc_match"": """", ""why_start"": [[""previous page blank"", -2.97], [""text length differs from previous page"", 2.34], [""amount of text (previous scan)"", 2.02], [""how far down the page the text reaches (previous scan)"", 1.19]]}, ""end"": {""filename"": ""NL-HaNA_1.04.02_11011_0295"", ""p_end"": 0.765, ""signature"": ""„ de glandpreez secrt:s"", ""signature_kind"": ""signed"", ""text_end"": ""billikhz: sullen bevinden te behooren r /:was getekent:/ P:r Lourensz: /:in margine:/ Exhibitum In Iuditio. Den 12 maij 1735 Accordeert. „ de glandpreez secrt:s"", ""formulas"": ""closing formula, place and date at end"", ""why_end"": [[""amount of text (next scan)"", 2.78], [""text length differs from previous page (next scan)"", 2.36], [""no text (next scan)"", -2.16], [""blank page (next scan)"", -1.56]]}}"
11011,69,non-document,NL-HaNA_1.04.02_11011_0296,NL-HaNA_1.04.02_11011_0298,3,gap,-3.143,-3.668,,,,,,
11011,70,unindexed,NL-HaNA_1.04.02_11011_0299,NL-HaNA_1.04.02_11011_0301,3,gap,-0.333,3.997,,,,,,"{""kind"": ""unindexed"", ""boundary"": ""gap"", ""start"": {""filename"": ""NL-HaNA_1.04.02_11011_0299"", ""p_start"": 0.418, ""p_same_scan"": 0.001, ""header"": """", ""header_date"": """", ""header_date_across"": """", ""number"": null, ""text_start"": ""Compareerde voor ons onderget=e gecommitt=s uijt den E. Agtb:r raed van Justidie deeses gouvernem„t den hooven tot varken oud naer gissing 17 Jaeren als schaep "", ""formulas"": """", ""best_toc_match"": """", ""why_start"": [[""how far down the page the text reaches (previous scan)"", 1.03], [""very little text (previous scan)"", 0.92], [""date in header"", 0.85], [""text length differs from previous page"", 0.8]]}, ""end"": {""filename"": ""NL-HaNA_1.04.02_11011_0301"", ""p_end"": 0.982, ""signature"": ""Accordeert."", ""signature_kind"": ""collation"", ""text_end"": ""r:/ Mij Present /: is getekent:/ P: de Grandpreer secret:s in margine:/ Als Gecommitt:s /: en getekent:/ C:l Brand in D:o Pseil. — P„r de grandpreez Accordeert."", ""formulas"": ""closing formula, place and date at end"", ""why_end"": [[""amount of text (next scan)"", 1.95], [""blank page (next scan)"", -1.56], [""text length differs from previous page (next scan)"", 1.43], [""place and date at the end"", 1.15]]}}"
11011,71,non-document,NL-HaNA_1.04.02_11011_0302,NL-HaNA_1.04.02_11011_0302,1,gap,-1.04,-6.028,,,,,,
11011,72,unindexed,NL-HaNA_1.04.02_11011_0303,NL-HaNA_1.04.02_11011_0305,3,gap,-1.724,1.51,,,,,,"{""kind"": ""unindexed"", ""boundary"": ""gap"", ""start"": {""filename"": ""NL-HaNA_1.04.02_11011_0303"", ""p_start"": 0.151, ""p_same_scan"": 0.002, ""header"": """", ""header_date"": """", ""header_date_across"": """", ""number"": null, ""text_start"": ""Compareerde voor ons ondergetz gecommitt:s uijt den E: Agtb:re Raed van Justitie deeses gouvernem:ts den Novaen tot Toontje oud naer gissing 22 Jaeren, als bees"", ""formulas"": """", ""best_toc_match"": """", ""why_start"": [[""previous page blank"", -2.97], [""text length differs from previous page"", 1.72], [""amount of text (previous scan)"", 1.42], [""how far down the page the text reaches (previous scan)"", 1.1]]}, ""end"": {""filename"": ""NL-HaNA_1.04.02_11011_0305"", ""p_end"": 0.819, ""signature"": ""P„ de grandpreez secret:s"", ""signature_kind"": ""signed"", ""text_end"": ""resent /: is getekent/ p:r de Grandpreez secret:s /: in margine:/ Als gecommitt:s /: en geekent:/ C:l Brand en D:l Pseil. — Accordeert P„ de grandpreez secret:s"", ""formulas"": ""closing formula, place and date at end"", ""why_end"": [[""amount of text (next scan)"", 2.78], [""text length differs from previous page (next scan)"", 2.63], [""no text (next scan)"", -2.16], [""blank page (next scan)"", -1.56]]}}"
11011,73,non-document,NL-HaNA_1.04.02_11011_0306,NL-HaNA_1.04.02_11011_0306,1,gap,-1.974,-4.973,,,,,,
11011,74,unindexed,NL-HaNA_1.04.02_11011_0307,NL-HaNA_1.04.02_11011_0309,3,gap,-0.205,1.965,,,,,,"{""kind"": ""unindexed"", ""boundary"": ""gap"", ""start"": {""filename"": ""NL-HaNA_1.04.02_11011_0307"", ""p_start"": 0.449, ""p_same_scan"": 0.082, ""header"": """", ""header_date"": """", ""header_date_across"": """", ""number"": null, ""text_start"": ""Compareerde voor ons onderget: gecommitt:s uijt den E Agtb:re Raed van Justitie deeses gouvernem„t den Htottentot Ruijter oud naer gissing 20 Jaeren, dewelke de"", ""formulas"": """", ""best_toc_match"": """", ""why_start"": [[""previous page blank"", -2.97], [""text length differs from previous page"", 2.5], [""amount of text (previous scan)"", 2.02], [""how far down the page the text reaches (previous scan)"", 1.11]]}, ""end"": {""filename"": ""NL-HaNA_1.04.02_11011_0309"", ""p_end"": 0.877, ""signature"": ""secret:s"", ""signature_kind"": ""signed"", ""text_end"": ""s getekent:/ P:s de vrand paeor: secret:s /: in margine :/ Als gecommitt:s /: en getedede kient / C: Brand en D:o Peil. — Accordeert. P„r de grandpreez secret:s"", ""formulas"": ""closing formula, place and date at end"", ""why_end"": [[""amount of text (next scan)"", 2.78], [""text length differs from previous page (next scan)"", 2.37], [""no text (next scan)"", -2.16], [""blank page (next scan)"", -1.56]]}}"
11011,75,non-document,NL-HaNA_1.04.02_11011_0310,NL-HaNA_1.04.02_11011_0310,1,gap,-1.688,-5.113,,,,,,
11011,76,unindexed,NL-HaNA_1.04.02_11011_0311,NL-HaNA_1.04.02_11011_0313,3,gap,-0.199,3.914,,,,,,"{""kind"": ""unindexed"", ""boundary"": ""gap"", ""start"": {""filename"": ""NL-HaNA_1.04.02_11011_0311"", ""p_start"": 0.45, ""p_same_scan"": 0.092, ""header"": """", ""header_date"": """", ""header_date_across"": """", ""number"": null, ""text_start"": ""Huijden Den 10e. Maij 1735. — Compareerde voor mij Josephus de Grandpreez secret„s van den E: Agtb=re Raed Van Justitie des Casteels de goede hoop ter presentie"", ""formulas"": """", ""best_toc_match"": """", ""why_start"": [[""previous page blank"", -2.97], [""text length differs from previous page"", 2.5], [""amount of text (previous scan)"", 2.02], [""how far down the page the text reaches (previous scan)"", 1.16]]}, ""end"": {""filename"": ""NL-HaNA_1.04.02_11011_0313"", ""p_end"": 0.98, ""signature"": ""Accordeert. J„r de Grandpreez"", ""signature_kind"": ""collation"", ""text_end"": "" getekent:/ P:s de Grandpreez secret:s /: in C J: B Kuenius de margine:/ Als gecommitt:s /: en getekent:/ Cestrand en D:l Pseil. — Accordeert. J„r de Grandpreez"", ""formulas"": ""closing formula, place and date at end"", ""why_end"": [[""text length differs from previous page (next scan)"", 1.77], [""amount of text (next scan)"", 1.68], [""blank page (next scan)"", -1.56], [""place and date at the end"", 1.15]]}}"
11011,77,unindexed,NL-HaNA_1.04.02_11011_0313,NL-HaNA_1.04.02_11011_0313,1,shared,-1.396,3.914,,,,,,"{""kind"": ""unindexed"", ""boundary"": ""shared"", ""start"": {""filename"": ""NL-HaNA_1.04.02_11011_0313"", ""p_start"": 0.199, ""p_same_scan"": 0.293, ""header"": """", ""header_date"": """", ""header_date_across"": """", ""number"": null, ""text_start"": ""In kennisse van mij /: is geteekent/ P„ de Grandpreez secret:s /:in margine:/ Als Getuijgen dm7 /:en getekent:/ J:n N:s V:n Cessin en N:s V:n Herman. Recollemen"", ""formulas"": ""closing formula, place and date at end"", ""best_toc_match"": """", ""why_start"": [[""closing formula at the end (Accordeert, onderstond, ...) (previous scan)"", 0.98], [""collation mark on this page"", -0.93], [""closing formula halfway down the page, text below"", 0.86], [""date in header"", 0.85]]}, ""end"": {""filename"": ""NL-HaNA_1.04.02_11011_0313"", ""p_end"": 0.98, ""signature"": ""Accordeert. J„r de Grandpreez"", ""signature_kind"": ""collation"", ""text_end"": "" getekent:/ P:s de Grandpreez secret:s /: in C J: B Kuenius de margine:/ Als gecommitt:s /: en getekent:/ Cestrand en D:l Pseil. — Accordeert. J„r de Grandpreez"", ""formulas"": ""closing formula, place and date at end"", ""why_end"": [[""text length differs from previous page (next scan)"", 1.77], [""amount of text (next scan)"", 1.68], [""blank page (next scan)"", -1.56], [""place and date at the end"", 1.15]]}}"
11011,78,non-document,NL-HaNA_1.04.02_11011_0314,NL-HaNA_1.04.02_11011_0314,1,gap,-3.127,-6.138,,,,,,
11011,79,unindexed,NL-HaNA_1.04.02_11011_0315,NL-HaNA_1.04.02_11011_0317,3,gap,-2.185,1.644,,,,,,"{""kind"": ""unindexed"", ""boundary"": ""gap"", ""start"": {""filename"": ""NL-HaNA_1.04.02_11011_0315"", ""p_start"": 0.101, ""p_same_scan"": 0.001, ""header"": """", ""header_date"": """", ""header_date_across"": """", ""number"": null, ""text_start"": ""Huijden Den 10 Maij 1735. Compareerde voor myj Josephus De Grandpreez secret:s van den E„ Achob=re Raed van Justitie des Casteels de goeden Hoop ter presentie v"", ""formulas"": """", ""best_toc_match"": """", ""why_start"": [[""previous page blank"", -2.97], [""text length differs from previous page"", 1.58], [""amount of text (previous scan)"", 1.22], [""how far down the page the text reaches (previous scan)"", 1.11]]}, ""end"": {""filename"": ""NL-HaNA_1.04.02_11011_0317"", ""p_end"": 0.838, ""signature"": ""P„r degrandereez secret:s"", ""signature_kind"": ""signed"", ""text_end"": ""etekent:/ P:r de Grandpreez secret: /: in margine:/ age„ Als gecommitt:s /:en getekent:/ J:n S:t Thenius en D:. Pseil. — Accordeert. — P„r degrandereez secret:s"", ""formulas"": ""closing formula, place and date at end"", ""why_end"": [[""amount of text (next scan)"", 2.78], [""text length differs from previous page (next scan)"", 2.58], [""no text (next scan)"", -2.16], [""blank page (next scan)"", -1.56]]}}"
11011,80,non-document,NL-HaNA_1.04.02_11011_0318,NL-HaNA_1.04.02_11011_0318,1,gap,-2.671,-5.117,,,,,,
11011,81,unindexed,NL-HaNA_1.04.02_11011_0319,NL-HaNA_1.04.02_11011_0324,6,gap,0.024,0.757,,,,,,"{""kind"": ""unindexed"", ""boundary"": ""gap"", ""start"": {""filename"": ""NL-HaNA_1.04.02_11011_0319"", ""p_start"": 0.506, ""p_same_scan"": 0.027, ""header"": """", ""header_date"": """", ""header_date_across"": """", ""number"": null, ""text_start"": ""Alsoo Den E Achtb=ren Raadt van Iustitie deeses gouvernements uijt de Libere gerecolleerde confessie van de Hotten tots Varken oud naer gissing 17, Toontje oud "", ""formulas"": """", ""best_toc_match"": """", ""why_start"": [[""previous page blank"", -2.97], [""text length differs from previous page"", 2.53], [""amount of text (previous scan)"", 2.02], [""how far down the page the text reaches (previous scan)"", 1.1]]}, ""end"": {""filename"": ""NL-HaNA_1.04.02_11011_0324"", ""p_end"": 0.681, ""signature"": """", ""signature_kind"": """", ""text_end"": ""Laeger:/ mij Present /is getekent :/ P:s de Grandpreez secret„rs /:in margine:/ Piat Executie /:E=: getekent:/ Jan De La Containe. Accordeert. P„r de grandpreez"", ""formulas"": ""closing formula"", ""why_end"": [[""text length differs from previous page (next scan)"", 2.82], [""amount of text (next scan)"", 2.78], [""no text (next scan)"", -2.16], [""blank page (next scan)"", -1.56]]}}"
11011,82,non-document,NL-HaNA_1.04.02_11011_0325,NL-HaNA_1.04.02_11011_0326,2,gap,-4.709,-4.505,,,,,,
11011,83,unindexed,NL-HaNA_1.04.02_11011_0327,NL-HaNA_1.04.02_11011_0340,14,gap,-0.083,2.572,,,,,,"{""kind"": ""unindexed"", ""boundary"": ""gap"", ""start"": {""filename"": ""NL-HaNA_1.04.02_11011_0327"", ""p_start"": 0.479, ""p_same_scan"": 0.016, ""header"": """", ""header_date"": """", ""header_date_across"": """", ""number"": null, ""text_start"": ""Eijsch ende Conclusie gedaen maken, en aen den E: achtb:re Heer Adriaen Van Kervel benevens den E: Achtb„re Raed van Iustitie deeses Gouvernem:ts overgegeven do"", ""formulas"": ""opens with genre word"", ""best_toc_match"": """", ""why_start"": [[""previous page blank"", -2.97], [""text length differs from previous page"", 2.33], [""amount of text (previous scan)"", 2.02], [""how far down the page the text reaches (previous scan)"", 1.3]]}, ""end"": {""filename"": ""NL-HaNA_1.04.02_11011_0340"", ""p_end"": 0.929, ""signature"": """", ""signature_kind"": """", ""text_end"": ""bo De Goede Hoop Den 24 maij 1735. /:was getekent / t /: en daarom gesz /( dit is 't' merk van den slaaf Palonteijn /:Lager:/ Mij Present /: is getekent, J:s Ve"", ""formulas"": ""closing formula, place and date at end"", ""why_end"": [[""place and date at the end"", 1.15], [""signature on this page (next scan)"", 1.06], [""closing formula at the end (Accordeert, onderstond, ...)"", 0.76], [""closing formula halfway down the page, text below"", 0.73]]}}"
11011,84,unindexed,NL-HaNA_1.04.02_11011_0340,NL-HaNA_1.04.02_11011_0340,1,shared,-0.846,2.572,,,,,,"{""kind"": ""unindexed"", ""boundary"": ""shared"", ""start"": {""filename"": ""NL-HaNA_1.04.02_11011_0340"", ""p_start"": 0.3, ""p_same_scan"": 0.963, ""header"": """", ""header_date"": """", ""header_date_across"": """", ""number"": null, ""text_start"": ""vlugt, sijnde eehder nu omtrent een maend geleden des nachts in 't Schút hol- door de Búrger wagt gevangen genomen. — Aldus geconfesseert aen Cabo de Goede Hoop"", ""formulas"": ""closing formula, place and date at end"", ""best_toc_match"": """", ""why_start"": [[""closing formula halfway down the page, text below"", 0.86], [""date in header"", 0.85], [""signature on previous page (previous scan)"", 0.71], [""place and date at the end"", 0.64]]}, ""end"": {""filename"": ""NL-HaNA_1.04.02_11011_0340"", ""p_end"": 0.929, ""signature"": """", ""signature_kind"": """", ""text_end"": ""bo De Goede Hoop Den 24 maij 1735. /:was getekent / t /: en daarom gesz /( dit is 't' merk van den slaaf Palonteijn /:Lager:/ Mij Present /: is getekent, J:s Ve"", ""formulas"": ""closing formula, place and date at end"", ""why_end"": [[""place and date at the end"", 1.15], [""signature on this page (next scan)"", 1.06], [""closing formula at the end (Accordeert, onderstond, ...)"", 0.76], [""closing formula halfway down the page, text below"", 0.73]]}}"
11011,85,non-document,NL-HaNA_1.04.02_11011_0341,NL-HaNA_1.04.02_11011_0342,2,gap,-3.499,-5.442,,,,,,
11011,86,unindexed,NL-HaNA_1.04.02_11011_0343,NL-HaNA_1.04.02_11011_0345,3,gap,-1.082,2.375,,,,,,"{""kind"": ""unindexed"", ""boundary"": ""gap"", ""start"": {""filename"": ""NL-HaNA_1.04.02_11011_0343"", ""p_start"": 0.253, ""p_same_scan"": 0.016, ""header"": """", ""header_date"": """", ""header_date_across"": """", ""number"": null, ""text_start"": ""Compareerde voor ons onderget=e gecommitt:s uijt den E: Achtb:r, Raed van justitie deeses gouvernem:s Claes van De Caab slaef der E: Comp: oud naer gissing 24:e"", ""formulas"": """", ""best_toc_match"": """", ""why_start"": [[""previous page blank"", -2.97], [""text length differs from previous page"", 1.75], [""amount of text (previous scan)"", 1.42], [""how far down the page the text reaches (previous scan)"", 1.04]]}, ""end"": {""filename"": ""NL-HaNA_1.04.02_11011_0345"", ""p_end"": 0.915, ""signature"": ""Secred:s P„ de grandpreez"", ""signature_kind"": ""signed"", ""text_end"": ""/: is getekent:/ I:s de Grandpreez secret:s (: in margine:/ Als Gecommit=:s/:en getekent:/ H:k Swellengrebel in P:s Fulbagh Accordeert P„ de grandpreez Secred:s"", ""formulas"": ""closing formula, place and date at end"", ""why_end"": [[""amount of text (next scan)"", 2.19], [""text length differs from previous page (next scan)"", 2.01], [""blank page (next scan)"", -1.56], [""place and date at the end"", 1.15]]}}"
11011,87,non-document,NL-HaNA_1.04.02_11011_0346,NL-HaNA_1.04.02_11011_0346,1,gap,-0.981,-5.11,,,,,,
11011,88,unindexed,NL-HaNA_1.04.02_11011_0347,NL-HaNA_1.04.02_11011_0348,2,gap,-0.74,2.023,,,,,,"{""kind"": ""unindexed"", ""boundary"": ""gap"", ""start"": {""filename"": ""NL-HaNA_1.04.02_11011_0347"", ""p_start"": 0.323, ""p_same_scan"": 0.008, ""header"": """", ""header_date"": """", ""header_date_across"": """", ""number"": null, ""text_start"": ""Compareerde voor ons ondergetz: gecommitts uijt den E: Achtb:re Raed van Justitie deeses gouvernem:rs Marre De Kleijne van madagashar slaes der E: Comp:s oud om"", ""formulas"": """", ""best_toc_match"": """", ""why_start"": [[""previous page blank"", -2.97], [""text length differs from previous page"", 1.98], [""amount of text (previous scan)"", 1.59], [""how far down the page the text reaches (previous scan)"", 1.09]]}, ""end"": {""filename"": ""NL-HaNA_1.04.02_11011_0348"", ""p_end"": 0.883, ""signature"": """", ""signature_kind"": """", ""text_end"": ""egt ofte van gedaan werden sal. — /:onderstond/ Aldus gerecolleert aen Cabo de goede Hoop. Den 24 Maij 1735. /:was getekent /. : en daer om geder, dit is k merk"", ""formulas"": ""closing formula, place and date at end"", ""why_end"": [[""place and date at the end"", 1.15], [""signature on this page (next scan)"", 1.06], [""closing formula at the end (Accordeert, onderstond, ...)"", 0.76], [""closing formula halfway down the page, text below"", 0.73]]}}"
11011,89,non-document,NL-HaNA_1.04.02_11011_0349,NL-HaNA_1.04.02_11011_0350,2,gap,-4.355,-4.781,,,,,,
11011,90,unindexed,NL-HaNA_1.04.02_11011_0351,NL-HaNA_1.04.02_11011_0352,2,gap,1.177,1.499,,,,,,"{""kind"": ""unindexed"", ""boundary"": ""gap"", ""start"": {""filename"": ""NL-HaNA_1.04.02_11011_0351"", ""p_start"": 0.764, ""p_same_scan"": 0.261, ""header"": """", ""header_date"": """", ""header_date_across"": """", ""number"": null, ""text_start"": ""Compareerde voor ons onderget= gecommitt:s uijt den E: Achtb:re Raed van Justitie deeses gouvernem:ts David van De Caab staef der E: Comp:e oud omtrent 34 Jaere"", ""formulas"": ""closing formula"", ""best_toc_match"": """", ""why_start"": [[""previous page blank"", -2.97], [""text length differs from previous page"", 2.51], [""amount of text (previous scan)"", 2.02], [""how far down the page the text reaches (previous scan)"", 1.14]]}, ""end"": {""filename"": ""NL-HaNA_1.04.02_11011_0352"", ""p_end"": 0.817, ""signature"": ""P„r de Grandpreez Secret:s"", ""signature_kind"": ""signed"", ""text_end"": ""kent:/ I:s de Grandpreez secretaris /:in margine:/ Als gecommitt:s /: en getekent:/ H:k Swellen grebel en R:l Tulbagh. — Accordeert — P„r de Grandpreez Secret:s"", ""formulas"": ""closing formula, place and date at end"", ""why_end"": [[""amount of text (next scan)"", 2.78], [""text length differs from previous page (next scan)"", 2.59], [""no text (next scan)"", -2.16], [""blank page (next scan)"", -1.56]]}}"
11011,91,non-document,NL-HaNA_1.04.02_11011_0353,NL-HaNA_1.04.02_11011_0354,2,gap,-3.042,-4.695,,,,,,
11011,92,unindexed,NL-HaNA_1.04.02_11011_0355,NL-HaNA_1.04.02_11011_0357,3,gap,-1.788,1.727,,,,,,"{""kind"": ""unindexed"", ""boundary"": ""gap"", ""start"": {""filename"": ""NL-HaNA_1.04.02_11011_0355"", ""p_start"": 0.143, ""p_same_scan"": 0.004, ""header"": """", ""header_date"": """", ""header_date_across"": """", ""number"": null, ""text_start"": ""Huijden Den 13e Maij 1735. — Compareerde voor mij Josephus de Grandpreezz Secretaris van den E: Achtb:re Raed van Iustitie des Casteels de goede Hoop ter presen"", ""formulas"": """", ""best_toc_match"": """", ""why_start"": [[""previous page blank"", -2.97], [""text length differs from previous page"", 1.78], [""amount of text (previous scan)"", 1.46], [""how far down the page the text reaches (previous scan)"", 1.09]]}, ""end"": {""filename"": ""NL-HaNA_1.04.02_11011_0357"", ""p_end"": 0.849, ""signature"": ""P„r degrandpreez"", ""signature_kind"": ""signed"", ""text_end"": ""esent /: is getekent:/ I:s de Grandpreez sen retaris /:in margine:/ Als gecommitt: /: en getekent:/ H:k SwellenGrebel en R: Tulbagh. Accordeert P„r degrandpreez"", ""formulas"": ""closing formula, place and date at end"", ""why_end"": [[""text length differs from previous page (next scan)"", 2.38], [""amount of text (next scan)"", 2.31], [""blank page (next scan)"", -1.56], [""place and date at the end"", 1.15]]}}"
11011,93,non-document,NL-HaNA_1.04.02_11011_0358,NL-HaNA_1.04.02_11011_0358,1,gap,-0.291,-3.61,,,,,,
11011,94,unindexed,NL-HaNA_1.04.02_11011_0359,NL-HaNA_1.04.02_11011_0361,3,gap,-1.248,1.725,,,,,,"{""kind"": ""unindexed"", ""boundary"": ""gap"", ""start"": {""filename"": ""NL-HaNA_1.04.02_11011_0359"", ""p_start"": 0.223, ""p_same_scan"": 0.001, ""header"": """", ""header_date"": """", ""header_date_across"": """", ""number"": null, ""text_start"": ""Huijden Den 13 Maij 1735.— Compareerde voor mij Josephus De Grandpreez secre6 taris van den E: Achtb:re Raad van Iustitie des Casteels de goede hoop ten present"", ""formulas"": """", ""best_toc_match"": """", ""why_start"": [[""previous page blank"", -2.97], [""text length differs from previous page"", 2.11], [""amount of text (previous scan)"", 1.68], [""how far down the page the text reaches (previous scan)"", 1.11]]}, ""end"": {""filename"": ""NL-HaNA_1.04.02_11011_0361"", ""p_end"": 0.849, ""signature"": ""P„r de Grandpreez Secred:s"", ""signature_kind"": ""signed"", ""text_end"": ""getekent:/ I„s de Grandpreez Secretaris/ en margine:/ Als gecommitt:s /: en getekent:/ H=k Swellengrebel en R:n Tulbagh. — Accordeert P„r de Grandpreez Secred:s"", ""formulas"": ""closing formula, place and date at end"", ""why_end"": [[""amount of text (next scan)"", 2.31], [""text length differs from previous page (next scan)"", 2.1], [""blank page (next scan)"", -1.56], [""place and date at the end"", 1.15]]}}"
11011,95,non-document,NL-HaNA_1.04.02_11011_0362,NL-HaNA_1.04.02_11011_0362,1,gap,0.296,-3.772,,,,,,
11011,96,unindexed,NL-HaNA_1.04.02_11011_0363,NL-HaNA_1.04.02_11011_0365,3,gap,-1.362,2.235,,,,,,"{""kind"": ""unindexed"", ""boundary"": ""gap"", ""start"": {""filename"": ""NL-HaNA_1.04.02_11011_0363"", ""p_start"": 0.204, ""p_same_scan"": 0.001, ""header"": """", ""header_date"": """", ""header_date_across"": """", ""number"": null, ""text_start"": ""Huijden Den 18 Maij 1735: Compareerde voor mij Josephus De Grandpreez secret:s van den E: Achtb:re Raad Van Iustitie des Casteels de goede Hoop ter presentie va"", ""formulas"": """", ""best_toc_match"": """", ""why_start"": [[""previous page blank"", -2.97], [""text length differs from previous page"", 2.11], [""amount of text (previous scan)"", 1.68], [""how far down the page the text reaches (previous scan)"", 1.08]]}, ""end"": {""filename"": ""NL-HaNA_1.04.02_11011_0365"", ""p_end"": 0.903, ""signature"": ""J„ de grandpreez Secret:s"", ""signature_kind"": ""signed"", ""text_end"": ""is gotekent:/ E:s de Grandpreez se Crotaris (:in margine:/ H: geComitt:s /: en getekent:/ H:k Swellengrebel en R:k ubbagh:/ Accordeert J„ de grandpreez Secret:s"", ""formulas"": ""closing formula, place and date at end"", ""why_end"": [[""amount of text (next scan)"", 2.01], [""text length differs from previous page (next scan)"", 1.95], [""blank page (next scan)"", -1.56], [""place and date at the end"", 1.15]]}}"
11011,97,non-document,NL-HaNA_1.04.02_11011_0366,NL-HaNA_1.04.02_11011_0366,1,gap,-0.457,-5.129,,,,,,
11011,98,unindexed,NL-HaNA_1.04.02_11011_0367,NL-HaNA_1.04.02_11011_0368,2,gap,-0.856,1.263,,,,,,"{""kind"": ""unindexed"", ""boundary"": ""gap"", ""start"": {""filename"": ""NL-HaNA_1.04.02_11011_0367"", ""p_start"": 0.298, ""p_same_scan"": 0.018, ""header"": """", ""header_date"": """", ""header_date_across"": """", ""number"": null, ""text_start"": ""Copia Copiae Compareerde voor ons Onderget: Gecommitts uijt den E: Achtb:re Raed van Iustitie deeses gouvernem:t Kindsa van Madagassar slaef der E: Comp:s oud n"", ""formulas"": ""opens with genre word"", ""best_toc_match"": """", ""why_start"": [[""previous page blank"", -2.97], [""text length differs from previous page"", 1.81], [""amount of text (previous scan)"", 1.46], [""how far down the page the text reaches (previous scan)"", 1.1]]}, ""end"": {""filename"": ""NL-HaNA_1.04.02_11011_0368"", ""p_end"": 0.78, ""signature"": """", ""signature_kind"": """", ""text_end"": ""eert aen Cabo De Goede Hoop Den 2. Novemb:r 1734. /:was getekent:/ & /: en daerom gesz:/ Dit is 't merk van Kindsa /:Lager:/ Mij Present /: is getekent:/ I:s de"", ""formulas"": ""closing formula, place and date at end"", ""why_end"": [[""place and date at the end"", 1.15], [""signature on this page (next scan)"", 1.06], [""closing formula at the end (Accordeert, onderstond, ...)"", 0.76], [""closing formula halfway down the page, text below"", 0.73]]}}"
11011,99,non-document,NL-HaNA_1.04.02_11011_0369,NL-HaNA_1.04.02_11011_0370,2,gap,-5.183,-5.153,,,,,,
11011,100,unindexed,NL-HaNA_1.04.02_11011_0371,NL-HaNA_1.04.02_11011_0384,14,gap,-0.098,1.008,,,,,,"{""kind"": ""unindexed"", ""boundary"": ""gap"", ""start"": {""filename"": ""NL-HaNA_1.04.02_11011_0371"", ""p_start"": 0.475, ""p_same_scan"": 0.193, ""header"": """", ""header_date"": """", ""header_date_across"": """", ""number"": null, ""text_start"": ""IJs Benae Conclusie gedaan maaken, en aan den E: Achtbaaren Heer Adriaen van Kervel Praesident, beneevens den E: Achtbaaren Raedt van Iustitie deeses Gouvernem„"", ""formulas"": """", ""best_toc_match"": """", ""why_start"": [[""previous page blank"", -2.97], [""text length differs from previous page"", 2.24], [""amount of text (previous scan)"", 2.02], [""how far down the page the text reaches (previous scan)"", 1.07]]}, ""end"": {""filename"": ""NL-HaNA_1.04.02_11011_0384"", ""p_end"": 0.733, ""signature"": """", ""signature_kind"": """", ""text_end"": """", ""formulas"": ""closing formula, place and date at end"", ""why_end"": [[""amount of text (next scan)"", 2.78], [""no text (next scan)"", -2.16], [""text length differs from previous page (next scan)"", 2.01], [""blank page (next scan)"", -1.56]]}}"
11011,101,non-document,NL-HaNA_1.04.02_11011_0385,NL-HaNA_1.04.02_11011_0386,2,gap,-2.889,-4.466,,,,,,
11011,102,unindexed,NL-HaNA_1.04.02_11011_0387,NL-HaNA_1.04.02_11011_0392,6,gap,-0.104,1.609,,,,,,"{""kind"": ""unindexed"", ""boundary"": ""gap"", ""start"": {""filename"": ""NL-HaNA_1.04.02_11011_0387"", ""p_start"": 0.474, ""p_same_scan"": 0.017, ""header"": """", ""header_date"": """", ""header_date_across"": """", ""number"": null, ""text_start"": ""Elaas gegeeven ter requisitie van den Heer Independent fiscaal M:r Daniel van den Henghel door den Burger Jan Lodewijk Bouwer zijnde van de volgende inhoud, als"", ""formulas"": ""closing formula"", ""best_toc_match"": """", ""why_start"": [[""previous page blank"", -2.97], [""text length differs from previous page"", 2.49], [""amount of text (previous scan)"", 2.02], [""how far down the page the text reaches (previous scan)"", 1.3]]}, ""end"": {""filename"": ""NL-HaNA_1.04.02_11011_0392"", ""p_end"": 0.833, ""signature"": ""J„ f degrandpreez Seered:s"", ""signature_kind"": ""signed"", ""text_end"": ""geteekent:/ P„s de Grandpreez secret:s /: in margine:/ Als Gecommitt„s /: en geteekent:/ H: Swellengrebel en D„l Pfeil. — Accordeert. J„ f degrandpreez Seered:s"", ""formulas"": ""closing formula, place and date at end"", ""why_end"": [[""amount of text (next scan)"", 2.78], [""text length differs from previous page (next scan)"", 2.38], [""no text (next scan)"", -2.16], [""blank page (next scan)"", -1.56]]}}"
11011,103,non-document,NL-HaNA_1.04.02_11011_0393,NL-HaNA_1.04.02_11011_0394,2,gap,-3.13,-4.866,,,,,,
11011,104,unindexed,NL-HaNA_1.04.02_11011_0395,NL-HaNA_1.04.02_11011_0398,4,gap,-0.192,0.916,,,,,,"{""kind"": ""unindexed"", ""boundary"": ""gap"", ""start"": {""filename"": ""NL-HaNA_1.04.02_11011_0395"", ""p_start"": 0.452, ""p_same_scan"": 0.018, ""header"": """", ""header_date"": """", ""header_date_across"": """", ""number"": null, ""text_start"": ""Huijden den 11e Februarij 1735 Compareerde voor mij Josephus de Grandpreez Secret:s van den E: Achtb=re Raad van Justitie des Casteels de Goede Hoop ter present"", ""formulas"": """", ""best_toc_match"": """", ""why_start"": [[""previous page blank"", -2.97], [""text length differs from previous page"", 2.52], [""amount of text (previous scan)"", 2.02], [""how far down the page the text reaches (previous scan)"", 1.3]]}, ""end"": {""filename"": ""NL-HaNA_1.04.02_11011_0398"", ""p_end"": 0.714, ""signature"": """", ""signature_kind"": """", ""text_end"": "" begeerende over sulx datter iets meer bijgevoegt ofte van gedaan werden sal. — Aldus gerecolleert aan Cabo de Goede Hoop den 10:' May 1735 /:was geteekend:/ H:"", ""formulas"": ""closing formula, place and date at end"", ""why_end"": [[""place and date at the end"", 1.15], [""closing formula at the end (Accordeert, onderstond, ...)"", 0.76], [""closing formula halfway down the page, text below"", 0.73], [""amount of text (next scan)"", 0.53]]}}"
11011,105,non-document,NL-HaNA_1.04.02_11011_0399,NL-HaNA_1.04.02_11011_0406,8,gap,-2.972,-4.364,,,,,,
11011,106,unindexed,NL-HaNA_1.04.02_11011_0407,NL-HaNA_1.04.02_11011_0417,11,gap,-0.676,0.9,,,,,,"{""kind"": ""unindexed"", ""boundary"": ""gap"", ""start"": {""filename"": ""NL-HaNA_1.04.02_11011_0407"", ""p_start"": 0.337, ""p_same_scan"": 0.011, ""header"": """", ""header_date"": """", ""header_date_across"": """", ""number"": 11.0, ""text_start"": ""Eijsch ende Conclusie Gedaan maaken, en aan den Achtbaaren Heer Adriaan van Kervel Praesident, beneevens den E: Achtbaaren Raad van Justitie, Overgegeeven door "", ""formulas"": ""opens with genre word"", ""best_toc_match"": """", ""why_start"": [[""previous page blank"", -2.97], [""text length differs from previous page"", 2.18], [""amount of text (previous scan)"", 2.02], [""how far down the page the text reaches (previous scan)"", 1.3]]}, ""end"": {""filename"": ""NL-HaNA_1.04.02_11011_0417"", ""p_end"": 0.711, ""signature"": ""P„r degrandpreez"", ""signature_kind"": ""signed"", ""text_end"": ""r:) mij present /: is geteekent:/ P„s de Grandpreex secret:s /:in margine:/ Als Gecommitt„s /:en geteekent:) C:l Brand en S„r Moller Accordeert P„r degrandpreez"", ""formulas"": ""closing formula, place and date at end"", ""why_end"": [[""text length differs from previous page (next scan)"", 2.95], [""amount of text (next scan)"", 2.78], [""no text (next scan)"", -2.16], [""blank page (next scan)"", -1.56]]}}"
11011,107,non-document,NL-HaNA_1.04.02_11011_0418,NL-HaNA_1.04.02_11011_0418,1,gap,-3.85,-5.061,,,,,,
11011,108,unindexed,NL-HaNA_1.04.02_11011_0419,NL-HaNA_1.04.02_11011_0421,3,gap,0.051,0.861,,,,,,"{""kind"": ""unindexed"", ""boundary"": ""gap"", ""start"": {""filename"": ""NL-HaNA_1.04.02_11011_0419"", ""p_start"": 0.513, ""p_same_scan"": 0.02, ""header"": """", ""header_date"": """", ""header_date_across"": """", ""number"": null, ""text_start"": ""Huijden Den 8 Junij 1735. Compareerde voor mij Josephus de Grandpreez secret van den E: achtb:r raad van Justitie des casteels de goede hoop ter presentie van d"", ""formulas"": """", ""best_toc_match"": """", ""why_start"": [[""previous page blank"", -2.97], [""text length differs from previous page"", 2.48], [""amount of text (previous scan)"", 2.02], [""how far down the page the text reaches (previous scan)"", 1.3]]}, ""end"": {""filename"": ""NL-HaNA_1.04.02_11011_0421"", ""p_end"": 0.703, ""signature"": ""secred:s"", ""signature_kind"": ""signed"", ""text_end"": ""j Present /:is getekent:/ J„s de Grandpreez secret:s /:in margine:/ als gecommitt:s/ en getekent:/ R:k Tulbagh en M:r Bergh. — Accordeert degland preez secred:s"", ""formulas"": ""closing formula, place and date at end"", ""why_end"": [[""text length differs from previous page (next scan)"", 2.82], [""amount of text (next scan)"", 2.78], [""no text (next scan)"", -2.16], [""blank page (next scan)"", -1.56]]}}"
11011,109,non-document,NL-HaNA_1.04.02_11011_0422,NL-HaNA_1.04.02_11011_0422,1,gap,-3.52,-5.111,,,,,,
11011,110,unindexed,NL-HaNA_1.04.02_11011_0423,NL-HaNA_1.04.02_11011_0425,3,gap,0.137,2.093,,,,,,"{""kind"": ""unindexed"", ""boundary"": ""gap"", ""start"": {""filename"": ""NL-HaNA_1.04.02_11011_0423"", ""p_start"": 0.534, ""p_same_scan"": 0.021, ""header"": """", ""header_date"": """", ""header_date_across"": """", ""number"": null, ""text_start"": ""Huijden Den 8e. Julij 1735. Compareerde voor mij Josephus de Grandpreez Secret:s van den E: achtb:re Raad van Iustitie des Casteels de goede Hoop ter presentie "", ""formulas"": """", ""best_toc_match"": """", ""why_start"": [[""previous page blank"", -2.97], [""text length differs from previous page"", 2.48], [""amount of text (previous scan)"", 2.02], [""how far down the page the text reaches (previous scan)"", 1.3]]}, ""end"": {""filename"": ""NL-HaNA_1.04.02_11011_0425"", ""p_end"": 0.89, ""signature"": """", ""signature_kind"": """", ""text_end"": "" d Present /is getekent:/ J:s de grandpreez secret=s / in margine / als s :- R:r Tulbagh en N:s Bergh. — 6 k Gecommitt:s/ en getekent:/ Accordeert de grandpreer"", ""formulas"": ""closing formula, place and date at end"", ""why_end"": [[""amount of text (next scan)"", 2.78], [""text length differs from previous page (next scan)"", 2.73], [""no text (next scan)"", -2.16], [""blank page (next scan)"", -1.56]]}}"
11011,111,unindexed,NL-HaNA_1.04.02_11011_0425,NL-HaNA_1.04.02_11011_0425,1,shared,-0.0,2.093,,,,,,"{""kind"": ""unindexed"", ""boundary"": ""shared"", ""start"": {""filename"": ""NL-HaNA_1.04.02_11011_0425"", ""p_start"": 0.5, ""p_same_scan"": 0.841, ""header"": """", ""header_date"": """", ""header_date_across"": """", ""number"": null, ""text_start"": ""klaar en duijdelijk voorgelesen sijnde verclaarde daar bij volkomen te persisteren, niet begerende over sulx, datter iets meer bij gevoegt ofte van gedaan werde"", ""formulas"": ""closing formula, place and date at end"", ""best_toc_match"": """", ""why_start"": [[""closing formula at the end (Accordeert, onderstond, ...) (previous scan)"", 0.98], [""closing formula halfway down the page, text below"", 0.86], [""date in header"", 0.85], [""place and date at the end"", 0.64]]}, ""end"": {""filename"": ""NL-HaNA_1.04.02_11011_0425"", ""p_end"": 0.89, ""signature"": """", ""signature_kind"": """", ""text_end"": "" d Present /is getekent:/ J:s de grandpreez secret=s / in margine / als s :- R:r Tulbagh en N:s Bergh. — 6 k Gecommitt:s/ en getekent:/ Accordeert de grandpreer"", ""formulas"": ""closing formula, place and date at end"", ""why_end"": [[""amount of text (next scan)"", 2.78], [""text length differs from previous page (next scan)"", 2.73], [""no text (next scan)"", -2.16], [""blank page (next scan)"", -1.56]]}}"
11011,112,non-document,NL-HaNA_1.04.02_11011_0426,NL-HaNA_1.04.02_11011_0426,1,gap,-4.051,-3.57,,,,,,
11011,113,unindexed,NL-HaNA_1.04.02_11011_0427,NL-HaNA_1.04.02_11011_0428,2,gap,0.167,1.752,,,,,,"{""kind"": ""unindexed"", ""boundary"": ""gap"", ""start"": {""filename"": ""NL-HaNA_1.04.02_11011_0427"", ""p_start"": 0.542, ""p_same_scan"": 0.008, ""header"": """", ""header_date"": """", ""header_date_across"": """", ""number"": null, ""text_start"": ""Compareerde voor ons onderget= gecommitt:s uijt den E: achtb:re raad van Iustitie deeses gouvernements den chinees Tiombinko alias Claas gen:t oud naar gissing "", ""formulas"": ""closing formula, place and date at end"", ""best_toc_match"": """", ""why_start"": [[""previous page blank"", -2.97], [""text length differs from previous page"", 2.46], [""amount of text (previous scan)"", 2.02], [""how far down the page the text reaches (previous scan)"", 1.3]]}, ""end"": {""filename"": ""NL-HaNA_1.04.02_11011_0428"", ""p_end"": 0.852, ""signature"": """", ""signature_kind"": """", ""text_end"": ""ent /:is getekent/ S P.:r de Grandpreezt secret:s /:in margine:/ als gecommitt:s /: en getekent/ 5 Hs: Bergh. — R„: Tielbagh, en M: 6 Accordeert. - degrandpreek"", ""formulas"": ""closing formula, place and date at end"", ""why_end"": [[""text length differs from previous page (next scan)"", 2.82], [""amount of text (next scan)"", 2.78], [""no text (next scan)"", -2.16], [""blank page (next scan)"", -1.56]]}}"
11011,114,non-document,NL-HaNA_1.04.02_11011_0429,NL-HaNA_1.04.02_11011_0430,2,gap,-4.224,-4.286,,,,,,
11011,115,unindexed,NL-HaNA_1.04.02_11011_0431,NL-HaNA_1.04.02_11011_0432,2,gap,2.265,2.16,,,,,,"{""kind"": ""unindexed"", ""boundary"": ""gap"", ""start"": {""filename"": ""NL-HaNA_1.04.02_11011_0431"", ""p_start"": 0.906, ""p_same_scan"": 0.066, ""header"": """", ""header_date"": """", ""header_date_across"": """", ""number"": null, ""text_start"": ""Compareerde voor ons onderget: gecommitt„s uijt den E Agtb=re Raad van Justitie deeses Gouvernements, den Chinees inde Wandeling Cabeljouw gen: Oud naar Gissing"", ""formulas"": ""closing formula, place and date at end"", ""best_toc_match"": """", ""why_start"": [[""previous page blank"", -2.97], [""text length differs from previous page"", 2.5], [""amount of text (previous scan)"", 2.02], [""how far down the page the text reaches (previous scan)"", 1.3]]}, ""end"": {""filename"": ""NL-HaNA_1.04.02_11011_0432"", ""p_end"": 0.897, ""signature"": """", ""signature_kind"": """", ""text_end"": ""r:/ Wij present /: is geteekend:/ J„r de Grandpriez Secret: /:in margine:/ Als Gecommitt:s /:en geteekend:/ R Tulbag en M„r Bergh. — Accordeert. — de grandpreez"", ""formulas"": ""closing formula, place and date at end"", ""why_end"": [[""amount of text (next scan)"", 2.78], [""text length differs from previous page (next scan)"", 2.75], [""no text (next scan)"", -2.16], [""blank page (next scan)"", -1.56]]}}"
11011,116,non-document,NL-HaNA_1.04.02_11011_0433,NL-HaNA_1.04.02_11011_0434,2,gap,-3.79,-5.271,,,,,,
11011,117,unindexed,NL-HaNA_1.04.02_11011_0435,NL-HaNA_1.04.02_11011_0447,13,gap,-0.686,1.053,,,,,,"{""kind"": ""unindexed"", ""boundary"": ""gap"", ""start"": {""filename"": ""NL-HaNA_1.04.02_11011_0435"", ""p_start"": 0.335, ""p_same_scan"": 0.02, ""header"": """", ""header_date"": """", ""header_date_across"": """", ""number"": null, ""text_start"": ""Eijch ende Conclusie gedaan maaken en aan den E: Achtbaaren Heer Adriaan van Kervel Praesident beneevens den E: Raad van CusAchtbaare „titie deeses Gouvernement"", ""formulas"": """", ""best_toc_match"": """", ""why_start"": [[""previous page blank"", -2.97], [""text length differs from previous page"", 2.2], [""amount of text (previous scan)"", 2.02], [""how far down the page the text reaches (previous scan)"", 1.3]]}, ""end"": {""filename"": ""NL-HaNA_1.04.02_11011_0447"", ""p_end"": 0.741, ""signature"": """", ""signature_kind"": """", ""text_end"": """", ""formulas"": ""closing formula, place and date at end"", ""why_end"": [[""amount of text (next scan)"", 2.78], [""no text (next scan)"", -2.16], [""text length differs from previous page (next scan)"", 1.94], [""blank page (next scan)"", -1.56]]}}"
11011,118,non-document,NL-HaNA_1.04.02_11011_0448,NL-HaNA_1.04.02_11011_0450,3,gap,-2.727,-4.868,,,,,,
11011,119,unindexed,NL-HaNA_1.04.02_11011_0451,NL-HaNA_1.04.02_11011_0453,3,gap,-0.465,1.49,,,,,,"{""kind"": ""unindexed"", ""boundary"": ""gap"", ""start"": {""filename"": ""NL-HaNA_1.04.02_11011_0451"", ""p_start"": 0.386, ""p_same_scan"": 0.018, ""header"": """", ""header_date"": """", ""header_date_across"": """", ""number"": null, ""text_start"": ""Compareerde voor ons onderget„e gecomitt„s uijt den E: Agtb„r Raad van Justitie dee„ eeses Gouvernements Rijkhaart Jacobsz: van Rotterdam Oud 40„' Jaaren als Ba"", ""formulas"": """", ""best_toc_match"": """", ""why_start"": [[""previous page blank"", -2.97], [""text length differs from previous page"", 2.5], [""amount of text (previous scan)"", 2.02], [""how far down the page the text reaches (previous scan)"", 1.3]]}, ""end"": {""filename"": ""NL-HaNA_1.04.02_11011_0453"", ""p_end"": 0.816, ""signature"": """", ""signature_kind"": """", ""text_end"": "" Mij Present /:is geteekent:/ C„s de Grand preer Secret:s /:in margine:/ Als Gecommitt„s /:en geteekent:/ R: Tulbagh en M:r Berg. Eccordeert. P„r de grand preez"", ""formulas"": ""closing formula, place and date at end"", ""why_end"": [[""text length differs from previous page (next scan)"", 2.87], [""amount of text (next scan)"", 2.78], [""no text (next scan)"", -2.16], [""blank page (next scan)"", -1.56]]}}"
11011,120,unindexed,NL-HaNA_1.04.02_11011_0453,NL-HaNA_1.04.02_11011_0453,1,shared,-0.492,1.49,,,,,,"{""kind"": ""unindexed"", ""boundary"": ""shared"", ""start"": {""filename"": ""NL-HaNA_1.04.02_11011_0453"", ""p_start"": 0.379, ""p_same_scan"": 0.796, ""header"": """", ""header_date"": """", ""header_date_across"": """", ""number"": null, ""text_start"": ""van Woord tot Woord klaar en duijdelijk voorgeleesen zijnde, verclaarde daar bij volkoomen te per„eesisteeren, begeerende alleenig datter sal werden bij gedaan "", ""formulas"": ""closing formula, place and date at end"", ""best_toc_match"": """", ""why_start"": [[""closing formula at the end (Accordeert, onderstond, ...) (previous scan)"", 0.98], [""closing formula halfway down the page, text below"", 0.86], [""date in header"", 0.85], [""place and date at the end"", 0.64]]}, ""end"": {""filename"": ""NL-HaNA_1.04.02_11011_0453"", ""p_end"": 0.816, ""signature"": """", ""signature_kind"": """", ""text_end"": "" Mij Present /:is geteekent:/ C„s de Grand preer Secret:s /:in margine:/ Als Gecommitt„s /:en geteekent:/ R: Tulbagh en M:r Berg. Eccordeert. P„r de grand preez"", ""formulas"": ""closing formula, place and date at end"", ""why_end"": [[""text length differs from previous page (next scan)"", 2.87], [""amount of text (next scan)"", 2.78], [""no text (next scan)"", -2.16], [""blank page (next scan)"", -1.56]]}}"
11011,121,non-document,NL-HaNA_1.04.02_11011_0454,NL-HaNA_1.04.02_11011_0454,1,gap,-3.883,-4.318,,,,,,
11011,122,unindexed,NL-HaNA_1.04.02_11011_0455,NL-HaNA_1.04.02_11011_0457,3,gap,-0.853,1.226,,,,,,"{""kind"": ""unindexed"", ""boundary"": ""gap"", ""start"": {""filename"": ""NL-HaNA_1.04.02_11011_0455"", ""p_start"": 0.299, ""p_same_scan"": 0.012, ""header"": """", ""header_date"": """", ""header_date_across"": """", ""number"": null, ""text_start"": ""Compareerde voor ons ondergetz: gecommitt„s uijt den E: Agtb=r Raad van Justitie deeses Gouvernem=ts den Hottentot Claas Blank Oud naar Gissing 36„e Jaaren, dew"", ""formulas"": """", ""best_toc_match"": """", ""why_start"": [[""previous page blank"", -2.97], [""text length differs from previous page"", 2.45], [""amount of text (previous scan)"", 2.02], [""how far down the page the text reaches (previous scan)"", 1.05]]}, ""end"": {""filename"": ""NL-HaNA_1.04.02_11011_0457"", ""p_end"": 0.773, ""signature"": ""Secred:s"", ""signature_kind"": ""signed"", ""text_end"": "" /:is geteekent:/ P„s, de Grandpreez secret:s /: in margine:/ Als gecommitt„s /:en geteekent:/ K. Tulbagh. en M:r Berg. — Accordeert. P„r de grandpreez Secred:s"", ""formulas"": ""closing formula, place and date at end"", ""why_end"": [[""amount of text (next scan)"", 2.78], [""text length differs from previous page (next scan)"", 2.58], [""no text (next scan)"", -2.16], [""blank page (next scan)"", -1.56]]}}"
11011,123,non-document,NL-HaNA_1.04.02_11011_0458,NL-HaNA_1.04.02_11011_0458,1,gap,-3.246,-5.2,,,,,,
11011,124,unindexed,NL-HaNA_1.04.02_11011_0459,NL-HaNA_1.04.02_11011_0461,3,gap,0.355,3.974,,,,,,"{""kind"": ""unindexed"", ""boundary"": ""gap"", ""start"": {""filename"": ""NL-HaNA_1.04.02_11011_0459"", ""p_start"": 0.588, ""p_same_scan"": 0.022, ""header"": """", ""header_date"": """", ""header_date_across"": """", ""number"": null, ""text_start"": ""Compareerde voor ons onderget:z gecommitt„s uijt den E: Agtb„re Raad van Justitie, deeses Gouvernem„t Hermanus Munster van Steenwijk van Competenten Ouderdom, a"", ""formulas"": """", ""best_toc_match"": """", ""why_start"": [[""previous page blank"", -2.97], [""text length differs from previous page"", 2.57], [""amount of text (previous scan)"", 2.02], [""how far down the page the text reaches (previous scan)"", 1.3]]}, ""end"": {""filename"": ""NL-HaNA_1.04.02_11011_0461"", ""p_end"": 0.982, ""signature"": """", ""signature_kind"": """", ""text_end"": ""tus 1735. /:was geteekent:/ Hermanus van Munster /:lager:/ Mij present /:is geteekent:/ J„s de Grandƒ. red: priex secret:s /:in margine :/ Als Gecommitt:s /: en"", ""formulas"": ""closing formula, place and date at end"", ""why_end"": [[""place and date at the end"", 1.15], [""signature on this page (next scan)"", 1.06], [""text length differs from previous page (next scan)"", 0.95], [""amount of text (next scan)"", 0.89]]}}"
11011,125,unindexed,NL-HaNA_1.04.02_11011_0461,NL-HaNA_1.04.02_11011_0461,1,shared,-1.575,3.974,,,,,,"{""kind"": ""unindexed"", ""boundary"": ""shared"", ""start"": {""filename"": ""NL-HaNA_1.04.02_11011_0461"", ""p_start"": 0.172, ""p_same_scan"": 0.916, ""header"": """", ""header_date"": """", ""header_date_across"": """", ""number"": null, ""text_start"": ""Moller. nen van Weetenschap als in den Text met presentatie zijn gedeposeerde des verEijscht werdende met bekragtigen solemneele Eede nader te sullen gestand do"", ""formulas"": ""closing formula, place and date at end"", ""best_toc_match"": """", ""why_start"": [[""closing formula halfway down the page, text below"", 0.86], [""date in header"", 0.85], [""place and date at the end"", 0.64], [""header date same as previous"", -0.47]]}, ""end"": {""filename"": ""NL-HaNA_1.04.02_11011_0461"", ""p_end"": 0.982, ""signature"": """", ""signature_kind"": """", ""text_end"": ""tus 1735. /:was geteekent:/ Hermanus van Munster /:lager:/ Mij present /:is geteekent:/ J„s de Grandƒ. red: priex secret:s /:in margine :/ Als Gecommitt:s /: en"", ""formulas"": ""closing formula, place and date at end"", ""why_end"": [[""place and date at the end"", 1.15], [""signature on this page (next scan)"", 1.06], [""text length differs from previous page (next scan)"", 0.95], [""amount of text (next scan)"", 0.89]]}}"
11011,126,non-document,NL-HaNA_1.04.02_11011_0462,NL-HaNA_1.04.02_11011_0462,1,gap,-4.449,-2.281,,,,,,
11011,127,unindexed,NL-HaNA_1.04.02_11011_0463,NL-HaNA_1.04.02_11011_0464,2,gap,3.389,1.86,,,,,,"{""kind"": ""unindexed"", ""boundary"": ""gap"", ""start"": {""filename"": ""NL-HaNA_1.04.02_11011_0463"", ""p_start"": 0.967, ""p_same_scan"": 0.009, ""header"": """", ""header_date"": """", ""header_date_across"": """", ""number"": null, ""text_start"": ""Compareerde voor ons onderget„e geCommitt:s uijt den E: Achtb=re Raad van Justitie deeses Gouvernem:s den slaaf Augustijn Matthuijsz: als Bandiet op 't Robben E"", ""formulas"": ""closing formula, place and date at end"", ""best_toc_match"": """", ""why_start"": [[""closing formula at the end (Accordeert, onderstond, ...) (previous scan)"", 0.98], [""how far down the page the text reaches (previous scan)"", 0.95], [""very little text (previous scan)"", 0.92], [""closing formula halfway down the page, text below"", 0.86]]}, ""end"": {""filename"": ""NL-HaNA_1.04.02_11011_0464"", ""p_end"": 0.865, ""signature"": ""de grandpreez"", ""signature_kind"": ""signed"", ""text_end"": ""ager/ mij : present /:is geteekent:/ P:s de Grandpreez Secret:s /:in margine:/ Alls gecommitt„s /: en geteekend:/ K Tilbag en W:s Berg Accordeert. de grandpreez"", ""formulas"": ""closing formula, place and date at end"", ""why_end"": [[""text length differs from previous page (next scan)"", 2.8], [""amount of text (next scan)"", 2.78], [""no text (next scan)"", -2.16], [""blank page (next scan)"", -1.56]]}}"
11011,128,unindexed,NL-HaNA_1.04.02_11011_0464,NL-HaNA_1.04.02_11011_0464,1,shared,-0.306,1.86,,,,,,"{""kind"": ""unindexed"", ""boundary"": ""shared"", ""start"": {""filename"": ""NL-HaNA_1.04.02_11011_0464"", ""p_start"": 0.424, ""p_same_scan"": 0.573, ""header"": """", ""header_date"": """", ""header_date_across"": """", ""number"": null, ""text_start"": ""uijt den E Achtb=n laad van Justitie deeser Gouvernements: den slaaf Augustijn Matthaijsen, dewelke deese zijne gegeevene depositie van Woord tod Woord klaeren "", ""formulas"": ""closing formula, place and date at end"", ""best_toc_match"": """", ""why_start"": [[""signature on this page"", -1.84], [""closing formula at the end (Accordeert, onderstond, ...) (previous scan)"", 0.98], [""closing formula halfway down the page, text below"", 0.86], [""date in header"", 0.85]]}, ""end"": {""filename"": ""NL-HaNA_1.04.02_11011_0464"", ""p_end"": 0.865, ""signature"": ""de grandpreez"", ""signature_kind"": ""signed"", ""text_end"": ""ager/ mij : present /:is geteekent:/ P:s de Grandpreez Secret:s /:in margine:/ Alls gecommitt„s /: en geteekend:/ K Tilbag en W:s Berg Accordeert. de grandpreez"", ""formulas"": ""closing formula, place and date at end"", ""why_end"": [[""text length differs from previous page (next scan)"", 2.8], [""amount of text (next scan)"", 2.78], [""no text (next scan)"", -2.16], [""blank page (next scan)"", -1.56]]}}"
11011,129,non-document,NL-HaNA_1.04.02_11011_0465,NL-HaNA_1.04.02_11011_0466,2,gap,-3.375,-4.536,,,,,,
11011,130,unindexed,NL-HaNA_1.04.02_11011_0467,NL-HaNA_1.04.02_11011_0468,2,gap,-1.607,0.684,,,,,,"{""kind"": ""unindexed"", ""boundary"": ""gap"", ""start"": {""filename"": ""NL-HaNA_1.04.02_11011_0467"", ""p_start"": 0.167, ""p_same_scan"": 0.004, ""header"": """", ""header_date"": """", ""header_date_across"": """", ""number"": null, ""text_start"": ""Compareerde voor ons onderget: Gecommitt„s uijt den E: Agtb:r Raad van Justitie deeses. Gouvernem:t Jacobus de Vogel van Rotterdam als Bandiet op 't robben Eijl"", ""formulas"": """", ""best_toc_match"": """", ""why_start"": [[""previous page blank"", -2.97], [""text length differs from previous page"", 1.94], [""amount of text (previous scan)"", 1.52], [""how far down the page the text reaches (previous scan)"", 1.06]]}, ""end"": {""filename"": ""NL-HaNA_1.04.02_11011_0468"", ""p_end"": 0.665, ""signature"": """", ""signature_kind"": """", ""text_end"": ""diet Rijkaert Jacobsz: en den Stottentot Claas Blank alle 't boovenstaande de op regte waarheijd te zijn. — /:onderstond:/ Aldus gerecolleert Aan Cabo de Goede„"", ""formulas"": ""closing formula"", ""why_end"": [[""signature on this page (next scan)"", 1.06], [""closing formula at the end (Accordeert, onderstond, ...)"", 0.76], [""closing formula halfway down the page, text below"", 0.73], [""how far down the page the text reaches (next scan)"", -0.39]]}}"
11011,131,non-document,NL-HaNA_1.04.02_11011_0469,NL-HaNA_1.04.02_11011_0470,2,gap,-5.401,-5.254,,,,,,
11011,132,unindexed,NL-HaNA_1.04.02_11011_0471,NL-HaNA_1.04.02_11011_0473,3,gap,0.432,1.952,,,,,,"{""kind"": ""unindexed"", ""boundary"": ""gap"", ""start"": {""filename"": ""NL-HaNA_1.04.02_11011_0471"", ""p_start"": 0.606, ""p_same_scan"": 0.024, ""header"": """", ""header_date"": """", ""header_date_across"": """", ""number"": null, ""text_start"": ""Relaas gegeeven ter requisitie van den Heer Independent fiscaal, M:r Daniel van den Bengrel door den slaaf Panaij van Boeges als Bandiet op 't Robben Eijland be"", ""formulas"": """", ""best_toc_match"": """", ""why_start"": [[""previous page blank"", -2.97], [""text length differs from previous page"", 2.58], [""amount of text (previous scan)"", 2.02], [""how far down the page the text reaches (previous scan)"", 1.3]]}, ""end"": {""filename"": ""NL-HaNA_1.04.02_11011_0473"", ""p_end"": 0.876, ""signature"": ""P„ degrandpreez"", ""signature_kind"": ""signed"", ""text_end"": ""ij Present /: is geteekent:/ C:s de Grandpreer secret:s (:in margine:/ Als gecommitt=s /: en geteekend:/ J:s Möller en R: Tulbagh. — Recovveert. P„ degrandpreez"", ""formulas"": ""closing formula"", ""why_end"": [[""amount of text (next scan)"", 2.31], [""text length differs from previous page (next scan)"", 2.23], [""blank page (next scan)"", -1.56], [""text length relative to inventory (next scan)"", 0.81]]}}"
11011,133,non-document,NL-HaNA_1.04.02_11011_0474,NL-HaNA_1.04.02_11011_0474,1,gap,-1.628,-3.858,,,,,,
11011,134,unindexed,NL-HaNA_1.04.02_11011_0475,NL-HaNA_1.04.02_11011_0480,6,gap,-0.613,0.526,,,,,,"{""kind"": ""unindexed"", ""boundary"": ""gap"", ""start"": {""filename"": ""NL-HaNA_1.04.02_11011_0475"", ""p_start"": 0.351, ""p_same_scan"": 0.0, ""header"": ""Dictum ter Rolle"", ""header_date"": """", ""header_date_across"": """", ""number"": null, ""text_start"": ""Dictum ter Rolle \nAchtbaare Heeren. — dit dictum Om deesen Eijsch met korte Woorden te bewaarbeeden, soo legt den Eijscher over drie stuks gerecolleerde en b'Ee"", ""formulas"": ""opens with genre word"", ""best_toc_match"": """", ""why_start"": [[""previous page blank"", -2.97], [""text length differs from previous page"", 2.04], [""amount of text (previous scan)"", 1.68], [""how far down the page the text reaches (previous scan)"", 1.07]]}, ""end"": {""filename"": ""NL-HaNA_1.04.02_11011_0480"", ""p_end"": 0.629, ""signature"": """", ""signature_kind"": """", ""text_end"": ""ls 't UEd Achtb: sullen vinden te behooren. (:was, geteekent:/ D: V: D: Henghel /:in margine:/ Exhibitum in fudicio den p„r 7b: 1735. Accordeert. - degrandpreez"", ""formulas"": ""closing formula"", ""why_end"": [[""amount of text (next scan)"", 2.78], [""text length differs from previous page (next scan)"", 2.71], [""no text (next scan)"", -2.16], [""blank page (next scan)"", -1.56]]}}"
11011,135,non-document,NL-HaNA_1.04.02_11011_0481,NL-HaNA_1.04.02_11011_0482,2,gap,-5.41,-4.763,,,,,,
11011,136,unindexed,NL-HaNA_1.04.02_11011_0483,NL-HaNA_1.04.02_11011_0485,3,gap,-0.623,2.023,,,,,,"{""kind"": ""unindexed"", ""boundary"": ""gap"", ""start"": {""filename"": ""NL-HaNA_1.04.02_11011_0483"", ""p_start"": 0.349, ""p_same_scan"": 0.053, ""header"": """", ""header_date"": """", ""header_date_across"": """", ""number"": null, ""text_start"": ""Huijden Den 17 Augustus 1735 Compareerde voor mij Josephus de Grandpreez Secrets van den E: Achtb:re raad van Justitie des Casteels de goede hoop, ter presentie"", ""formulas"": """", ""best_toc_match"": """", ""why_start"": [[""previous page blank"", -2.97], [""text length differs from previous page"", 2.55], [""amount of text (previous scan)"", 2.02], [""how far down the page the text reaches (previous scan)"", 1.3]]}, ""end"": {""filename"": ""NL-HaNA_1.04.02_11011_0485"", ""p_end"": 0.883, ""signature"": """", ""signature_kind"": """", ""text_end"": ""j Present / is getekent :/ I:s de Grandpreez Tp. secret:s/:in: margine:/ als gecommitt:s/ en getekent:/ R:k Tulbagh J. S. en H Bergh. — Accordeert de grandpreez"", ""formulas"": ""closing formula, place and date at end"", ""why_end"": [[""amount of text (next scan)"", 2.78], [""text length differs from previous page (next scan)"", 2.59], [""no text (next scan)"", -2.16], [""blank page (next scan)"", -1.56]]}}"
11011,137,unindexed,NL-HaNA_1.04.02_11011_0485,NL-HaNA_1.04.02_11011_0485,1,shared,-1.359,2.023,,,,,,"{""kind"": ""unindexed"", ""boundary"": ""shared"", ""start"": {""filename"": ""NL-HaNA_1.04.02_11011_0485"", ""p_start"": 0.204, ""p_same_scan"": 0.941, ""header"": """", ""header_date"": """", ""header_date_across"": """", ""number"": null, ""text_start"": ""ofte van gedaan worden sal en sprak derhalven tot ^der waarhijd t. bekragtiging van dien in 't byweesen van den Cor poraal Andries Hansen de solemneele woorden "", ""formulas"": ""closing formula, place and date at end"", ""best_toc_match"": """", ""why_start"": [[""closing formula halfway down the page, text below"", 0.86], [""date in header"", 0.85], [""place and date at the end"", 0.64], [""header date same as previous"", -0.47]]}, ""end"": {""filename"": ""NL-HaNA_1.04.02_11011_0485"", ""p_end"": 0.883, ""signature"": """", ""signature_kind"": """", ""text_end"": ""j Present / is getekent :/ I:s de Grandpreez Tp. secret:s/:in: margine:/ als gecommitt:s/ en getekent:/ R:k Tulbagh J. S. en H Bergh. — Accordeert de grandpreez"", ""formulas"": ""closing formula, place and date at end"", ""why_end"": [[""amount of text (next scan)"", 2.78], [""text length differs from previous page (next scan)"", 2.59], [""no text (next scan)"", -2.16], [""blank page (next scan)"", -1.56]]}}"
11011,138,non-document,NL-HaNA_1.04.02_11011_0486,NL-HaNA_1.04.02_11011_0486,1,gap,-3.779,-4.313,,,,,,
11011,139,unindexed,NL-HaNA_1.04.02_11011_0487,NL-HaNA_1.04.02_11011_0489,3,gap,-0.625,1.622,,,,,,"{""kind"": ""unindexed"", ""boundary"": ""gap"", ""start"": {""filename"": ""NL-HaNA_1.04.02_11011_0487"", ""p_start"": 0.349, ""p_same_scan"": 0.007, ""header"": """", ""header_date"": """", ""header_date_across"": """", ""number"": null, ""text_start"": ""Huijden den 17e Augustus 1735. Compareerde voor mij Josephus de grandpreez secress: van den E: achtb:re raad van Iustitie des Casteels de goede hoop ter present"", ""formulas"": """", ""best_toc_match"": """", ""why_start"": [[""previous page blank"", -2.97], [""text length differs from previous page"", 2.55], [""amount of text (previous scan)"", 2.02], [""how far down the page the text reaches (previous scan)"", 1.3]]}, ""end"": {""filename"": ""NL-HaNA_1.04.02_11011_0489"", ""p_end"": 0.835, ""signature"": """", ""signature_kind"": """", ""text_end"": ""C G present/:is getekent :/: J:s de Wrandpree=z secret:/:in margine:/ als gecomN k mit:s /: en getekent R:r Tulbagh en H:s Bergh. — Accordeert P„r de grandpreez"", ""formulas"": ""closing formula, place and date at end"", ""why_end"": [[""text length differs from previous page (next scan)"", 2.84], [""amount of text (next scan)"", 2.78], [""no text (next scan)"", -2.16], [""blank page (next scan)"", -1.56]]}}"
11011,140,unindexed,NL-HaNA_1.04.02_11011_0489,NL-HaNA_1.04.02_11011_0489,1,shared,-0.729,1.622,,,,,,"{""kind"": ""unindexed"", ""boundary"": ""shared"", ""start"": {""filename"": ""NL-HaNA_1.04.02_11011_0489"", ""p_start"": 0.325, ""p_same_scan"": 0.842, ""header"": """", ""header_date"": """", ""header_date_across"": """", ""number"": null, ""text_start"": ""Recollement. Compareerde voor ons ondergelgecomitt:s uijt den E: achtb:re Raad van Justitie des Casteels de goede hoop den sergeant Jan Kreele, dewelke deese si"", ""formulas"": ""closing formula, place and date at end"", ""best_toc_match"": """", ""why_start"": [[""closing formula at the end (Accordeert, onderstond, ...) (previous scan)"", 0.98], [""closing formula halfway down the page, text below"", 0.86], [""date in header"", 0.85], [""place and date at the end"", 0.64]]}, ""end"": {""filename"": ""NL-HaNA_1.04.02_11011_0489"", ""p_end"": 0.835, ""signature"": """", ""signature_kind"": """", ""text_end"": ""C G present/:is getekent :/: J:s de Wrandpree=z secret:/:in margine:/ als gecomN k mit:s /: en getekent R:r Tulbagh en H:s Bergh. — Accordeert P„r de grandpreez"", ""formulas"": ""closing formula, place and date at end"", ""why_end"": [[""text length differs from previous page (next scan)"", 2.84], [""amount of text (next scan)"", 2.78], [""no text (next scan)"", -2.16], [""blank page (next scan)"", -1.56]]}}"
11011,141,non-document,NL-HaNA_1.04.02_11011_0490,NL-HaNA_1.04.02_11011_0490,1,gap,-4.152,-4.323,,,,,,
11011,142,unindexed,NL-HaNA_1.04.02_11011_0491,NL-HaNA_1.04.02_11011_0493,3,gap,-0.433,0.865,,,,,,"{""kind"": ""unindexed"", ""boundary"": ""gap"", ""start"": {""filename"": ""NL-HaNA_1.04.02_11011_0491"", ""p_start"": 0.393, ""p_same_scan"": 0.006, ""header"": """", ""header_date"": """", ""header_date_across"": """", ""number"": null, ""text_start"": ""Huijden den 17„e August 1735. Compareerde voor mij Josephus de Grandpreez secret:s van den E: Agtb:r Raad van Justitie des Casteels de Goede hoop ter presentie "", ""formulas"": """", ""best_toc_match"": """", ""why_start"": [[""previous page blank"", -2.97], [""text length differs from previous page"", 2.54], [""amount of text (previous scan)"", 2.02], [""how far down the page the text reaches (previous scan)"", 1.3]]}, ""end"": {""filename"": ""NL-HaNA_1.04.02_11011_0493"", ""p_end"": 0.704, ""signature"": """", ""signature_kind"": """", ""text_end"": ""stond:/ Aldus gerecolleert ende b'Eedigt aen Cabo de Goede Hoop den 30„' Augustus 1735 /: was geE: L: Bannhaard /:lager:/ Mij present /: is geteekend/ teekent:/"", ""formulas"": ""closing formula, place and date at end"", ""why_end"": [[""place and date at the end"", 1.15], [""closing formula at the end (Accordeert, onderstond, ...)"", 0.76], [""closing formula halfway down the page, text below"", 0.73], [""amount of text (next scan)"", 0.71]]}}"
11011,143,non-document,NL-HaNA_1.04.02_11011_0494,NL-HaNA_1.04.02_11011_0494,1,gap,-1.694,-0.815,,,,,,
11011,144,unindexed,NL-HaNA_1.04.02_11011_0495,NL-HaNA_1.04.02_11011_0497,3,gap,0.182,1.618,,,,,,"{""kind"": ""unindexed"", ""boundary"": ""gap"", ""start"": {""filename"": ""NL-HaNA_1.04.02_11011_0495"", ""p_start"": 0.545, ""p_same_scan"": 0.026, ""header"": """", ""header_date"": """", ""header_date_across"": """", ""number"": null, ""text_start"": ""Relaas gegeven ter requisitie van den heer Independ:t fiscaal N: daniel van den Henghel door den sergeant Ian Ioost Stekwij sijnde van de volgende inhoud, als D"", ""formulas"": """", ""best_toc_match"": """", ""why_start"": [[""closing formula at the end (Accordeert, onderstond, ...) (previous scan)"", 0.98], [""very little text (previous scan)"", 0.92], [""date in header"", 0.85], [""how far down the page the text reaches (previous scan)"", 0.71]]}, ""end"": {""filename"": ""NL-HaNA_1.04.02_11011_0497"", ""p_end"": 0.834, ""signature"": ""de grandpreez"", ""signature_kind"": ""signed"", ""text_end"": ""/ Mij Present (: is geteekent:/ I:s de Grandpreez secret:s /:in margine:/ als gecommett:s /: en getekent:/ R: Tielbagh en M:r Bergh. — Accordeert. de grandpreez"", ""formulas"": ""closing formula, place and date at end"", ""why_end"": [[""text length differs from previous page (next scan)"", 2.84], [""amount of text (next scan)"", 2.78], [""no text (next scan)"", -2.16], [""blank page (next scan)"", -1.56]]}}"
11011,145,non-document,NL-HaNA_1.04.02_11011_0498,NL-HaNA_1.04.02_11011_0498,1,gap,-3.519,-5.06,,,,,,
11011,146,unindexed,NL-HaNA_1.04.02_11011_0499,NL-HaNA_1.04.02_11011_0503,5,gap,0.213,1.419,,,,,,"{""kind"": ""unindexed"", ""boundary"": ""gap"", ""start"": {""filename"": ""NL-HaNA_1.04.02_11011_0499"", ""p_start"": 0.553, ""p_same_scan"": 0.024, ""header"": """", ""header_date"": """", ""header_date_across"": """", ""number"": null, ""text_start"": ""Compareerde voor ons onderged: gecommitt:s uijt den E. Agtb„r Raad van Iustitie des Casteels de goede Hoop Andries Hanzen van vleeswijk als Corporaal ten deesen"", ""formulas"": """", ""best_toc_match"": """", ""why_start"": [[""previous page blank"", -2.97], [""text length differs from previous page"", 2.34], [""amount of text (previous scan)"", 2.02], [""how far down the page the text reaches (previous scan)"", 1.3]]}, ""end"": {""filename"": ""NL-HaNA_1.04.02_11011_0503"", ""p_end"": 0.805, ""signature"": """", ""signature_kind"": """", ""text_end"": ""r:/ Mij Present /: is „geteekent:/ I:s de grandpreez: secret:s /:in marginials gecommit:/ en geteekent:/ R: Tulbagh en M: Bergh — d 17 Accordeert de grand preez"", ""formulas"": ""closing formula, place and date at end"", ""why_end"": [[""amount of text (next scan)"", 2.78], [""text length differs from previous page (next scan)"", 2.63], [""no text (next scan)"", -2.16], [""blank page (next scan)"", -1.56]]}}"
11011,147,unindexed,NL-HaNA_1.04.02_11011_0503,NL-HaNA_1.04.02_11011_0503,1,shared,-0.305,1.419,,,,,,"{""kind"": ""unindexed"", ""boundary"": ""shared"", ""start"": {""filename"": ""NL-HaNA_1.04.02_11011_0503"", ""p_start"": 0.424, ""p_same_scan"": 0.831, ""header"": """", ""header_date"": """", ""header_date_across"": """", ""number"": null, ""text_start"": ""Corporaal Andries Hansen, dewelke deese sijne gegeevene Confessie van woord tot woord klaar en duijdelijk voorgelesen sijnde verclaarde daar bij volkoomen te pe"", ""formulas"": ""closing formula, place and date at end"", ""best_toc_match"": """", ""why_start"": [[""closing formula at the end (Accordeert, onderstond, ...) (previous scan)"", 0.98], [""closing formula halfway down the page, text below"", 0.86], [""date in header"", 0.85], [""place and date at the end"", 0.64]]}, ""end"": {""filename"": ""NL-HaNA_1.04.02_11011_0503"", ""p_end"": 0.805, ""signature"": """", ""signature_kind"": """", ""text_end"": ""r:/ Mij Present /: is „geteekent:/ I:s de grandpreez: secret:s /:in marginials gecommit:/ en geteekent:/ R: Tulbagh en M: Bergh — d 17 Accordeert de grand preez"", ""formulas"": ""closing formula, place and date at end"", ""why_end"": [[""amount of text (next scan)"", 2.78], [""text length differs from previous page (next scan)"", 2.63], [""no text (next scan)"", -2.16], [""blank page (next scan)"", -1.56]]}}"
11011,148,non-document,NL-HaNA_1.04.02_11011_0504,NL-HaNA_1.04.02_11011_0506,3,gap,-4.256,-4.156,,,,,,
11011,149,unindexed,NL-HaNA_1.04.02_11011_0507,NL-HaNA_1.04.02_11011_0509,3,gap,1.034,1.35,,,,,,"{""kind"": ""unindexed"", ""boundary"": ""gap"", ""start"": {""filename"": ""NL-HaNA_1.04.02_11011_0507"", ""p_start"": 0.738, ""p_same_scan"": 0.004, ""header"": ""Dictum ter Rolle"", ""header_date"": """", ""header_date_across"": """", ""number"": null, ""text_start"": ""Dictum ter Rolle \n14 E: E: Achtbre Heeren. Om dit dictum kortelijk te bewaarheeden, soo legt den Eijscher eenlijk over de gerecolleerde confessie van den Ved:e,"", ""formulas"": """", ""best_toc_match"": """", ""why_start"": [[""previous page blank"", -2.97], [""text length differs from previous page"", 2.54], [""amount of text (previous scan)"", 2.02], [""how far down the page the text reaches (previous scan)"", 1.3]]}, ""end"": {""filename"": ""NL-HaNA_1.04.02_11011_0509"", ""p_end"": 0.794, ""signature"": ""degrand Breet"", ""signature_kind"": ""signed"", ""text_end"": ""lke fine als uEde: achtbr: Sullen vinden te behooren /:was getekent:/ d„vd„ henghel /:in margine/ Exhibitum In Indicio den 8 7br„ 1735, Accordeert degrand Breet"", ""formulas"": ""closing formula, place and date at end"", ""why_end"": [[""amount of text (next scan)"", 2.78], [""text length differs from previous page (next scan)"", 2.45], [""no text (next scan)"", -2.16], [""blank page (next scan)"", -1.56]]}}"
11011,150,non-document,NL-HaNA_1.04.02_11011_0510,NL-HaNA_1.04.02_11011_0510,1,gap,-3.123,-5.219,,,,,,
11011,151,unindexed,NL-HaNA_1.04.02_11011_0511,NL-HaNA_1.04.02_11011_0512,2,gap,-0.522,1.239,,,,,,"{""kind"": ""unindexed"", ""boundary"": ""gap"", ""start"": {""filename"": ""NL-HaNA_1.04.02_11011_0511"", ""p_start"": 0.372, ""p_same_scan"": 0.016, ""header"": """", ""header_date"": """", ""header_date_across"": """", ""number"": null, ""text_start"": ""Compareerde voor ons onderget=e gecommitt„s uijt den E Agtb=r Raad van Justitie des Casteels de Goede hoop Jan Smith van Amshier „terdam als mattroos op de Werf"", ""formulas"": """", ""best_toc_match"": """", ""why_start"": [[""previous page blank"", -2.97], [""text length differs from previous page"", 2.56], [""amount of text (previous scan)"", 2.02], [""how far down the page the text reaches (previous scan)"", 1.3]]}, ""end"": {""filename"": ""NL-HaNA_1.04.02_11011_0512"", ""p_end"": 0.775, ""signature"": ""„ degrandpreez Secret:"", ""signature_kind"": ""signed"", ""text_end"": "" geteekent:/ P„s de Grandpreer Secret:s /:in margine:/ Als ge „Committ„s /: en geteekent:/ N„s Swellengrebel en Corn. Eelders Accordeert. „ degrandpreez Secret:"", ""formulas"": ""closing formula, place and date at end"", ""why_end"": [[""text length differs from previous page (next scan)"", 2.91], [""amount of text (next scan)"", 2.78], [""no text (next scan)"", -2.16], [""blank page (next scan)"", -1.56]]}}"
11011,152,non-document,NL-HaNA_1.04.02_11011_0513,NL-HaNA_1.04.02_11011_0514,2,gap,-4.075,-4.521,,,,,,
11011,153,unindexed,NL-HaNA_1.04.02_11011_0515,NL-HaNA_1.04.02_11011_0522,8,gap,0.352,1.209,,,,,,"{""kind"": ""unindexed"", ""boundary"": ""gap"", ""start"": {""filename"": ""NL-HaNA_1.04.02_11011_0515"", ""p_start"": 0.587, ""p_same_scan"": 0.013, ""header"": """", ""header_date"": """", ""header_date_across"": """", ""number"": null, ""text_start"": ""Eijsch ende Conclusie gedaan maken, ende overgegeven aan den E: Agtb=re Heere Adriaan Van Kervel President, beneffens den E: Agtb=re raad van Iustitie deeSes Go"", ""formulas"": ""opens with genre word"", ""best_toc_match"": """", ""why_start"": [[""previous page blank"", -2.97], [""text length differs from previous page"", 2.31], [""amount of text (previous scan)"", 2.02], [""how far down the page the text reaches (previous scan)"", 1.3]]}, ""end"": {""filename"": ""NL-HaNA_1.04.02_11011_0522"", ""p_end"": 0.77, ""signature"": ""P„r de grand-preez secred. s"", ""signature_kind"": ""signed"", ""text_end"": ""d sullen oordeelen te behooren /:was Getekent:/ Pieter Lourensz /:in margine:/ Exhibilum In Juditio Den 13 October 1735. Accordeert P„r de grand-preez secred. s"", ""formulas"": ""closing formula, place and date at end"", ""why_end"": [[""amount of text (next scan)"", 2.78], [""text length differs from previous page (next scan)"", 2.41], [""no text (next scan)"", -2.16], [""blank page (next scan)"", -1.56]]}}"
11011,154,non-document,NL-HaNA_1.04.02_11011_0523,NL-HaNA_1.04.02_11011_0524,2,gap,-3.168,-3.679,,,,,,
11011,155,unindexed,NL-HaNA_1.04.02_11011_0525,NL-HaNA_1.04.02_11011_0527,3,gap,-0.403,2.07,,,,,,"{""kind"": ""unindexed"", ""boundary"": ""gap"", ""start"": {""filename"": ""NL-HaNA_1.04.02_11011_0525"", ""p_start"": 0.401, ""p_same_scan"": 0.001, ""header"": """", ""header_date"": """", ""header_date_across"": """", ""number"": null, ""text_start"": ""Compareerde voor ons ondergesz gecommitt:s uijt den E: agtb=re raad van Iustitie des Casteels De goede Hoop, Bastiaan van Couthin slaaf van den Land-bouwer Will"", ""formulas"": """", ""best_toc_match"": """", ""why_start"": [[""text length differs from previous page"", 0.93], [""how far down the page the text reaches (previous scan)"", 0.93], [""very little text (previous scan)"", 0.92], [""date in header"", 0.85]]}, ""end"": {""filename"": ""NL-HaNA_1.04.02_11011_0527"", ""p_end"": 0.888, ""signature"": ""de Grandpreek"", ""signature_kind"": ""signed"", ""text_end"": ""esent /: is getekent:/ P: de Grandpreez secret:s C: in margine:/ Als gecommitt /: en getekent:/ H:k Swellengrebel k GEdf in D'sseil. — Accordeert. de Grandpreek"", ""formulas"": ""closing formula, place and date at end"", ""why_end"": [[""place and date at the end"", 1.15], [""quire mark on this page (next scan)"", 1.05], [""amount of text (next scan)"", 0.97], [""closing formula at the end (Accordeert, onderstond, ...)"", 0.76]]}}"
11011,156,non-document,NL-HaNA_1.04.02_11011_0528,NL-HaNA_1.04.02_11011_0528,1,gap,-4.315,-2.575,,,,,,
11011,157,unindexed,NL-HaNA_1.04.02_11011_0529,NL-HaNA_1.04.02_11011_0531,3,gap,1.923,0.591,,,,,,"{""kind"": ""unindexed"", ""boundary"": ""gap"", ""start"": {""filename"": ""NL-HaNA_1.04.02_11011_0529"", ""p_start"": 0.872, ""p_same_scan"": 0.006, ""header"": """", ""header_date"": """", ""header_date_across"": """", ""number"": null, ""text_start"": ""Huijden Den 31 Augustus 1735. Compareerde voor mij Josephus De Grandpreez Secretaris van den E: Achtb=re Raad van Iustitie des Casteels De Goede Hoop, ter prese"", ""formulas"": """", ""best_toc_match"": """", ""why_start"": [[""how far down the page the text reaches (previous scan)"", 1.01], [""very little text (previous scan)"", 0.92], [""text length differs from previous page"", 0.85], [""date in header"", 0.85]]}, ""end"": {""filename"": ""NL-HaNA_1.04.02_11011_0531"", ""p_end"": 0.644, ""signature"": ""de Grandpreez"", ""signature_kind"": ""signed"", ""text_end"": "" geteekent:/ I:s de Grand_d - priez secret:s /:in margine:/ als gecommitt: /: en geteekent:/ s Ck H=k Swellengrebel en D:l Pseil. — 6 e Accordeert de Grandpreez"", ""formulas"": ""closing formula, place and date at end"", ""why_end"": [[""place and date at the end"", 1.15], [""amount of text (next scan)"", 0.86], [""closing formula at the end (Accordeert, onderstond, ...)"", 0.76], [""closing formula halfway down the page, text below"", 0.73]]}}"
11011,158,non-document,NL-HaNA_1.04.02_11011_0532,NL-HaNA_1.04.02_11011_0532,1,gap,-2.822,-3.33,,,,,,
11011,159,unindexed,NL-HaNA_1.04.02_11011_0533,NL-HaNA_1.04.02_11011_0536,4,gap,0.274,-0.363,,,,,,"{""kind"": ""unindexed"", ""boundary"": ""gap"", ""start"": {""filename"": ""NL-HaNA_1.04.02_11011_0533"", ""p_start"": 0.568, ""p_same_scan"": 0.055, ""header"": """", ""header_date"": """", ""header_date_across"": """", ""number"": null, ""text_start"": ""N LS06 uijt„tn Libere gerecolleerde Confessie van Bastiaan van Coutchin, slaaf van den Landbouwer willem van der vijver, oud naar gissing 24 Iaaren, buijten pij"", ""formulas"": """", ""best_toc_match"": """", ""why_start"": [[""very little text (previous scan)"", 0.92], [""how far down the page the text reaches (previous scan)"", 0.9], [""date in header"", 0.85], [""text length differs from previous page"", 0.75]]}, ""end"": {""filename"": ""NL-HaNA_1.04.02_11011_0536"", ""p_end"": 0.41, ""signature"": ""P„r de grandpreez"", ""signature_kind"": ""signed"", ""text_end"": ""uijwaagen /:Lager:/ mij Present /: is geteekent:/ Idegrandpreez secrets /: in margine:/ Fiat Executie /:en geteekent:/ Jan de LajonAccordeert. P„r de grandpreez"", ""formulas"": ""opens with genre word, closing formula"", ""why_end"": [[""text length differs from previous page (next scan)"", 2.99], [""amount of text (next scan)"", 2.78], [""no text (next scan)"", -2.16], [""blank page (next scan)"", -1.56]]}}"
11011,160,non-document,NL-HaNA_1.04.02_11011_0537,NL-HaNA_1.04.02_11011_0538,2,gap,-3.53,-4.432,,,,,,
11011,161,unindexed,NL-HaNA_1.04.02_11011_0539,NL-HaNA_1.04.02_11011_0543,5,gap,-1.744,1.21,,,,,,"{""kind"": ""unindexed"", ""boundary"": ""gap"", ""start"": {""filename"": ""NL-HaNA_1.04.02_11011_0539"", ""p_start"": 0.149, ""p_same_scan"": 0.023, ""header"": ""Dictum ter rolle."", ""header_date"": """", ""header_date_across"": """", ""number"": null, ""text_start"": ""Dictum ter rolle. \nE. E. achtbaere Heeren Nademael het drossen van particuliere slaeven thans meer als ooit in swang gaet, en dat deselve niet een alleen Loopen"", ""formulas"": """", ""best_toc_match"": """", ""why_start"": [[""previous page blank"", -2.97], [""text length differs from previous page"", 2.4], [""amount of text (previous scan)"", 2.02], [""date in header"", 0.85]]}, ""end"": {""filename"": ""NL-HaNA_1.04.02_11011_0543"", ""p_end"": 0.77, ""signature"": """", ""signature_kind"": """", ""text_end"": ""ere sullen vinden te behooren /:was geteekent:/ Daniel van den Henghel /:in margine:) Cxhibitum in Iudicio E den 27 8br: 1735. —. Accordeert P„r de graendepreez"", ""formulas"": ""closing formula, place and date at end"", ""why_end"": [[""amount of text (next scan)"", 2.78], [""text length differs from previous page (next scan)"", 2.67], [""no text (next scan)"", -2.16], [""blank page (next scan)"", -1.56]]}}"
11011,162,non-document,NL-HaNA_1.04.02_11011_0544,NL-HaNA_1.04.02_11011_0546,3,gap,-4.366,-4.447,,,,,,
11011,163,unindexed,NL-HaNA_1.04.02_11011_0547,NL-HaNA_1.04.02_11011_0555,9,gap,1.06,0.627,,,,,,"{""kind"": ""unindexed"", ""boundary"": ""gap"", ""start"": {""filename"": ""NL-HaNA_1.04.02_11011_0547"", ""p_start"": 0.743, ""p_same_scan"": 0.016, ""header"": """", ""header_date"": """", ""header_date_across"": """", ""number"": null, ""text_start"": ""Eijsch ende Conclusie gedaan maken, en aan den E: Agtb:re Heer Adriaan Van Kervel, president mitsgd:rs de verdere Achtbre Leeden van den Achtb:re Raad van Justi"", ""formulas"": ""opens with genre word"", ""best_toc_match"": """", ""why_start"": [[""previous page blank"", -2.97], [""text length differs from previous page"", 2.3], [""amount of text (previous scan)"", 2.02], [""how far down the page the text reaches (previous scan)"", 1.3]]}, ""end"": {""filename"": ""NL-HaNA_1.04.02_11011_0555"", ""p_end"": 0.652, ""signature"": ""P„n de grandpreez"", ""signature_kind"": ""signed"", ""text_end"": ""tb:re sullen vinden te behooren /:was getekent:/ D:l V„n V n 7 In D: Henghel /:in margine:/ Exhibitum In Judicio Den 27. 8br: 1735. Accordeert P„n de grandpreez"", ""formulas"": ""closing formula, place and date at end"", ""why_end"": [[""amount of text (next scan)"", 2.78], [""text length differs from previous page (next scan)"", 2.65], [""no text (next scan)"", -2.16], [""blank page (next scan)"", -1.56]]}}"
11011,164,non-document,NL-HaNA_1.04.02_11011_0556,NL-HaNA_1.04.02_11011_0558,3,gap,-3.925,-4.822,,,,,,
11011,165,unindexed,NL-HaNA_1.04.02_11011_0559,NL-HaNA_1.04.02_11011_0565,7,gap,-0.63,1.474,,,,,,"{""kind"": ""unindexed"", ""boundary"": ""gap"", ""start"": {""filename"": ""NL-HaNA_1.04.02_11011_0559"", ""p_start"": 0.347, ""p_same_scan"": 0.019, ""header"": """", ""header_date"": """", ""header_date_across"": """", ""number"": null, ""text_start"": ""Relaas gegeven ter requisi tie van den heer Independt: fiscaal M:r Daniel Van den Henghel door den schrijver van 's E: Compg:s slave Logie Dirk Amburen sijnde v"", ""formulas"": """", ""best_toc_match"": """", ""why_start"": [[""previous page blank"", -2.97], [""text length differs from previous page"", 2.4], [""amount of text (previous scan)"", 2.02], [""how far down the page the text reaches (previous scan)"", 1.3]]}, ""end"": {""filename"": ""NL-HaNA_1.04.02_11011_0565"", ""p_end"": 0.814, ""signature"": ""P„ de grandpriez"", ""signature_kind"": ""signed"", ""text_end"": ""getekent:/ J:s de Grand0 be meet secret:s /:in margine:/ Als Gecommitt:s /: en getekent:/ :La„ H:k Swellengrebel en P:l Artois. — Accordeert. — P„ de grandpriez"", ""formulas"": ""closing formula, place and date at end"", ""why_end"": [[""text length differs from previous page (next scan)"", 2.81], [""amount of text (next scan)"", 2.78], [""no text (next scan)"", -2.16], [""blank page (next scan)"", -1.56]]}}"
11011,166,non-document,NL-HaNA_1.04.02_11011_0566,NL-HaNA_1.04.02_11011_0566,1,gap,-3.573,-5.173,,,,,,
11011,167,unindexed,NL-HaNA_1.04.02_11011_0567,NL-HaNA_1.04.02_11011_0568,2,gap,0.121,0.208,,,,,,"{""kind"": ""unindexed"", ""boundary"": ""gap"", ""start"": {""filename"": ""NL-HaNA_1.04.02_11011_0567"", ""p_start"": 0.53, ""p_same_scan"": 0.024, ""header"": """", ""header_date"": """", ""header_date_across"": """", ""number"": null, ""text_start"": ""Huijden Den 17 October 1735. — Compareerde voor mij Josephus de grandpreez Secret:s van den E: agtb„re raad van Iustitie des Casteels de Goede hoop ter presenti"", ""formulas"": """", ""best_toc_match"": """", ""why_start"": [[""previous page blank"", -2.97], [""text length differs from previous page"", 2.43], [""amount of text (previous scan)"", 2.02], [""how far down the page the text reaches (previous scan)"", 1.3]]}, ""end"": {""filename"": ""NL-HaNA_1.04.02_11011_0568"", ""p_end"": 0.552, ""signature"": ""„ de grandpriez"", ""signature_kind"": ""signed"", ""text_end"": ""P:s de Grand. preez: secret:s /:in margine:/ als getuijgen /:en getekent :/ J=n 7=m N:s V:n dessin en N:s H:n Iserman. — Vn s 4 Cn7 Accordeert — „ de grandpriez"", ""formulas"": ""closing formula"", ""why_end"": [[""text length differs from previous page (next scan)"", 2.8], [""amount of text (next scan)"", 2.78], [""no text (next scan)"", -2.16], [""blank page (next scan)"", -1.56]]}}"
11011,168,non-document,NL-HaNA_1.04.02_11011_0569,NL-HaNA_1.04.02_11011_0570,2,gap,-4.37,-4.924,,,,,,
11011,169,unindexed,NL-HaNA_1.04.02_11011_0571,NL-HaNA_1.04.02_11011_0573,3,gap,0.191,1.78,,,,,,"{""kind"": ""unindexed"", ""boundary"": ""gap"", ""start"": {""filename"": ""NL-HaNA_1.04.02_11011_0571"", ""p_start"": 0.548, ""p_same_scan"": 0.02, ""header"": """", ""header_date"": """", ""header_date_across"": """", ""number"": null, ""text_start"": ""Aan de E: Heer President Adriaan van Kervel beneevens d. E: Heere Raaden van Iustitie deeser steede e Geeven uEd:e agtbare ootmoedelijk te kennen hoe dat op den"", ""formulas"": """", ""best_toc_match"": """", ""why_start"": [[""previous page blank"", -2.97], [""text length differs from previous page"", 2.43], [""amount of text (previous scan)"", 2.02], [""how far down the page the text reaches (previous scan)"", 1.3]]}, ""end"": {""filename"": ""NL-HaNA_1.04.02_11011_0573"", ""p_end"": 0.856, ""signature"": """", ""signature_kind"": """", ""text_end"": ""ij niemand heeft konne krijgen om zijn saak uijt te voeren. — Cabo de goede hoop Den 3 novemb:r 1735 /:onderstond:/ Yk I:s van Es. — Accordeert P„r degrandpreez"", ""formulas"": ""salutation, closing formula, place and date at end"", ""why_end"": [[""amount of text (next scan)"", 2.78], [""text length differs from previous page (next scan)"", 2.71], [""no text (next scan)"", -2.16], [""blank page (next scan)"", -1.56]]}}"
11011,170,unindexed,NL-HaNA_1.04.02_11011_0573,NL-HaNA_1.04.02_11011_0573,1,shared,-1.296,1.78,,,,,,"{""kind"": ""unindexed"", ""boundary"": ""shared"", ""start"": {""filename"": ""NL-HaNA_1.04.02_11011_0573"", ""p_start"": 0.215, ""p_same_scan"": 0.919, ""header"": """", ""header_date"": """", ""header_date_across"": """", ""number"": null, ""text_start"": ""/:was getekent:/ gecondeert op Leugens tot sijn verschoning Ingebracht om dat hij wel merkte den supp: moleste aangedaan en grootelijks beleedigt heeft zoo neem"", ""formulas"": ""salutation, closing formula, place and date at end"", ""best_toc_match"": """", ""why_start"": [[""closing formula halfway down the page, text below"", 0.86], [""date in header"", 0.85], [""place and date at the end"", 0.64], [""header date same as previous"", -0.47]]}, ""end"": {""filename"": ""NL-HaNA_1.04.02_11011_0573"", ""p_end"": 0.856, ""signature"": """", ""signature_kind"": """", ""text_end"": ""ij niemand heeft konne krijgen om zijn saak uijt te voeren. — Cabo de goede hoop Den 3 novemb:r 1735 /:onderstond:/ Yk I:s van Es. — Accordeert P„r degrandpreez"", ""formulas"": ""salutation, closing formula, place and date at end"", ""why_end"": [[""amount of text (next scan)"", 2.78], [""text length differs from previous page (next scan)"", 2.71], [""no text (next scan)"", -2.16], [""blank page (next scan)"", -1.56]]}}"
11011,171,non-document,NL-HaNA_1.04.02_11011_0574,NL-HaNA_1.04.02_11011_0574,1,gap,-4.532,-4.863,,,,,,
11011,172,unindexed,NL-HaNA_1.04.02_11011_0575,NL-HaNA_1.04.02_11011_0609,35,gap,-0.883,1.128,,,,,,"{""kind"": ""unindexed"", ""boundary"": ""gap"", ""start"": {""filename"": ""NL-HaNA_1.04.02_11011_0575"", ""p_start"": 0.293, ""p_same_scan"": 0.008, ""header"": """", ""header_date"": """", ""header_date_across"": """", ""number"": null, ""text_start"": ""18. Eijsch ende Conclusie gedaan maaken, en aan den E: achtbare Heer Adriaan Van Kervel praesitent en den verderen Achtb:r raad re van Justitie deeser plaatse, "", ""formulas"": ""opens with genre word"", ""best_toc_match"": """", ""why_start"": [[""previous page blank"", -2.97], [""text length differs from previous page"", 2.18], [""amount of text (previous scan)"", 2.02], [""how far down the page the text reaches (previous scan)"", 1.3]]}, ""end"": {""filename"": ""NL-HaNA_1.04.02_11011_0609"", ""p_end"": 0.755, ""signature"": ""de grandpreez"", ""signature_kind"": ""signed"", ""text_end"": ""j present /: is getekent :/ I:s de Grandpreez secret:s /:in margine:/ als gecommitt:s : /en getekent:/ I:s Moller en I:s Cruijwagen. — Accordeert. de grandpreez"", ""formulas"": ""closing formula, place and date at end"", ""why_end"": [[""amount of text (next scan)"", 2.78], [""text length differs from previous page (next scan)"", 2.77], [""no text (next scan)"", -2.16], [""blank page (next scan)"", -1.56]]}}"
11011,173,non-document,NL-HaNA_1.04.02_11011_0610,NL-HaNA_1.04.02_11011_0610,1,gap,-3.601,-3.749,,,,,,
11011,174,unindexed,NL-HaNA_1.04.02_11011_0611,NL-HaNA_1.04.02_11011_0624,14,gap,3.663,1.319,,,,,,"{""kind"": ""unindexed"", ""boundary"": ""gap"", ""start"": {""filename"": ""NL-HaNA_1.04.02_11011_0611"", ""p_start"": 0.975, ""p_same_scan"": 0.003, ""header"": ""Copia | Interrogatoria gedaan"", ""header_date"": """", ""header_date_across"": """", ""number"": null, ""text_start"": ""Copia \nCompareerde voor ons onderget: maaken, en aan d: E: Leeden gcommitt:s uijt den E: agtb:re Rhad van den E: achtb„re raad van vmn Justitie deeses Gouvernem"", ""formulas"": ""opens with genre word, closing formula"", ""best_toc_match"": """", ""why_start"": [[""previous page blank"", -2.97], [""text length differs from previous page"", 2.39], [""amount of text (previous scan)"", 2.02], [""how far down the page the text reaches (previous scan)"", 1.3]]}, ""end"": {""filename"": ""NL-HaNA_1.04.02_11011_0624"", ""p_end"": 0.789, ""signature"": ""P„ de grandmeez"", ""signature_kind"": ""signed"", ""text_end"": ""present /: is getekent:/ I:s de grandgereek secret=rs /in margine:/ Als Gecommitt:s / en getekent:/ I:s Moller en J:s Cruijwaagen. E Accordeert. P„ de grandmeez"", ""formulas"": ""closing formula, place and date at end"", ""why_end"": [[""amount of text (next scan)"", 2.78], [""text length differs from previous page (next scan)"", 2.53], [""no text (next scan)"", -2.16], [""blank page (next scan)"", -1.56]]}}"
11011,175,non-document,NL-HaNA_1.04.02_11011_0625,NL-HaNA_1.04.02_11011_0626,2,gap,-3.339,-4.835,,,,,,
11011,176,unindexed,NL-HaNA_1.04.02_11011_0627,NL-HaNA_1.04.02_11011_0630,4,gap,-1.602,1.745,,,,,,"{""kind"": ""unindexed"", ""boundary"": ""gap"", ""start"": {""filename"": ""NL-HaNA_1.04.02_11011_0627"", ""p_start"": 0.168, ""p_same_scan"": 0.108, ""header"": """", ""header_date"": """", ""header_date_across"": """", ""number"": null, ""text_start"": ""Compareerde voor ons ondergetz gecommitt:s uijt den E: Agtb:re Raad van Jus_ titie deeses Gouvernements Sitina. Sara wed„e Raja Tambora van Competenten ouderdom"", ""formulas"": """", ""best_toc_match"": """", ""why_start"": [[""previous page blank"", -2.97], [""text length differs from previous page"", 2.39], [""amount of text (previous scan)"", 2.02], [""date in header"", 0.85]]}, ""end"": {""filename"": ""NL-HaNA_1.04.02_11011_0630"", ""p_end"": 0.851, ""signature"": ""P„r de Grandpreez soccd:s"", ""signature_kind"": ""signed"", ""text_end"": ""s getekent:/ I:s de grandpreez secretari /: in margine:/ Als Gecommitt:s / en getekent:/ J:s Nolla Ins en I=n Cruijwagen. — Accordeert P„r de Grandpreez soccd:s"", ""formulas"": ""closing formula, place and date at end"", ""why_end"": [[""place and date at the end"", 1.15], [""signature on this page (next scan)"", 1.06], [""closing formula at the end (Accordeert, onderstond, ...)"", 0.76], [""closing formula halfway down the page, text below"", 0.73]]}}"
11011,177,non-document,NL-HaNA_1.04.02_11011_0631,NL-HaNA_1.04.02_11011_0638,8,gap,-0.234,-4.215,,,,,,
11011,178,unindexed,NL-HaNA_1.04.02_11011_0639,NL-HaNA_1.04.02_11011_0660,22,gap,-0.192,-0.207,,,,,,"{""kind"": ""unindexed"", ""boundary"": ""gap"", ""start"": {""filename"": ""NL-HaNA_1.04.02_11011_0639"", ""p_start"": 0.452, ""p_same_scan"": 0.001, ""header"": ""Alsoo Christiaan Carel Van den Bosch"", ""header_date"": """", ""header_date_across"": """", ""number"": null, ""text_start"": ""Alsoo Christiaan Carel Van den Bosch \nvan 's gravenhage oud 30 Iaaren, als soldaat ten deesen Casteele beschijden geweest, thans 'T heeren gevangen, sonder pijn"", ""formulas"": """", ""best_toc_match"": """", ""why_start"": [[""previous page blank"", -2.97], [""text length differs from previous page"", 2.42], [""amount of text (previous scan)"", 2.02], [""how far down the page the text reaches (previous scan)"", 1.3]]}, ""end"": {""filename"": ""NL-HaNA_1.04.02_11011_0660"", ""p_end"": 0.448, ""signature"": ""de grandpreez"", ""signature_kind"": ""signed"", ""text_end"": ""t en Billikhijd sullen oordeelen te behooren /:was getekent:/ pr P: Lourensz. /:in margine:/ Exhibitum in Iudicio den 1December 1735. — Accordeert de grandpreez"", ""formulas"": ""closing formula"", ""why_end"": [[""amount of text (next scan)"", 2.78], [""text length differs from previous page (next scan)"", 2.39], [""no text (next scan)"", -2.16], [""blank page (next scan)"", -1.56]]}}"
11011,179,non-document,NL-HaNA_1.04.02_11011_0661,NL-HaNA_1.04.02_11011_0662,2,gap,-4.272,-4.432,,,,,,
11011,180,unindexed,NL-HaNA_1.04.02_11011_0663,NL-HaNA_1.04.02_11011_0678,16,gap,0.261,-0.644,,,,,,"{""kind"": ""unindexed"", ""boundary"": ""gap"", ""start"": {""filename"": ""NL-HaNA_1.04.02_11011_0663"", ""p_start"": 0.565, ""p_same_scan"": 0.013, ""header"": """", ""header_date"": """", ""header_date_across"": """", ""number"": null, ""text_start"": ""Eijsch ende Conclusie gedaan maken, ende overgegeven E: Agtb:re Heere aan den Adriaan Van Kervel, President, beneffens den E: Agtb:r raad van Justitie deeses Go"", ""formulas"": ""opens with genre word"", ""best_toc_match"": """", ""why_start"": [[""previous page blank"", -2.97], [""text length differs from previous page"", 2.24], [""amount of text (previous scan)"", 2.02], [""how far down the page the text reaches (previous scan)"", 1.3]]}, ""end"": {""filename"": ""NL-HaNA_1.04.02_11011_0678"", ""p_end"": 0.344, ""signature"": ""d „r de grandpreez Secret:s"", ""signature_kind"": ""signed"", ""text_end"": """", ""formulas"": ""closing formula, place and date at end"", ""why_end"": [[""how far down the page the text reaches"", 1.51], [""place and date at the end"", 1.15], [""text length differs from previous page (next scan)"", 0.82], [""very little text"", -0.79]]}}"
11011,181,unindexed,NL-HaNA_1.04.02_11011_0679,NL-HaNA_1.04.02_11011_0684,6,adjacent,2.416,1.421,,,,,,"{""kind"": ""unindexed"", ""boundary"": ""adjacent"", ""start"": {""filename"": ""NL-HaNA_1.04.02_11011_0679"", ""p_start"": 0.918, ""p_same_scan"": 0.0, ""header"": """", ""header_date"": """", ""header_date_across"": """", ""number"": null, ""text_start"": ""Relaas gegeven ter requisitie pa van den Land„ Drost St. Pieter Lourensz, door den Land bouwer Pieter Hugot, sijnde van de volgende inhoud als Dat naar sijns re"", ""formulas"": """", ""best_toc_match"": """", ""why_start"": [[""closing formula at the end (Accordeert, onderstond, ...) (previous scan)"", 0.98], [""how far down the page the text reaches (previous scan)"", 0.97], [""very little text (previous scan)"", 0.92], [""date in header"", 0.85]]}, ""end"": {""filename"": ""NL-HaNA_1.04.02_11011_0684"", ""p_end"": 0.806, ""signature"": ""de Grandpreer Secrets"", ""signature_kind"": ""signed"", ""text_end"": ""ent /:is Geteekent:/ J: s de grandpreez p s secret:s /:in margine:/ Als Gecommitt: /: en getekent:/ Corns Eelders en PArtois. — Accordeert de Grandpreer Secrets"", ""formulas"": ""closing formula, place and date at end"", ""why_end"": [[""amount of text (next scan)"", 2.78], [""text length differs from previous page (next scan)"", 2.36], [""no text (next scan)"", -2.16], [""blank page (next scan)"", -1.56]]}}"
11011,182,non-document,NL-HaNA_1.04.02_11011_0685,NL-HaNA_1.04.02_11011_0686,2,gap,-3.243,-2.182,,,,,,
11011,183,unindexed,NL-HaNA_1.04.02_11011_0687,NL-HaNA_1.04.02_11011_0691,5,gap,0.338,2.115,,,,,,"{""kind"": ""unindexed"", ""boundary"": ""gap"", ""start"": {""filename"": ""NL-HaNA_1.04.02_11011_0687"", ""p_start"": 0.584, ""p_same_scan"": 0.0, ""header"": ""Copia. —"", ""header_date"": """", ""header_date_across"": """", ""number"": null, ""text_start"": ""Copia. — \nHuijden den 31 Augustus 1735.— Compareerde voor mij Josephus de Grandpreez secret=s van den E: agtb:re raad van Justitie des Casteels de goede Hoop te"", ""formulas"": ""opens with genre word"", ""best_toc_match"": """", ""why_start"": [[""how far down the page the text reaches (previous scan)"", 1.02], [""text length differs from previous page"", 0.99], [""very little text (previous scan)"", 0.92], [""date in header"", 0.85]]}, ""end"": {""filename"": ""NL-HaNA_1.04.02_11011_0691"", ""p_end"": 0.892, ""signature"": """", ""signature_kind"": """", ""text_end"": ""ij present /:is geteekent:/ I:s de Grandpreer secret / in margine:/ als gecommitt:s /: en geteekent:/ Corn.s Eelders en p:l artoijs. — Accordeert de Grandmaer „"", ""formulas"": ""closing formula, place and date at end"", ""why_end"": [[""amount of text (next scan)"", 2.78], [""text length differs from previous page (next scan)"", 2.71], [""no text (next scan)"", -2.16], [""blank page (next scan)"", -1.56]]}}"
11011,184,unindexed,NL-HaNA_1.04.02_11011_0691,NL-HaNA_1.04.02_11011_0691,1,shared,-1.075,2.115,,,,,,"{""kind"": ""unindexed"", ""boundary"": ""shared"", ""start"": {""filename"": ""NL-HaNA_1.04.02_11011_0691"", ""p_start"": 0.254, ""p_same_scan"": 0.922, ""header"": """", ""header_date"": """", ""header_date_across"": """", ""number"": null, ""text_start"": ""pedro en Baioe toen door hem comp:s wierden gevn genoomen, denselven hem hebben gesegt dat hij Batjoe 't vengster van de ka= mer van pieter hugot meede hadde he"", ""formulas"": ""closing formula, place and date at end"", ""best_toc_match"": """", ""why_start"": [[""closing formula halfway down the page, text below"", 0.86], [""date in header"", 0.85], [""place and date at the end"", 0.64], [""header date same as previous"", -0.47]]}, ""end"": {""filename"": ""NL-HaNA_1.04.02_11011_0691"", ""p_end"": 0.892, ""signature"": """", ""signature_kind"": """", ""text_end"": ""ij present /:is geteekent:/ I:s de Grandpreer secret / in margine:/ als gecommitt:s /: en geteekent:/ Corn.s Eelders en p:l artoijs. — Accordeert de Grandmaer „"", ""formulas"": ""closing formula, place and date at end"", ""why_end"": [[""amount of text (next scan)"", 2.78], [""text length differs from previous page (next scan)"", 2.71], [""no text (next scan)"", -2.16], [""blank page (next scan)"", -1.56]]}}"
11011,185,non-document,NL-HaNA_1.04.02_11011_0692,NL-HaNA_1.04.02_11011_0694,3,gap,-3.982,-3.588,,,,,,
11011,186,unindexed,NL-HaNA_1.04.02_11011_0695,NL-HaNA_1.04.02_11011_0705,11,gap,0.52,1.581,,,,,,"{""kind"": ""unindexed"", ""boundary"": ""gap"", ""start"": {""filename"": ""NL-HaNA_1.04.02_11011_0695"", ""p_start"": 0.627, ""p_same_scan"": 0.0, ""header"": ""Interrogatorien"", ""header_date"": """", ""header_date_across"": """", ""number"": null, ""text_start"": ""ant: Iank heb daar gewerkt \nInterrogatorien \nCompareerde voor ons omme daar op ter Requisitie onderget=e gecommitt:s uijt den Eagtb:re raad van Iustitie des van"", ""formulas"": """", ""best_toc_match"": """", ""why_start"": [[""how far down the page the text reaches (previous scan)"", 0.93], [""very little text (previous scan)"", 0.92], [""date in header"", 0.85], [""text length differs from previous page"", 0.74]]}, ""end"": {""filename"": ""NL-HaNA_1.04.02_11011_0705"", ""p_end"": 0.829, ""signature"": ""de grandpreez cered:"", ""signature_kind"": ""signed"", ""text_end"": "" getekent:/ P:s de grandpreez secret:s /: in margine:/ Als : 2 CL Cs Brand en I:s Cruijwagen — Gecommitt. / en getekent:/C 7. o Accordeert. de grandpreez cered:"", ""formulas"": ""closing formula, place and date at end"", ""why_end"": [[""place and date at the end"", 1.15], [""largest gap between lines"", 1.14], [""amount of text (next scan)"", 1.12], [""text length differs from previous page (next scan)"", 0.92]]}}"
11011,187,non-document,NL-HaNA_1.04.02_11011_0706,NL-HaNA_1.04.02_11011_0706,1,gap,-2.484,-2.761,,,,,,
11011,188,unindexed,NL-HaNA_1.04.02_11011_0707,NL-HaNA_1.04.02_11011_0712,6,gap,0.738,1.137,,,,,,"{""kind"": ""unindexed"", ""boundary"": ""gap"", ""start"": {""filename"": ""NL-HaNA_1.04.02_11011_0707"", ""p_start"": 0.677, ""p_same_scan"": 0.043, ""header"": """", ""header_date"": """", ""header_date_across"": """", ""number"": null, ""text_start"": ""Huijden den 3 Novembr: 1735. compareerde voor mij Daniel godfried Carnspek secret:s van stellenbosch en drakensteijn ter presentie van gecommitteerde Heemraden "", ""formulas"": """", ""best_toc_match"": """", ""why_start"": [[""how far down the page the text reaches (previous scan)"", 1.0], [""text length differs from previous page"", 0.95], [""very little text (previous scan)"", 0.92], [""date in header"", 0.85]]}, ""end"": {""filename"": ""NL-HaNA_1.04.02_11011_0712"", ""p_end"": 0.757, ""signature"": ""P de grandpreez"", ""signature_kind"": ""signed"", ""text_end"": ""resent /:is getekent:/ I:s de geanpreez: secret:s /: in margine:/ Als Gecommitt:s /: en geteekent:/ s, C:l Brand en I:n Cruijwagen: — Accordeert P de grandpreez"", ""formulas"": ""closing formula, place and date at end"", ""why_end"": [[""text length differs from previous page (next scan)"", 2.91], [""amount of text (next scan)"", 2.78], [""no text (next scan)"", -2.16], [""blank page (next scan)"", -1.56]]}}"
11011,189,non-document,NL-HaNA_1.04.02_11011_0713,NL-HaNA_1.04.02_11011_0714,2,gap,-3.841,-2.619,,,,,,
11011,190,unindexed,NL-HaNA_1.04.02_11011_0715,NL-HaNA_1.04.02_11011_0717,3,gap,1.556,1.244,,,,,,"{""kind"": ""unindexed"", ""boundary"": ""gap"", ""start"": {""filename"": ""NL-HaNA_1.04.02_11011_0715"", ""p_start"": 0.826, ""p_same_scan"": 0.0, ""header"": ""Copia."", ""header_date"": """", ""header_date_across"": """", ""number"": null, ""text_start"": ""Ant:o Ja. \nCopia. \nVrijdag Den 25 9br: 1735. Interrogatorien gedaan h present den Heer Captn Johannes maken, en aan den E: Agtb:re Heer Thobias Rhenius en alle "", ""formulas"": ""opens with genre word, closing formula"", ""best_toc_match"": """", ""why_start"": [[""very little text (previous scan)"", 0.92], [""how far down the page the text reaches (previous scan)"", 0.91], [""closing formula halfway down the page, text below"", 0.86], [""text length differs from previous page"", 0.86]]}, ""end"": {""filename"": ""NL-HaNA_1.04.02_11011_0717"", ""p_end"": 0.776, ""signature"": """", ""signature_kind"": """", ""text_end"": ""rijwillig, buijten pijn ofte dwang van banden van ijzers, dan wel de minste bedreijging van dien gerecolleert In't Casteel De Goede Hoop Den 26 9br: 1735. /:was"", ""formulas"": ""closing formula, place and date at end"", ""why_end"": [[""place and date at the end"", 1.15], [""signature on this page (next scan)"", 1.06], [""closing formula at the end (Accordeert, onderstond, ...)"", 0.76], [""closing formula halfway down the page, text below"", 0.73]]}}"
11011,191,unindexed,NL-HaNA_1.04.02_11011_0717,NL-HaNA_1.04.02_11011_0722,6,shared,-2.013,-0.734,,,,,,"{""kind"": ""unindexed"", ""boundary"": ""shared"", ""start"": {""filename"": ""NL-HaNA_1.04.02_11011_0717"", ""p_start"": 0.118, ""p_same_scan"": 0.889, ""header"": """", ""header_date"": """", ""header_date_across"": """", ""number"": null, ""text_start"": ""art: Neen. — Art: 4: — off hij Gevn. ook meermaals dief1n te en huijsbraak heeft begaan, en soo Ja, waar ter plaatse, en op wat tijd sulx is geschied. — Aldus i"", ""formulas"": ""closing formula, place and date at end"", ""best_toc_match"": """", ""why_start"": [[""closing formula halfway down the page, text below"", 0.86], [""date in header"", 0.85], [""place and date at the end"", 0.64], [""header date same as previous"", -0.47]]}, ""end"": {""filename"": ""NL-HaNA_1.04.02_11011_0722"", ""p_end"": 0.324, ""signature"": ""de grandpreez"", ""signature_kind"": ""signed"", ""text_end"": ""is /:Lager:/ mij Present /:is geteekent:/ J: de Grandpreez secret:s /:in margine:/ Fiat Ererutie /:was Getekent:/ Ian De La Containe. — Accordeert de grandpreez"", ""formulas"": ""opens with genre word, closing formula"", ""why_end"": [[""text length differs from previous page (next scan)"", 3.02], [""amount of text (next scan)"", 2.78], [""no text (next scan)"", -2.16], [""blank page (next scan)"", -1.56]]}}"
11011,192,non-document,NL-HaNA_1.04.02_11011_0723,NL-HaNA_1.04.02_11011_0724,2,gap,-4.662,-4.55,,,,,,
11011,193,unindexed,NL-HaNA_1.04.02_11011_0725,NL-HaNA_1.04.02_11011_0731,7,gap,0.436,0.625,,,,,,"{""kind"": ""unindexed"", ""boundary"": ""gap"", ""start"": {""filename"": ""NL-HaNA_1.04.02_11011_0725"", ""p_start"": 0.607, ""p_same_scan"": 0.012, ""header"": """", ""header_date"": """", ""header_date_across"": """", ""number"": null, ""text_start"": ""Eijsch ende Conclusie Gedaan maaken en aan den E: Agtb:re Heer Adriaan Van Kervel Praesident, en den E: Agtb:re Raad van Iustitie deeses Gouvernements, overgege"", ""formulas"": ""opens with genre word"", ""best_toc_match"": """", ""why_start"": [[""previous page blank"", -2.97], [""text length differs from previous page"", 2.35], [""amount of text (previous scan)"", 2.02], [""how far down the page the text reaches (previous scan)"", 1.3]]}, ""end"": {""filename"": ""NL-HaNA_1.04.02_11011_0731"", ""p_end"": 0.651, ""signature"": ""P. de grandpreez"", ""signature_kind"": ""signed"", ""text_end"": ""uEd:e Agtb:re sullen vinden te behooren /:was getekent/ De vnbn V:n D„r Henghel /:in margine:/ Exhibitum In Iuditio den 22 xbr 1735. Accordeert P. de grandpreez"", ""formulas"": ""closing formula, place and date at end"", ""why_end"": [[""text length differs from previous page (next scan)"", 2.82], [""amount of text (next scan)"", 2.78], [""no text (next scan)"", -2.16], [""blank page (next scan)"", -1.56]]}}"
11011,194,non-document,NL-HaNA_1.04.02_11011_0732,NL-HaNA_1.04.02_11011_0732,1,gap,-3.833,-4.464,,,,,,
11011,195,unindexed,NL-HaNA_1.04.02_11011_0733,NL-HaNA_1.04.02_11011_0735,3,gap,0.22,0.882,,,,,,"{""kind"": ""unindexed"", ""boundary"": ""gap"", ""start"": {""filename"": ""NL-HaNA_1.04.02_11011_0733"", ""p_start"": 0.555, ""p_same_scan"": 0.002, ""header"": ""Compareerde voor ons Onderget:"", ""header_date"": """", ""header_date_across"": """", ""number"": null, ""text_start"": ""Compareerde voor ons Onderget: \ngecommitt:s uijt den E: Agtb:re Raad van Iustitie des Casteels de goede hoop Alexander Van Bengalen oud naar gissing dertig Jaar"", ""formulas"": """", ""best_toc_match"": """", ""why_start"": [[""previous page blank"", -2.97], [""text length differs from previous page"", 2.56], [""amount of text (previous scan)"", 2.02], [""how far down the page the text reaches (previous scan)"", 1.19]]}, ""end"": {""filename"": ""NL-HaNA_1.04.02_11011_0735"", ""p_end"": 0.707, ""signature"": ""de grandpreez"", ""signature_kind"": ""signed"", ""text_end"": ""j present /: is geteekent:/ a: p:s de Grandpreez secretaris /:in margine:/ Als Gecommitt:s /: en geteekent:/ r:t Tulbagh en D: Artois — Accordeert de grandpreez"", ""formulas"": ""closing formula, place and date at end"", ""why_end"": [[""text length differs from previous page (next scan)"", 2.96], [""amount of text (next scan)"", 2.78], [""no text (next scan)"", -2.16], [""blank page (next scan)"", -1.56]]}}"
11011,196,non-document,NL-HaNA_1.04.02_11011_0736,NL-HaNA_1.04.02_11011_0736,1,gap,-3.79,-5.141,,,,,,
11011,197,unindexed,NL-HaNA_1.04.02_11011_0737,NL-HaNA_1.04.02_11011_0739,3,gap,0.489,1.221,,,,,,"{""kind"": ""unindexed"", ""boundary"": ""gap"", ""start"": {""filename"": ""NL-HaNA_1.04.02_11011_0737"", ""p_start"": 0.62, ""p_same_scan"": 0.02, ""header"": """", ""header_date"": """", ""header_date_across"": """", ""number"": null, ""text_start"": ""Relaas gegeven ter requisitie van t den Heer Independ: fiscaal M:r Daniel van Den Henghel door Laurens van De Caab slaaf der E: Compg:e sijnde van de volgende i"", ""formulas"": """", ""best_toc_match"": """", ""why_start"": [[""previous page blank"", -2.97], [""text length differs from previous page"", 2.51], [""amount of text (previous scan)"", 2.02], [""how far down the page the text reaches (previous scan)"", 1.19]]}, ""end"": {""filename"": ""NL-HaNA_1.04.02_11011_0739"", ""p_end"": 0.772, ""signature"": ""P„r de Grandpreez"", ""signature_kind"": ""signed"", ""text_end"": ""present: /: is getekent:/ P:r de grandpreez secret.:s /:in margine:/ Als Gecommitt:s /: en i getekent :/ R:s Tulbagh en P: Artois. Accordeert. P„r de Grandpreez"", ""formulas"": ""closing formula, place and date at end"", ""why_end"": [[""amount of text (next scan)"", 2.78], [""text length differs from previous page (next scan)"", 2.78], [""no text (next scan)"", -2.16], [""blank page (next scan)"", -1.56]]}}"
11011,198,non-document,NL-HaNA_1.04.02_11011_0740,NL-HaNA_1.04.02_11011_0740,1,gap,-3.575,-4.315,,,,,,
11011,199,unindexed,NL-HaNA_1.04.02_11011_0741,NL-HaNA_1.04.02_11011_0741,1,gap,2.735,1.268,,,,,,"{""kind"": ""unindexed"", ""boundary"": ""gap"", ""start"": {""filename"": ""NL-HaNA_1.04.02_11011_0741"", ""p_start"": 0.939, ""p_same_scan"": 0.006, ""header"": ""Ter requisitie van den E: Heer ende Hr."", ""header_date"": """", ""header_date_across"": """", ""number"": null, ""text_start"": ""/:onderstond:/ \nTer requisitie van den E: Heer ende Hr. \nr Daniel Van Den Henghel Independ: fiscaal, ondergesz verklaaren wij eerste en tweede opperchirurgijns "", ""formulas"": ""closing formula, place and date at end"", ""best_toc_match"": """", ""why_start"": [[""previous page blank"", -2.97], [""text length differs from previous page"", 2.39], [""amount of text (previous scan)"", 2.02], [""how far down the page the text reaches (previous scan)"", 1.3]]}, ""end"": {""filename"": ""NL-HaNA_1.04.02_11011_0741"", ""p_end"": 0.78, ""signature"": """", ""signature_kind"": """", ""text_end"": ""tekent. — In 't E: Comp„ e Hospitaal aan Cabo de goedehoop Den 20 December 1735. /:was getekent:/ J:n V„n Schoor En: B: D S: Jean. — Accordeert J„ de grandpreez"", ""formulas"": ""closing formula, place and date at end"", ""why_end"": [[""text length differs from previous page (next scan)"", 2.84], [""amount of text (next scan)"", 2.78], [""no text (next scan)"", -2.16], [""blank page (next scan)"", -1.56]]}}"
11011,200,non-document,NL-HaNA_1.04.02_11011_0742,NL-HaNA_1.04.02_11011_0744,3,gap,-4.498,-4.799,,,,,,
11011,201,unindexed,NL-HaNA_1.04.02_11011_0745,NL-HaNA_1.04.02_11011_0748,4,gap,-0.786,3.396,,,,,,"{""kind"": ""unindexed"", ""boundary"": ""gap"", ""start"": {""filename"": ""NL-HaNA_1.04.02_11011_0745"", ""p_start"": 0.313, ""p_same_scan"": 0.002, ""header"": """", ""header_date"": """", ""header_date_across"": """", ""number"": null, ""text_start"": ""Alsoo uijt de Libere gerecolleerde Confessie van Aleaander Van Bengalen, slaaf van wijlen den Burger Hend:k. Thomass oud naar gissing dertig Iaaren, buijten pij"", ""formulas"": """", ""best_toc_match"": """", ""why_start"": [[""previous page blank"", -2.97], [""text length differs from previous page"", 2.66], [""amount of text (previous scan)"", 2.02], [""how far down the page the text reaches (previous scan)"", 1.18]]}, ""end"": {""filename"": ""NL-HaNA_1.04.02_11011_0748"", ""p_end"": 0.968, ""signature"": ""P„r de glandpreez Secred:s Accordeert"", ""signature_kind"": ""collation"", ""text_end"": ""mij present /:is getekent:/ I:s de grandpreez secret:s /:in margine:/ fiat Executie /:was getekent:/ Jan De La fontaine. — Accordeert P„r de glandpreez Secred:s"", ""formulas"": ""closing formula"", ""why_end"": [[""amount of text (next scan)"", 2.78], [""text length differs from previous page (next scan)"", 2.51], [""no text (next scan)"", -2.16], [""blank page (next scan)"", -1.56]]}}"
11011,202,non-document,NL-HaNA_1.04.02_11011_0749,NL-HaNA_1.04.02_11011_0756,8,gap,-5.954,-6.431,,,,,,
